province_name,district_name,lat,lon,avg_temp,avg_rain,treecover_pct,potential_treecover_pct,missing_treecover_pct
Adana,Aladağ,37.66664161425269,35.387781159274844,16.739615384615384,0.0,54.58,10,0.0
Adana,Ceyhan,37.01188762408269,35.768197774868256,19.804076923076924,0.0,0.05,10,9.95
Adana,Feke,37.87149501654729,35.82175412166473,10.716615384615384,0.0,15.07,10,0.0
Adana,Karaisali,37.25914702378393,35.14288805669741,12.239538461538462,0.0,8.33,10,1.67
Adana,Karataş,36.6759794496345,35.229132124491095,21.450076923076924,0.0,0.0,5,5.0
Adana,Kozan,37.53681464962676,35.840943226510305,16.739615384615384,0.0,0.59,10,9.41
Adana,Pozantı,37.54648277891881,34.98430156975578,12.239538461538462,0.0,4.73,10,5.27
Adana,Saimbeyli,37.98900752876872,36.13436444012252,10.406,0.0,43.16,10,0.0
Adana,Seyhan,36.91276285694181,35.17898024007434,19.747307692307693,0.0,0.0,10,10.0
Adana,Tufanbeyli,38.27092830135996,36.2612424860836,8.506923076923076,0.0,0.0,10,10.0
Adana,Yumurtalık,36.710570748576025,35.61362903076997,21.224,0.0,0.23,5,4.77
Adana,Yüreğir,36.9702209447011,35.42196564547398,19.804076923076924,0.0,0.0,10,10.0
Adana,İmamoğlu,37.259450755722085,35.60816661152585,16.739615384615384,0.0,0.0,10,10.0
Adiyaman,Besni,37.58098423464698,37.9021105320502,17.38576923076923,0.0,0.0,10,10.0
Adiyaman,Gerger,38.02434275066536,38.99318871698758,13.909692307692309,0.0,0.0,10,10.0
Adiyaman,Gölbaşı,37.69827262449037,37.59807051058772,15.63653846153846,0.0,0.0,10,10.0
Adiyaman,Kahta,37.79951359683125,38.694339858723005,13.909692307692309,0.0,0.0,10,10.0
Adiyaman,Merkez,37.70841704317855,38.261284947937625,17.38576923076923,0.0,0.0,10,10.0
Adiyaman,Samsat,37.56570577274376,38.49118352181627,17.808384615384618,0.0,0.0,10,10.0
Adiyaman,Sincik,38.040170204711785,38.55041496078256,13.909692307692309,0.0,0.23,10,9.77
Adiyaman,Tut,37.79475172793583,37.9227827564413,11.455461538461538,0.0,0.07,10,9.93
Adiyaman,Çelikhan,38.05858677551078,38.32101454195479,11.455461538461538,0.0,0.0,10,10.0
Afyon,Bayat,39.025107370010666,30.925424100508373,10.588384615384616,0.0,0.0,10,10.0
Afyon,Başmakçı,37.867487273557046,30.009480465472784,13.137692307692308,0.0,0.56,10,9.44
Afyon,Bolvadin,38.77491246418936,31.219356309714343,11.632307692307691,0.0,0.0,10,10.0
Afyon,Dazkırı,37.91931503587757,29.78324080300375,13.137692307692308,0.0,0.0,10,10.0
Afyon,Dinar,38.13963427758678,30.25053730612807,13.137692307692308,0.0,0.0,10,10.0
Afyon,Emirdağ,39.02826857126863,31.340214629467827,11.632307692307691,0.0,0.0,10,10.0
Afyon,Evciler,38.03260230243983,29.87117521274364,13.137692307692308,0.0,0.0,10,10.0
Afyon,Hocalar,38.580242283688726,29.949283400245346,11.443076923076925,0.0,0.0,10,10.0
Afyon,Kızılören,38.26199409344205,30.15600167051217,11.443076923076925,0.0,0.0,10,10.0
Afyon,Merkez,38.7853757954168,30.536704399875862,10.588384615384616,0.0,0.0,10,10.0
Afyon,Sandıklı,38.45140090878305,30.180279604536608,11.443076923076925,0.0,0.0,10,10.0
Afyon,Sincanlı,38.74613600480689,30.254204005116105,11.443076923076925,0.0,0.75,10,9.25
Afyon,Sultandağı,38.607430862405145,31.414961415445124,11.299076923076925,0.0,0.0,10,10.0
Afyon,Çay,38.52005533784735,30.98298966884557,11.299076923076925,0.0,0.0,10,10.0
Afyon,Çobanlar,38.68505194274979,30.8276650025872,11.100923076923078,0.0,0.0,10,10.0
Afyon,İhsaniye,39.02955785163041,30.469943449400898,10.588384615384616,0.0,0.0,10,10.0
Afyon,İscehisar,38.92538934713586,30.78299356919825,10.588384615384616,0.0,0.0,10,10.0
Afyon,Şuhut,38.45333192690092,30.60005269792468,11.100923076923078,0.0,0.0,10,10.0
Agri,Diyadin,39.47784231622719,43.61747733837812,7.122692307692307,0.0,0.0,10,10.0
Agri,Doğubeyazıt,39.57772620465168,44.0361939897038,7.122692307692307,0.0,0.0,10,10.0
Agri,Eleşkirt,39.82510285619879,42.691230264416106,6.104769230769231,0.0,0.0,10,10.0
Agri,Hamur,39.50133553495088,43.08810174876008,6.332769230769231,0.0,0.0,10,10.0
Agri,Merkez,39.81191794435278,43.17243541088944,6.893307692307692,0.0,0.0,10,10.0
Agri,Patnos,39.21661251611671,42.91331429708272,9.91876923076923,0.0,0.0,10,10.0
Agri,Taşlıçay,39.58959087812761,43.38477277992072,6.332769230769231,0.0,0.0,10,10.0
Agri,Tutak,39.50821002149996,42.72018174758034,8.159846153846155,0.0,1.37,10,8.629999999999999
Aksaray,Ağaçören,38.65139432761589,33.840663178323666,12.95130769230769,0.0,0.0,10,10.0
Aksaray,Eskil,38.21935992680877,33.422025001399746,12.38623076923077,0.0,0.0,10,10.0
Aksaray,Gülağaç,38.36295091512031,34.320609678027004,11.483692307692309,0.0,0.0,10,10.0
Aksaray,Güzelyurt,38.23092826804516,34.32282038107879,10.965461538461538,0.0,0.0,10,10.0
Aksaray,Merkez,38.284408606216736,33.86553589635082,12.95130769230769,0.0,0.0,10,10.0
Aksaray,Ortaköy,38.61718846424526,34.13302931631731,11.483692307692309,0.0,0.0,10,10.0
Aksaray,Sarıyahşi,38.85773237788003,34.037252769632495,12.073692307692308,0.0,0.0,10,10.0
Amasya,Göynücek,40.35867238447269,35.538375598933854,11.840923076923078,0.0,12.33,10,0.0
Amasya,Gümüşhacıköy,40.909698544032864,35.21062233479086,10.71046153846154,0.0,0.0,10,10.0
Amasya,Hamamözü,40.76004829681186,35.12070432415393,10.71046153846154,0.0,81.68,10,0.0
Amasya,Merkez,40.608305141592574,35.897315177085645,11.840923076923078,0.0,0.0,10,10.0
Amasya,Merzifon,40.81784169512704,35.45417707392841,11.096384615384617,0.0,0.0,10,10.0
Amasya,Suluova,40.77809402019211,35.74691043699064,11.096384615384617,0.0,0.0,10,10.0
Amasya,Taşova,40.7649725578992,36.28549777548066,11.876615384615384,0.0,0.0,10,10.0
Ankara,Akyurt,40.06083150250431,33.16136031074967,10.793923076923075,0.0,0.0,10,10.0
Ankara,Altındağ,39.983391752880046,32.99614538832616,10.793923076923075,0.0,0.0,10,10.0
Ankara,Ayaş,40.00834633116306,32.291128093221246,11.67453846153846,0.0,0.0,10,10.0
Ankara,Bala,39.50941940602818,33.09593000372795,11.650384615384615,0.0,0.0,10,10.0
Ankara,Beypazarı,40.14862692150746,31.92869130103712,11.950384615384616,0.0,0.0,10,10.0
Ankara,Elmadağ,39.877574921492126,33.30015144879477,10.793923076923075,0.0,0.91,10,9.09
Ankara,Etimesgut,39.910108075926935,32.62595591899054,11.67453846153846,0.0,0.0,10,10.0
Ankara,Evren,38.97881429988725,33.822783442093375,12.073692307692308,0.0,0.0,10,10.0
Ankara,Gölbaşı,39.64262116121575,32.81282201919034,11.650384615384615,0.0,0.0,10,10.0
Ankara,Güdül,40.214076700269146,32.241936758790615,11.67453846153846,0.0,0.0,10,10.0
Ankara,Haymana,39.3185192771997,32.59356523139481,11.80507692307692,0.0,0.0,10,10.0
Ankara,Kalecik,40.15854406716938,33.4550388144467,11.861307692307694,0.0,0.0,10,10.0
Ankara,Kazan,40.14352830725688,32.649665570911395,11.67453846153846,0.0,0.0,10,10.0
Ankara,Keçiören,40.05386004648713,32.8264983455073,10.793923076923075,0.0,0.0,10,10.0
Ankara,Kızılcahamam,40.44366479041166,32.66369741089628,8.673538461538461,0.0,23.4,10,0.0
Ankara,Mamak,39.8676408733446,33.0102161889436,10.793923076923075,0.0,0.0,10,10.0
Ankara,Nallıhan,40.1817599533106,31.31642733462549,11.665692307692307,0.0,6.68,10,3.3200000000000003
Ankara,Polatlı,39.51473840231554,32.16931883763952,12.16376923076923,0.0,0.0,10,10.0
Ankara,Sincan,39.95395828425514,32.50073789721857,11.67453846153846,0.0,0.0,10,10.0
Ankara,Yenimahalle,39.88426464534916,32.656541104633305,11.67453846153846,0.0,0.0,10,10.0
Ankara,Çamlıdere,40.46454722820688,32.44177848760462,8.673538461538461,0.0,2.07,10,7.93
Ankara,Çankaya,39.87827862418089,32.83355417906906,10.793923076923075,0.0,0.0,10,10.0
Ankara,Çubuk,40.26714035972231,33.023156870220085,9.277692307692307,0.0,0.0,10,10.0
Ankara,Şultan Koçhisar,38.95369175839502,33.54901653806994,12.073692307692308,0.0,0.0,10,10.0
Antalya,Akseki,37.05337569574966,31.84793022353168,12.45653846153846,0.0,0.0,10,10.0
Antalya,Alanya,36.58755447429034,32.20195394994232,13.28976923076923,0.0,12.96,10,0.0
Antalya,Elmalı,36.73600392488861,29.888323981747423,14.793307692307692,0.0,0.0,10,10.0
Antalya,Finike,36.433421276640615,30.030913037455424,14.793307692307692,0.0,0.0,10,10.0
Antalya,Gazipaşa,36.324611298064006,32.48116908352812,13.28976923076923,0.0,47.36,10,0.0
Antalya,Gündoğmuş,36.82195222023363,32.07490729446956,12.45653846153846,0.0,42.22,10,0.0
Antalya,Kale,36.27521195349218,29.91074540485377,14.793307692307692,0.0,38.4,10,0.0
Antalya,Kaş,36.38076218333008,29.59879260959424,17.102461538461537,0.0,11.96,10,0.0
Antalya,Kemer,36.53692594043173,30.47499352810554,19.762538461538465,0.0,38.91,10,0.0
Antalya,Korkuteli,37.052451088405626,30.17773457501594,11.057230769230769,0.0,0.0,10,10.0
Antalya,Kumluca,36.52403466324749,30.285552538674835,14.793307692307692,0.0,24.42,10,0.0
Antalya,Manavgat,37.02317371687421,31.369192334049977,17.20092307692308,0.0,36.43,10,0.0
Antalya,Merkez,36.9786028896458,30.636246147678914,17.901615384615386,0.0,0.62,10,9.38
Antalya,Serik,37.09598692978779,31.01540241806837,17.20092307692308,0.0,16.9,10,0.0
Antalya,İbradi,37.14851236840038,31.562885254674363,12.45653846153846,0.0,0.0,10,10.0
Ardahan,Damal,41.36154681558827,42.84665621766167,5.827230769230769,0.0,0.0,10,10.0
Ardahan,Göle,40.83735017508182,42.62810865420469,4.712692307692308,0.0,0.0,5,5.0
Ardahan,Hanak,41.26082553068453,42.77275395307841,6.276076923076923,0.0,0.0,10,10.0
Ardahan,Merkez,41.06458364029876,42.69550814036295,4.712692307692308,0.0,0.0,5,5.0
Ardahan,Posof,41.46922105274512,42.68965833449572,6.276076923076923,0.0,0.0,10,10.0
Ardahan,Çıldır,41.15692433888374,43.096649142856286,4.444461538461538,0.0,3.69,5,1.31
Artvin,Ardanuç,41.08845699117457,42.139992832460976,6.739384615384616,0.0,2.46,10,7.54
Artvin,Arhavi,41.234358992715286,41.354120682807874,6.339384615384615,0.0,86.83,10,0.0
Artvin,Borçka,41.38063140246368,41.78063321095909,10.986538461538462,0.0,91.96,10,0.0
Artvin,Hopa,41.39857627073446,41.47175452158588,16.857999999999997,0.0,59.95,10,0.0
Artvin,Merkez,41.143545773569386,41.82901130223146,6.739384615384616,0.0,26.75,10,0.0
Artvin,Murgul,41.19840028946911,41.53577204382872,6.339384615384615,0.0,91.3,10,0.0
Artvin,Yusufeli,40.832995051529046,41.580932988190895,6.739384615384616,0.0,64.99,10,0.0
Artvin,Şavşat,41.32293418726509,42.30327959855192,6.276076923076923,0.0,35.19,10,0.0
Aydin,Bozdoğan,37.666451459721365,28.41058689511569,15.995461538461536,0.0,0.0,10,10.0
Aydin,Buharkent,37.99635726879021,28.79191954779428,15.060692307692308,0.0,10.6,10,0.0
Aydin,Didim,37.43872549178572,27.306272881738938,18.246615384615385,0.0,0.14,10,9.86
Aydin,Germencik,37.89078950931182,27.558021996713787,17.42823076923077,0.0,0.07,10,9.93
Aydin,Karacasu,37.73597394836834,28.677807129558605,14.587153846153845,0.0,0.0,10,10.0
Aydin,Karpuzlu,37.54116061913673,27.81128830620832,18.246615384615385,0.0,3.38,10,6.62
Aydin,Koçarlı,37.69146602471111,27.692614036388225,18.246615384615385,0.0,60.31,10,0.0
Aydin,Kuyucak,37.95516177755434,28.64135225677836,15.060692307692308,0.0,0.0,10,10.0
Aydin,Kuşadası,37.8081319155238,27.31028066834257,17.42823076923077,0.0,0.17,10,9.83
Aydin,Köşk,37.94265578572072,28.106744916294183,15.998384615384614,0.0,0.0,10,10.0
Aydin,Merkez,37.86075951401231,27.948734337676992,15.998384615384614,0.0,2.32,10,7.68
Aydin,Nazilli,37.96473526911057,28.43721646850949,15.998384615384614,0.0,0.0,10,10.0
Aydin,Sultanhisar,37.92034779543816,28.231412165090305,15.998384615384614,0.0,1.07,10,8.93
Aydin,Söke,37.647109966191024,27.384176272092937,18.246615384615385,0.0,3.86,10,6.140000000000001
Aydin,Yenipazar,37.7914172872304,28.195918284164623,15.998384615384614,0.0,7.21,10,2.79
Aydin,Çine,37.61060540977861,28.03408165824508,15.995461538461536,0.0,0.07,10,9.93
Aydin,İncirliova,37.8822378565446,27.74127118760321,17.42823076923077,0.0,34.67,10,0.0
Balikesir,Ayvalık,39.28466087583266,26.792423761682542,15.716230769230767,0.0,0.0,10,10.0
Balikesir,Balya,39.78847988083118,27.57191199218876,14.640384615384615,0.0,4.09,10,5.91
Balikesir,Bandırma,40.27576757832982,27.99025271685525,16.112615384615385,0.0,0.0,10,10.0
Balikesir,Bigadiç,39.41755345537736,28.221024615823275,14.068692307692308,0.0,13.3,10,0.0
Balikesir,Burhaniye,39.45920996324414,27.02603342384482,15.716230769230767,0.0,14.3,10,0.0
Balikesir,Dursunbey,39.51932445034296,28.63440987235684,12.234923076923076,0.0,4.58,10,5.42
Balikesir,Edremit,39.67256717145215,26.936136500967603,15.716230769230767,0.0,91.3,10,0.0
Balikesir,Erdek,40.46009732666961,27.85331402063123,16.112615384615385,0.0,94.09,10,0.0
Balikesir,Gömeç,39.37739701505705,26.91375543929803,15.716230769230767,0.0,25.31,10,0.0
Balikesir,Gönen,40.11830801899844,27.649882885351342,14.640384615384615,0.0,0.3,10,9.7
Balikesir,Havran,39.60364307800635,27.20732911027484,14.071692307692308,0.0,71.62,10,0.0
Balikesir,Kepsut,39.69367118029154,28.24739263244854,14.068692307692308,0.0,82.72,10,0.0
Balikesir,Manyas,40.04799126617292,27.93686534874738,15.04353846153846,0.0,32.17,10,0.0
Balikesir,Marmara,40.585202255536935,27.60406049315168,16.123153846153848,0.0,24.15,10,0.0
Balikesir,Merkez,39.63927431501591,27.86980579209771,14.068692307692308,0.0,0.0,10,10.0
Balikesir,Savaştepe,39.44011441832669,27.64335058865109,14.071692307692308,0.0,0.0,10,10.0
Balikesir,Susurluk,39.90541501642517,28.1324834439502,15.04353846153846,0.0,40.06,10,0.0
Balikesir,Sındırgı,39.222190787600496,28.262462628161344,14.494384615384616,0.0,1.11,10,8.89
Balikesir,İvrindi,39.52020781909714,27.42219769391825,14.071692307692308,0.0,0.91,10,9.09
Bartın,Amasra,41.69962438705989,32.39816122067383,12.009076923076922,0.0,0.0,10,10.0
Bartın,Kurucaşile,41.77097556484541,32.60701297194384,15.63623076923077,0.0,25.31,10,0.0
Bartın,Merkez,41.51995871820567,32.35264385246661,12.009076923076922,0.0,2.16,10,7.84
Bartın,Ulus,41.49845072851228,32.62726106699648,12.009076923076922,0.0,0.86,10,9.14
Batman,Beşiri,37.90578816185334,41.41578840592358,16.702076923076923,0.0,0.0,10,10.0
Batman,Gercüş,37.646208635038064,41.32341591074757,16.631076923076925,0.0,0.0,10,10.0
Batman,Hasankeyf,37.7209098769813,41.53311306910117,16.631076923076925,0.0,0.0,10,10.0
Batman,Kozluk,38.184063339961206,41.47414634410836,16.702076923076923,0.0,0.0,10,10.0
Batman,Merkez,37.84771126621445,41.21536293987241,16.702076923076923,0.0,0.0,10,10.0
Batman,Sason,38.3943554434389,41.4281983243224,12.353076923076925,0.0,0.0,10,10.0
Bayburt,Aydıntepe,40.40667921617266,40.15511795744583,4.144692307692308,0.0,0.0,5,5.0
Bayburt,Demirözü,40.08685141603207,39.84707324466413,6.764538461538462,0.0,0.0,10,10.0
Bayburt,Merkez,40.2352630521446,40.31728489231579,6.183999999999999,0.0,0.0,10,10.0
Bilecik,Bozüyük,39.84992848888314,29.925561875402074,12.113923076923076,0.0,3.89,10,6.109999999999999
Bilecik,Gölpazarı,40.28690173180294,30.32822269585516,11.42753846153846,0.0,0.0,10,10.0
Bilecik,Merkez,40.1837370283268,29.950545143641925,12.113923076923076,0.0,0.0,10,10.0
Bilecik,Osmaneli,40.39133380080488,29.984592922439184,12.633230769230767,0.0,0.15,10,9.85
Bilecik,Pazaryeri,40.02805292032088,29.836646567904165,12.113923076923076,0.0,0.0,10,10.0
Bilecik,Söğüt,40.03626354266386,30.22700251571993,12.113923076923076,0.0,0.0,10,10.0
Bilecik,Yenipazar,40.22256868135607,30.562069341546472,11.74946153846154,0.0,0.41,10,9.59
Bilecik,İnhisar,40.054477028029766,30.43329126784049,11.74946153846154,0.0,0.0,10,10.0
Bingöl,Adaklı,39.265352976556414,40.59994391949918,6.274153846153846,0.0,0.0,10,10.0
Bingöl,Genç,38.67999604907165,40.67194136696366,13.295615384615385,0.0,0.0,10,10.0
Bingöl,Karlıova,39.28813763980579,40.97943516388019,5.568923076923077,0.0,0.0,10,10.0
Bingöl,Kiğı,39.280683666876456,40.34613229747032,6.274153846153846,0.0,0.0,10,10.0
Bingöl,Merkez,38.95653538140768,40.5767001518924,9.260384615384616,0.0,0.0,10,10.0
Bingöl,Solhan,38.94082309267707,41.08241219833148,9.119307692307691,0.0,0.05,10,9.95
Bingöl,Yayladere,39.21425852114746,40.13903738595207,10.90576923076923,0.0,4.64,10,5.36
Bingöl,Yedisu,39.45507218598347,40.64170454260995,6.274153846153846,0.0,0.0,10,10.0
Bitlis,Adilcevaz,38.84378505707948,42.88409050112477,9.91876923076923,0.0,0.0,10,10.0
Bitlis,Ahlat,38.8080426986623,42.33104847259745,8.697384615384616,0.0,0.0,10,10.0
Bitlis,Güroymak,38.58513433949118,42.06813446575023,10.140153846153847,0.0,0.0,10,10.0
Bitlis,Hizan,38.17296920802111,42.57945685936583,10.769769230769231,0.0,0.0,10,10.0
Bitlis,Merkez,38.30170763734375,42.086734338299166,10.140153846153847,0.0,0.0,10,10.0
Bitlis,Mutki,38.42641169336891,41.781486870676034,10.140153846153847,0.0,13.22,10,0.0
Bitlis,Tatvan,38.51799967914113,42.51828497560248,9.85576923076923,0.0,0.0,10,10.0
Bolu,Dörtdivan,40.62557023633769,32.015302273920305,8.989923076923077,0.0,37.84,10,0.0
Bolu,Gerede,40.67750222558938,32.289424493167886,8.673538461538461,0.0,59.1,10,0.0
Bolu,Göynük,40.35526736058966,30.831437477465787,11.42753846153846,0.0,31.19,10,0.0
Bolu,Kıbrıscık,40.45772979471433,31.88822325927627,8.989923076923077,0.0,57.57,10,0.0
Bolu,Mengen,40.93990906222086,31.990957250994988,11.059461538461536,0.0,89.31,10,0.0
Bolu,Merkez,40.72073195594632,31.673141976646576,8.989923076923077,0.0,0.0,10,10.0
Bolu,Mudurnu,40.51828726530535,31.21715317657329,9.995692307692307,0.0,0.0,10,10.0
Bolu,Seben,40.43696945302324,31.584044874139128,8.989923076923077,0.0,0.0,10,10.0
Bolu,Yeniçağa,40.80937533872298,31.99219570377489,11.059461538461536,0.0,24.37,10,0.0
Burdur,Altınyayla,37.04173890420034,29.5441406747095,12.564615384615385,0.0,11.01,10,0.0
Burdur,Ağlasun,37.631947177072746,30.593209660332683,13.294538461538462,0.0,1.65,10,8.35
Burdur,Bucak,37.37859072254869,30.58877637477481,13.294538461538462,0.0,13.7,10,0.0
Burdur,Gölhisar,37.18845572099243,29.52214544826325,12.564615384615385,0.0,0.0,10,10.0
Burdur,Karamanlı,37.40390578319255,29.85091477079453,12.424923076923076,0.0,0.0,10,10.0
Burdur,Kemer,37.37395018368012,30.10481044785544,12.424923076923076,0.0,0.0,10,10.0
Burdur,Merkez,37.62821741796972,30.226163400073304,12.424923076923076,0.0,0.0,10,10.0
Burdur,Tefenni,37.2930474558543,29.773586929586024,12.424923076923076,0.0,0.0,10,10.0
Burdur,Yeşilova,37.59087483186178,29.78477474607546,12.424923076923076,0.0,0.0,10,10.0
Burdur,Çavdır,37.12999289460608,29.71940604797144,11.057230769230769,0.0,0.0,10,10.0
Burdur,Çeltikçi,37.544296263046704,30.446935392977203,13.294538461538462,0.0,3.41,10,6.59
Bursa,Büyükorhan,39.74222592946965,28.84076119702224,12.234923076923076,0.0,23.27,10,0.0
Bursa,Gemlik,40.43308628997939,29.15077065434237,14.389,0.0,0.0,10,10.0
Bursa,Gürsu,40.26506435710233,29.179195644003936,14.389,0.0,0.0,10,10.0
Bursa,Harmancık,39.654208919373616,29.110398587566632,11.656538461538462,0.0,61.33,10,0.0
Bursa,Karacabey,40.2506147447206,28.366260752503567,16.112615384615385,0.0,0.07,10,9.93
Bursa,Keles,39.89087917800992,29.222322089412927,11.155153846153846,0.0,35.15,10,0.0
Bursa,Kestel,40.189204642800526,29.25484189721345,11.155153846153846,0.0,11.1,10,0.0
Bursa,Mudanya,40.329420837948334,28.76125777747832,15.650846153846151,0.0,0.22,10,9.78
Bursa,Mustafa Kemalpaşa,39.975895156889386,28.512530197711737,13.676846153846151,0.0,31.78,10,0.0
Bursa,Nilüfer,40.22204261687022,28.890598728375533,13.676846153846151,0.0,0.0,10,10.0
Bursa,Orhaneli,39.92629502402387,28.916652404445635,13.676846153846151,0.0,33.83,10,0.0
Bursa,Orhangazi,40.46876919313118,29.350114594256453,14.389,0.0,0.0,10,10.0
Bursa,Osmangazi,40.081832405102254,29.07018973707085,11.155153846153846,0.0,24.81,10,0.0
Bursa,Yenişehir,40.280319560486575,29.591409411245856,14.389,0.0,0.0,10,10.0
Bursa,Yıldırım,40.18449058904989,29.08512512822974,11.155153846153846,0.0,0.0,10,10.0
Bursa,İnegöl,40.0349870607832,29.522770543575465,11.155153846153846,0.0,0.53,10,9.47
Bursa,İznik,40.489658157507016,29.681730234274216,14.389,0.0,0.7,10,9.3
Denizli,Acıpayam,37.33933383939545,29.33396507387319,12.531615384615383,0.0,19.35,10,0.0
Denizli,Akköy,37.94103850464806,29.086027955019617,14.447,0.0,0.0,10,10.0
Denizli,Babadağ,37.77111400029565,28.898037396240795,15.060692307692308,0.0,29.73,10,0.0
Denizli,Baklan,37.92459317400562,29.54562852887636,14.447,0.0,0.0,10,10.0
Denizli,Bekilli,38.18746994776894,29.436349283272563,14.447,0.0,0.0,10,10.0
Denizli,Beyağaç,37.24500268960412,28.9225463583052,17.18169230769231,0.0,0.0,10,10.0
Denizli,Bozkurt,37.740664155312416,29.541026087153085,12.531615384615383,0.0,8.2,10,1.8000000000000007
Denizli,Buldan,38.09587092586782,28.876152875964728,15.060692307692308,0.0,0.0,10,10.0
Denizli,Güney,38.142722497048815,29.063872953575608,14.447,0.0,1.51,10,8.49
Denizli,Honaz,37.734171775458215,29.329039908395,12.531615384615383,0.0,48.68,10,0.0
Denizli,Kale,37.43766297456657,28.74912834300417,14.587153846153845,0.0,9.6,10,0.40000000000000036
Denizli,Merkez,37.79372417019381,29.13234088059556,14.447,0.0,1.14,10,8.86
Denizli,Sarayköy,37.89836458698163,28.912885148733352,15.060692307692308,0.0,0.0,10,10.0
Denizli,Serinhisar,37.552817219173086,29.28114095769856,12.531615384615383,0.0,0.0,10,10.0
Denizli,Tavas,37.46421051239274,29.01421998591196,14.587153846153845,0.0,0.0,10,10.0
Denizli,Çal,38.02226458442735,29.352446079966764,14.447,0.0,0.0,10,10.0
Denizli,Çameli,37.01755459625872,29.233624784482405,12.564615384615385,0.0,0.0,10,10.0
Denizli,Çardak,37.75051688722983,29.69483873165797,13.137692307692308,0.0,0.0,10,10.0
Denizli,Çivril,38.22227530807361,29.778093222564102,13.137692307692308,0.0,0.0,10,10.0
Diyarbakir,Bismil,37.89940003676535,40.80332630683015,17.076615384615387,0.0,0.0,10,10.0
Diyarbakir,Dicle,38.38247131903288,40.11464178817592,13.28323076923077,0.0,0.0,10,10.0
Diyarbakir,Ergani,38.15919877423429,39.75665517759505,16.032384615384615,0.0,0.0,10,10.0
Diyarbakir,Eğil,38.216758677039486,40.139863645280656,16.032384615384615,0.0,0.0,10,10.0
Diyarbakir,Hani,38.39594303975099,40.42532191536514,13.295615384615385,0.0,0.0,10,10.0
Diyarbakir,Hazro,38.26052010485517,40.783690953678175,13.295615384615385,0.0,0.0,10,10.0
Diyarbakir,Kocaköy,38.25372461152036,40.53853481913383,13.295615384615385,0.0,0.0,10,10.0
Diyarbakir,Kulp,38.51204705807711,41.141721602528456,12.353076923076925,0.0,0.0,10,10.0
Diyarbakir,Lice,38.46391255755479,40.68807787732522,13.295615384615385,0.0,0.0,10,10.0
Diyarbakir,Merkez,38.01102471080012,40.21933226021625,16.032384615384615,0.0,53.16,10,0.0
Diyarbakir,Silvan,38.16098998503084,40.98316542366104,16.702076923076923,0.0,0.0,10,10.0
Diyarbakir,Çermik,38.088946634460925,39.4631838299742,14.958000000000002,0.0,0.0,10,10.0
Diyarbakir,Çüngüş,38.26689127466445,39.30862010536757,13.658076923076925,0.0,0.15,10,9.85
Diyarbakir,Çınar,37.71254949092104,40.18711926362229,16.235846153846154,0.0,0.0,10,10.0
Düzce,Akçakoca,41.045781575012136,31.20331535525017,13.208153846153843,0.0,95.9,10,0.0
Düzce,Cumayeri,40.91700443544357,30.97827017838317,13.208153846153843,0.0,94.28,10,0.0
Düzce,Gölyaka,40.7516337344745,31.044692126761472,13.208153846153843,0.0,91.56,10,0.0
Düzce,Gümüşova,40.840283603853095,30.9661187582642,13.208153846153843,0.0,3.96,10,6.04
Düzce,Kaynaşlı,40.73727736076305,31.27653756299408,9.995692307692307,0.0,83.57,10,0.0
Düzce,Merkez,40.89086619807287,31.26042024552148,13.208153846153843,0.0,79.75,10,0.0
Düzce,Yığılca,40.96771380981594,31.53337582131661,13.208153846153843,0.0,33.75,10,0.0
Düzce,Çilimli,40.909439777811,31.09261505945621,13.208153846153843,0.0,49.46,10,0.0
Edirne,Enez,40.68357304504882,26.20099290352894,16.725692307692306,0.0,0.07,10,9.93
Edirne,Havsa,41.56683790153863,26.83926846426524,14.63053846153846,0.0,0.0,10,10.0
Edirne,Keşan,40.79108325519056,26.57759425860664,14.798153846153848,0.0,0.0,10,10.0
Edirne,Lalapaşa,41.90005539069267,26.76384026445056,13.205615384615385,0.0,0.0,10,10.0
Edirne,Meriç,41.18595682542997,26.430161618688413,15.526846153846154,0.0,0.07,10,9.93
Edirne,Merkez,41.69692646782676,26.58610117041742,14.63053846153846,0.0,0.21,10,9.79
Edirne,Süleoğlu,41.79834487990778,26.887079499801484,13.205615384615385,0.0,0.0,10,10.0
Edirne,Uzunköprü,41.23960793303152,26.72005901476388,14.798153846153848,0.0,0.0,10,10.0
Edirne,İpsala,40.92567377527445,26.40286467108213,15.526846153846154,0.0,0.04,10,9.96
Elazığ,Alacakaya,38.50053253041583,39.85328384188119,13.28323076923077,0.0,0.0,10,10.0
Elazığ,Aricak,38.5449679461262,40.13652506034392,13.28323076923077,0.0,0.0,10,10.0
Elazığ,Ağın,38.936466589585024,38.696779330751454,12.392615384615386,0.0,0.0,10,10.0
Elazığ,Baskil,38.56088294896374,38.64336950938127,13.138538461538465,0.0,0.0,10,10.0
Elazığ,Karakoçan,38.99503194877698,40.11136508785218,10.90576923076923,0.0,0.0,10,10.0
Elazığ,Keban,38.76359890770932,38.75631265855217,12.392615384615386,0.0,0.0,10,10.0
Elazığ,Kovancılar,38.74977258541836,39.8337368411011,13.28323076923077,0.0,0.0,10,10.0
Elazığ,Maden,38.45017084855697,39.56469161870266,13.658076923076925,0.0,0.0,10,10.0
Elazığ,Merkez,38.66470595655887,39.20746626635856,13.658076923076925,0.0,0.0,10,10.0
Elazığ,Palu,38.683891493216144,40.071355126229285,13.28323076923077,0.0,1.86,10,8.14
Elazığ,Sivrice,38.42114193139631,39.12886769213131,13.658076923076925,0.0,0.0,10,10.0
Erzincan,Kemah,39.60381991193078,39.02807984171855,9.009769230769232,0.0,0.0,10,10.0
Erzincan,Kemaliye,39.22161286874497,38.597820713163976,12.392615384615386,0.0,1.04,10,8.96
Erzincan,Merkez,39.709070470902674,39.46140511571247,5.720615384615384,0.0,0.0,10,10.0
Erzincan,Otlukbeli,39.98395877449107,40.09016155507552,6.764538461538462,0.0,0.0,10,10.0
Erzincan,Refahiye,39.87494518479539,38.75901587965283,7.114538461538461,0.0,0.0,10,10.0
Erzincan,Tercan,39.70640038835201,40.35403373045475,6.274153846153846,0.0,0.0,10,10.0
Erzincan,Çayırlı,39.81310673034024,39.93193177634769,6.764538461538462,0.0,0.0,10,10.0
Erzincan,Üzümlü,39.6721184494603,39.83522287347834,7.342692307692308,0.0,0.0,10,10.0
Erzincan,İliç,39.52388791883921,38.5666157668834,9.009769230769232,0.0,0.0,10,10.0
Erzurum,Aşkale,39.9151418337412,40.63284600712492,6.183999999999999,0.0,0.0,10,10.0
Erzurum,Horasan,40.03768146720374,42.20933963497644,6.104769230769231,0.0,0.0,10,10.0
Erzurum,Hınıs,39.35478320127616,41.71943713681075,6.739692307692307,0.0,0.0,10,10.0
Erzurum,Ilıca,40.06051189027708,40.96586411948908,4.961230769230769,0.0,0.0,5,5.0
Erzurum,Karayazı,39.64162796013903,42.1316745234716,6.739692307692307,0.0,0.0,10,10.0
Erzurum,Karaçoban,39.32701052554236,42.04459222035834,6.739692307692307,0.0,0.0,10,10.0
Erzurum,Köprüköy,39.93353079704202,41.93307892221484,6.394384615384615,0.0,0.0,10,10.0
Erzurum,Merkez,40.01693654095463,41.29563965599053,4.961230769230769,0.0,0.0,5,5.0
Erzurum,Narman,40.30387369662182,41.876795644186885,5.915461538461539,0.0,0.0,10,10.0
Erzurum,Oltu,40.54118481933966,41.9584050237501,5.915461538461539,0.0,0.0,10,10.0
Erzurum,Olur,40.849712765087446,42.145239424823885,6.739384615384616,0.0,0.0,10,10.0
Erzurum,Pasinler,40.00175713156368,41.65538810715601,6.394384615384615,0.0,0.0,10,10.0
Erzurum,Pazaryolu,40.44410649105653,40.65849911750096,4.714538461538462,0.0,0.22,5,4.78
Erzurum,Tekman,39.60753193621327,41.42922346825596,5.568923076923077,0.0,0.0,10,10.0
Erzurum,Tortum,40.37590453023648,41.39298011700696,4.3298461538461535,0.0,0.0,5,5.0
Erzurum,Uzundere,40.57650451547059,41.617590577405295,5.915461538461539,0.0,3.23,10,6.77
Erzurum,Çat,39.64434908406401,40.92674632515045,6.274153846153846,0.0,0.59,10,9.41
Erzurum,İspir,40.53903127305815,41.010440924012286,4.3298461538461535,0.0,22.04,5,0.0
Erzurum,Şenkaya,40.56645745377416,42.348716120422495,5.756846153846154,0.0,0.51,10,9.49
Eskisehir,Alpu,39.83988312055947,31.07249882759193,11.665692307692307,0.0,0.0,10,10.0
Eskisehir,Beylikova,39.7313679564012,31.28417813418209,11.65023076923077,0.0,0.0,10,10.0
Eskisehir,Günyüzü,39.4335074401434,31.874961295634886,12.16376923076923,0.0,0.0,10,10.0
Eskisehir,Han,39.21412280379657,30.78813344360013,10.588384615384616,0.0,0.0,10,10.0
Eskisehir,Mahmudiye,39.54338396933078,31.02808676975388,11.65023076923077,0.0,0.0,10,10.0
Eskisehir,Merkez,39.76893817537347,30.586076717492112,11.74946153846154,0.0,0.0,10,10.0
Eskisehir,Mihalgazi,40.01225192040028,30.615698309231338,11.74946153846154,0.0,24.88,10,0.0
Eskisehir,Mihalıçcık,39.87486384265517,31.53077474630881,11.665692307692307,0.0,24.17,10,0.0
Eskisehir,Sarıcakaya,40.09445525583495,30.71246732768952,11.74946153846154,0.0,21.62,10,0.0
Eskisehir,Seyitgazi,39.38052733519961,30.622506372961663,10.997615384615385,0.0,0.0,10,10.0
Eskisehir,Sivrihisar,39.40050425959527,31.544173630328824,11.65023076923077,0.0,0.0,10,10.0
Eskisehir,Çifteler,39.32468419460864,31.079276786337147,11.65023076923077,0.0,0.0,10,10.0
Eskisehir,İnönü,39.78025420854546,30.142653494305435,12.113923076923076,0.0,0.0,10,10.0
Gaziantep,Araban,37.43818854151698,37.79557725264918,15.63653846153846,0.0,0.0,10,10.0
Gaziantep,Karkamış,36.819220074033495,37.87956431534849,17.661153846153844,0.0,0.0,10,10.0
Gaziantep,Nizip,37.005112141082805,37.77127482802177,16.15107692307692,0.0,0.0,10,10.0
Gaziantep,Nurdağı,37.164145566714105,36.8617928569572,15.619615384615384,0.0,0.0,10,10.0
Gaziantep,Oğuzeli,36.83216573670972,37.53786597505074,16.15107692307692,0.0,0.0,10,10.0
Gaziantep,Yavuzeli,37.29676474471246,37.64446922572372,15.63653846153846,0.0,0.0,10,10.0
Gaziantep,İslahiye,36.978422767614965,36.68767500454448,15.619615384615384,0.0,0.0,10,10.0
Gaziantep,Şahinbey,36.9848777203703,37.27574881932845,16.15107692307692,0.0,0.0,10,10.0
Gaziantep,Şehitkamil,37.18123112482387,37.34805276457861,16.15107692307692,0.0,0.0,10,10.0
Giresun,Alucra,40.38300992492985,38.77761314507524,5.9338461538461535,0.0,0.0,10,10.0
Giresun,Bulancak,40.74680260913492,38.19549424051211,6.702692307692308,0.0,74.26,10,0.0
Giresun,Dereli,40.61246224068168,38.41243565736755,6.702692307692308,0.0,96.02,10,0.0
Giresun,Doğankent,40.75586227509237,38.94067236805108,14.592692307692309,0.0,88.36,10,0.0
Giresun,Espiye,40.87274118614263,38.73074961805524,14.592692307692309,0.0,80.84,10,0.0
Giresun,Eynesil,40.99567250576602,39.10455368617882,13.575153846153848,0.0,54.68,10,0.0
Giresun,Görele,40.93177975042658,38.85131419626621,14.592692307692309,0.0,41.89,10,0.0
Giresun,Güce,40.66755698293265,38.80471169514468,5.9338461538461535,0.0,0.0,10,10.0
Giresun,Keşap,40.85842518009639,38.55598510480113,14.592692307692309,0.0,80.68,10,0.0
Giresun,Merkez,40.80986585295606,38.38389637189282,14.784692307692309,0.0,59.0,10,0.0
Giresun,Piraziz,40.85906200672639,38.12087716720453,14.784692307692309,0.0,69.8,10,0.0
Giresun,Tirebolu,40.96485667487345,39.00478628619495,14.592692307692309,0.0,64.73,10,0.0
Giresun,Yağlıdere,40.75016807456692,38.68191738035266,14.592692307692309,0.0,72.12,10,0.0
Giresun,Çamoluk,40.12768903921624,38.76856973995934,7.114538461538461,0.0,0.1,10,9.9
Giresun,Çanakçı,40.83607572978308,39.0175361684549,14.592692307692309,0.0,83.2,10,0.0
Giresun,Şultan Karahisar,40.32327665105763,38.43147719535128,6.702692307692308,0.0,0.69,10,9.31
Gümüshane,Kelkit,40.04567172458867,39.43654363730852,6.610846153846154,0.0,0.0,10,10.0
Gümüshane,Köse,40.187759985737785,39.67972403749734,6.610846153846154,0.0,0.0,10,10.0
Gümüshane,Kürtün,40.626054578382295,39.02396728252227,5.9338461538461535,0.0,50.19,10,0.0
Gümüshane,Merkez,40.44555134314321,39.68167430901277,5.973307692307692,0.0,0.0,10,10.0
Gümüshane,Torul,40.49509076127431,39.21107124554808,5.973307692307692,0.0,26.74,10,0.0
Gümüshane,Şiran,40.18182623515428,39.09087130593334,6.610846153846154,0.0,0.0,10,10.0
Hakkari,Merkez,37.51429578294851,43.71555580575328,8.658,0.0,0.0,10,10.0
Hakkari,Yüksekova,37.55132641531982,44.22545665911954,8.306076923076922,0.0,0.0,10,10.0
Hakkari,Çukurca,37.30133061417332,43.67580408541689,8.658,0.0,1.33,10,8.67
Hakkari,Şemdinli,37.26871304501031,44.48406706645383,8.306076923076922,0.0,0.0,10,10.0
Hatay,Altınözü,36.077362500758845,36.27738870510159,17.802076923076925,0.0,0.0,10,10.0
Hatay,Belen,36.463036453427264,36.16665447695214,18.48623076923077,0.0,1.35,10,8.65
Hatay,Dörtyol,36.821034067384296,36.29969350038391,17.579538461538462,0.0,64.86,10,0.0
Hatay,Erzin,36.95690722263653,36.11736068446133,17.579538461538462,0.0,1.69,10,8.31
Hatay,Hassa,36.76514947160238,36.5061022398374,17.579538461538462,0.0,0.0,10,10.0
Hatay,Kumlu,36.34933386810197,36.54898577987408,18.48623076923077,0.0,0.0,10,10.0
Hatay,Kırıkhan,36.49365230933255,36.40729317118653,18.48623076923077,0.0,0.0,10,10.0
Hatay,Merkez,36.24125769712964,36.136416775852645,17.802076923076925,0.0,1.63,10,8.370000000000001
Hatay,Reyhanlı,36.26471058756778,36.476622426828754,18.48623076923077,0.0,0.15,10,9.85
Hatay,Samandağ,36.17747158776889,35.953866701866424,17.802076923076925,0.0,29.7,10,0.0
Hatay,Yayladağı,35.93607206824389,36.08127499398871,17.802076923076925,0.0,36.63,10,0.0
Hatay,İskenderun,36.47368683565411,36.05519234519519,18.48623076923077,0.0,39.23,10,0.0
Isparta,Aksu,37.71958423413392,31.22850716642059,11.485923076923076,0.0,50.7,10,0.0
Isparta,Atabey,37.95374904227972,30.61521940737025,11.886076923076924,0.0,3.81,10,6.1899999999999995
Isparta,Eğirdir,37.82205114130962,30.91082815075846,11.886076923076924,0.0,51.21,10,0.0
Isparta,Gelendost,38.07833468362622,31.05491689724457,10.945692307692308,0.0,0.0,10,10.0
Isparta,Gönen,37.945537916034624,30.44781907299732,11.886076923076924,0.0,0.04,10,9.96
Isparta,Keçiborlu,37.87842901793429,30.250525092170108,13.137692307692308,0.0,0.0,10,10.0
Isparta,Merkez,37.80207146777093,30.60177514464697,11.886076923076924,0.0,0.0,10,10.0
Isparta,Senirkent,38.12715507056526,30.67740919674908,11.886076923076924,0.0,0.0,10,10.0
Isparta,Sütçüler,37.51636846526053,31.084157244337096,11.485923076923076,0.0,0.0,10,10.0
Isparta,Uluborlu,38.08199843581524,30.47692246009521,11.886076923076924,0.0,2.96,10,7.04
Isparta,Yalvaç,38.29591231571657,31.09706058191733,11.299076923076925,0.0,0.42,10,9.58
Isparta,Yenişarbademli,37.80004196343562,31.364197813179263,10.945692307692308,0.0,1.43,10,8.57
Isparta,Şarkikaraağaç,38.05874030739152,31.37474442345568,10.945692307692308,0.0,1.41,10,8.59
Istanbul,Adalar,40.870840199799005,29.09589199563971,15.268384615384615,0.0,29.54,10,0.0
Istanbul,Arnavutkoy,41.22317279987966,28.69244099234957,15.650153846153849,0.0,4.43,10,5.57
Istanbul,Atasehir,41.00336548670554,29.11740621591277,15.268384615384615,0.0,2.96,10,7.04
Istanbul,Avcılar,41.02166473380876,28.726502530152345,15.650153846153849,0.0,0.0,10,10.0
Istanbul,Bahçelievler,41.013296627028936,28.83592824502312,15.650153846153849,0.0,0.0,10,10.0
Istanbul,Bakırköy,40.98364353516592,28.827035969402267,15.650153846153849,0.0,0.0,10,10.0
Istanbul,Basaksehir,41.09465405294947,28.77343939805951,15.650153846153849,0.0,0.0,10,10.0
Istanbul,Bayrampaşa,41.05509608673799,28.895123272774008,15.650153846153849,0.0,0.0,10,10.0
Istanbul,Bağcılar,41.04588412173794,28.838456582007097,15.650153846153849,0.0,0.0,10,10.0
Istanbul,Beykoz,41.15210558329999,29.2022041944512,15.268384615384615,0.0,92.25,10,0.0
Istanbul,Beylikduzu,40.986155998030455,28.64918154538088,15.650153846153849,0.0,0.0,10,10.0
Istanbul,Beyoğlu,41.040733141941466,28.966952511595764,15.650153846153849,0.0,0.0,10,10.0
Istanbul,Beşiktaş,41.07073951360178,29.01875794466796,15.650153846153849,0.0,0.0,10,10.0
Istanbul,Büyükçekmece,41.04887474327648,28.5547952712492,15.650153846153849,0.0,0.0,10,10.0
Istanbul,Esenler,41.06498663503229,28.867542858845773,15.650153846153849,0.0,0.0,10,10.0
Istanbul,Esenyurt,41.04567353283205,28.67143399099698,15.650153846153849,0.0,0.0,10,10.0
Istanbul,Eyüp,41.19085996166908,28.89908925594364,15.650153846153849,0.0,58.74,10,0.0
Istanbul,Fatih,41.01406336197062,28.94128672574013,15.650153846153849,0.0,0.0,10,10.0
Istanbul,Gaziosmanpaşa,41.07521172730295,28.90479607199568,15.650153846153849,0.0,0.0,10,10.0
Istanbul,Güngören,41.02401986029414,28.87440566597237,15.650153846153849,0.0,0.0,10,10.0
Istanbul,Kadıköy,40.99514327048232,29.0487947318557,15.650153846153849,0.0,0.0,10,10.0
Istanbul,Kartal,40.93256571728403,29.17954287028946,15.268384615384615,0.0,37.64,10,0.0
Istanbul,Kağıthane,41.08529370921891,28.969511875681288,15.650153846153849,0.0,0.0,10,10.0
Istanbul,Küçükçekmece,41.029751786033096,28.779733067186463,15.650153846153849,0.0,0.0,10,10.0
Istanbul,Maltepe,40.96717477627857,29.137476253659297,15.268384615384615,0.0,12.05,10,0.0
Istanbul,Pendik,40.97064187094709,29.32430391148227,15.268384615384615,0.0,21.07,10,0.0
Istanbul,Sancaktepe,41.023229585430045,29.24680873364361,15.268384615384615,0.0,0.0,10,10.0
Istanbul,Sarıyer,41.1918629624813,29.02788128085068,15.650153846153849,0.0,9.62,10,0.3800000000000008
Istanbul,Silivri,41.16277749487677,28.26095576819644,15.584615384615384,0.0,0.04,10,9.96
Istanbul,Sultanbeyli,40.982527371781714,29.256979074047106,15.268384615384615,0.0,0.0,10,10.0
Istanbul,Sultangazi,41.11716969056438,28.88087103319228,15.650153846153849,0.0,7.8,10,2.2
Istanbul,Tuzla,40.9199190412752,29.34862551544422,15.268384615384615,0.0,0.0,10,10.0
Istanbul,Zeytinburnu,41.00642581236035,28.899326167797422,15.650153846153849,0.0,0.0,10,10.0
Istanbul,Çatalca,41.303680786419086,28.403950627033687,14.557153846153849,0.0,94.22,10,0.0
Istanbul,Çekmekoy,41.08152979037292,29.278654285926937,15.268384615384615,0.0,92.69,10,0.0
Istanbul,Ümraniye,41.03728583436568,29.123291376221548,15.268384615384615,0.0,47.54,10,0.0
Istanbul,Üsküdar,41.04382254154166,29.05695835312984,15.650153846153849,0.0,3.64,10,6.359999999999999
Istanbul,Şile,41.1071150031493,29.58191380031048,15.268384615384615,0.0,57.6,10,0.0
Istanbul,Şişli,41.10578926660864,28.988598793102064,15.650153846153849,0.0,4.89,10,5.11
Izmir,Aliağa,38.80984645537967,27.0366243323014,17.234153846153845,0.0,0.0,10,10.0
Izmir,Balçova,38.38425724016951,27.06149863200663,17.646461538461537,0.0,0.0,10,10.0
Izmir,Bayındır,38.26169206311682,27.650937876039823,16.853538461538463,0.0,11.79,10,0.0
Izmir,Bergama,39.17315026306584,27.19028050880369,15.540615384615384,0.0,0.22,10,9.78
Izmir,Beydağ,38.08007767245198,28.23019425083093,15.998384615384614,0.0,0.19,10,9.81
Izmir,Bornova,38.48514375796732,27.261047357052263,16.853538461538463,0.0,34.98,10,0.0
Izmir,Buca,38.34707608465182,27.26032516179064,16.853538461538463,0.0,0.41,10,9.59
Izmir,Dikili,39.06938533634467,26.90766279846804,17.234153846153845,0.0,0.0,10,10.0
Izmir,Foça,38.68366951144227,26.83164010258421,17.646461538461537,0.0,0.0,10,10.0
Izmir,Gaziemir,38.318739444378345,27.150788156781367,17.646461538461537,0.0,6.94,10,3.0599999999999996
Izmir,Güzelbahçe,38.333506743031485,26.89707340663368,17.646461538461537,0.0,0.0,10,10.0
Izmir,Karaburun,38.554937233660304,26.47724517819197,18.35476923076923,0.0,60.38,10,0.0
Izmir,Karşıyaka,38.49771662354196,27.12715789337989,17.646461538461537,0.0,1.58,10,8.42
Izmir,Kemalpaşa,38.42256139569008,27.486768909352,16.853538461538463,0.0,1.73,10,8.27
Izmir,Kiraz,38.20993273150171,28.314340876911736,15.998384615384614,0.0,19.59,10,0.0
Izmir,Konak,38.38447364387719,27.130677990594947,17.646461538461537,0.0,0.0,10,10.0
Izmir,Kınık,39.060858645640046,27.369724603612266,15.540615384615384,0.0,41.93,10,0.0
Izmir,Menderes,38.15616779636554,27.11301236225148,18.823307692307694,0.0,0.0,10,10.0
Izmir,Menemen,38.63050696319171,27.065105117551457,17.646461538461537,0.0,0.04,10,9.96
Izmir,Narlıdere,38.36624294995448,27.00008804220032,17.646461538461537,0.0,14.64,10,0.0
Izmir,Seferihisar,38.17087635037506,26.875362993764405,18.823307692307694,0.0,0.7,10,9.3
Izmir,Selçuk,37.96023968098233,27.357522865184663,17.42823076923077,0.0,0.0,10,10.0
Izmir,Tire,38.06487039819864,27.69794212876306,17.42823076923077,0.0,2.25,10,7.75
Izmir,Torbalı,38.18078158026846,27.35728581417505,17.42823076923077,0.0,0.0,10,10.0
Izmir,Urla,38.30512999454725,26.628831322169063,17.646461538461537,0.0,14.54,10,0.0
Izmir,Çeşme,38.28010311355429,26.379489247397444,18.35476923076923,0.0,0.0,10,10.0
Izmir,Çiğli,38.486650496230666,26.99132528919394,17.646461538461537,0.0,0.0,10,10.0
Izmir,Ödemiş,38.21616808631224,27.985920019960016,15.998384615384614,0.0,0.07,10,9.93
Iğdır,Aralık,39.81909803789586,44.45019438381413,14.122230769230772,0.0,0.0,10,10.0
Iğdır,Karakoyunlu,40.00453196228917,44.24665510497954,14.122230769230772,0.0,0.0,10,10.0
Iğdır,Merkez,39.861036652191466,44.03699765698201,11.936692307692308,0.0,0.15,10,9.85
Iğdır,Tuzluca,39.9899571445607,43.5646862523151,11.936692307692308,0.0,0.0,10,10.0
K. Maras,Afşin,38.39502181678711,36.86916151565376,8.690076923076923,0.0,0.0,10,10.0
K. Maras,Andırın,37.60144823999392,36.410449783125216,15.931846153846152,0.0,0.99,10,9.01
K. Maras,Ekinözü,38.01214733018902,37.10210282089438,10.538615384615383,0.0,0.0,10,10.0
K. Maras,Elbistan,38.290124742715975,37.36584503436358,10.114538461538462,0.0,0.0,10,10.0
K. Maras,Göksun,38.09481454692206,36.61979168350132,10.538615384615383,0.0,0.0,10,10.0
K. Maras,Merkez,37.663446446223325,36.8479689866216,14.803307692307692,0.0,2.36,10,7.640000000000001
K. Maras,Nurhak,37.92851827118248,37.39155216744869,11.053538461538462,0.0,0.0,10,10.0
K. Maras,Pazarcık,37.457507003529535,37.30149729062399,15.63653846153846,0.0,0.0,10,10.0
K. Maras,Türkoğlu,37.37613537699893,36.78514751468361,14.803307692307692,0.0,0.0,10,10.0
K. Maras,Çağlayancerit,37.73564987333556,37.27938712946656,15.63653846153846,0.0,0.0,10,10.0
Karabük,Eflani,41.41756215258194,32.901875855141505,10.53376923076923,0.0,28.86,10,0.0
Karabük,Eskipazar,40.96750057723487,32.520815995349075,10.282307692307691,0.0,36.33,10,0.0
Karabük,Merkez,41.11644535700007,32.54151572491861,10.282307692307691,0.0,2.42,10,7.58
Karabük,Ovacık,41.083980391464806,32.91549842350588,9.811846153846153,0.0,0.0,10,10.0
Karabük,Safranbolu,41.29167161452997,32.708259566328955,12.009076923076922,0.0,1.21,10,8.79
Karabük,Yenice,41.12443053602763,32.23257393496578,10.282307692307691,0.0,83.74,10,0.0
Karaman,Ayrancı,37.29748360435355,33.714947105302535,12.252153846153846,0.0,0.0,10,10.0
Karaman,Başyayla,36.71081739336535,32.71356906949194,13.28976923076923,0.0,0.0,10,10.0
Karaman,Ermenek,36.6047431893838,32.8891579394211,13.62023076923077,0.0,0.0,10,10.0
Karaman,Kazımkarabekir,37.07092534017522,32.792583879808724,9.880230769230767,0.0,0.0,10,10.0
Karaman,Merkez,37.13511034870772,33.17993087230495,11.10053846153846,0.0,0.0,10,10.0
Karaman,Sarıveliler,36.65053913147808,32.57587805318054,13.28976923076923,0.0,0.0,10,10.0
Kars,Akyaka,40.84302254538761,43.62180045229728,4.561307692307692,0.0,0.0,5,5.0
Kars,Arpaçay,40.96470193254656,43.35864185008969,4.444461538461538,0.0,0.0,5,5.0
Kars,Digor,40.40381560687182,43.4557782026965,8.519538461538462,0.0,0.0,10,10.0
Kars,Kağızman,40.18341220192082,43.11255528603342,6.893307692307692,0.0,0.0,10,10.0
Kars,Merkez,40.622435773810025,43.26038325865019,6.275,0.0,0.0,10,10.0
Kars,Sarıkamış,40.19680465045524,42.5622000060736,6.104769230769231,0.0,0.0,10,10.0
Kars,Selim,40.50165322285616,42.77289360363134,5.756846153846154,0.0,0.0,10,10.0
Kars,Susuz,40.83415356522679,43.0522554373577,4.444461538461538,0.0,0.0,5,5.0
Kastamonu,Abana,41.95182748333961,33.98623153859628,13.718692307692308,0.0,83.2,10,0.0
Kastamonu,Araç,41.194805355516095,33.285543390515365,9.811846153846153,0.0,54.33,10,0.0
Kastamonu,Azdavay,41.71397896056427,33.33726627946292,10.53376923076923,0.0,27.83,10,0.0
Kastamonu,Ağlı,41.675876020872366,33.55078237488371,9.577923076923076,0.0,52.98,10,0.0
Kastamonu,Bozkurt,41.87419739065382,33.95704133708591,13.718692307692308,0.0,9.62,10,0.3800000000000008
Kastamonu,Cide,41.82858910874938,32.98224052250757,14.07407692307692,0.0,20.9,10,0.0
Kastamonu,Daday,41.4702747290469,33.3234094741664,10.53376923076923,0.0,80.37,10,0.0
Kastamonu,Devrekani,41.66486687461592,33.90800868299882,9.577923076923076,0.0,15.33,10,0.0
Kastamonu,Doğanyurt,41.9471924980133,33.41351062821061,14.07407692307692,0.0,26.63,10,0.0
Kastamonu,Hanönü,41.64965200515454,34.440398344150665,10.227076923076924,0.0,14.58,10,0.0
Kastamonu,Küre,41.799941459565694,33.66256395700428,13.718692307692308,0.0,50.57,10,0.0
Kastamonu,Merkez,41.31151494459038,33.859158039636974,9.577923076923076,0.0,0.1,10,9.9
Kastamonu,Pınarbası,41.63597756722295,33.00607773052715,10.53376923076923,0.0,33.49,10,0.0
Kastamonu,Seydiler,41.61465876724663,33.68441354008949,9.577923076923076,0.0,0.09,10,9.91
Kastamonu,Taşköprü,41.466813350042585,34.217867658873026,10.227076923076924,0.0,0.0,10,10.0
Kastamonu,Tosya,40.999952237588765,34.057429339221834,8.945846153846153,0.0,0.0,10,10.0
Kastamonu,Çatalzeytin,41.85386828106279,34.144230824299875,13.975,0.0,81.15,10,0.0
Kastamonu,İhsangazi,41.18031064916876,33.64330541856923,8.945846153846153,0.0,30.23,10,0.0
Kastamonu,İnebolu,41.91298834206647,33.71829021256155,13.718692307692308,0.0,78.41,10,0.0
Kastamonu,Şenpazar,41.81584733949298,33.202466193132814,14.07407692307692,0.0,95.63,10,0.0
Kayseri,Akkışla,39.02101655593809,36.18818206901898,8.958923076923076,0.0,0.0,10,10.0
Kayseri,Bünyan,38.836125348556855,35.908011422283806,10.832307692307692,0.0,0.0,10,10.0
Kayseri,Develi,38.34155780038354,35.67977561338044,9.530384615384616,0.0,0.0,10,10.0
Kayseri,Felahiye,39.07515952405515,35.492419036519415,10.832307692307692,0.0,0.0,10,10.0
Kayseri,Hacılar,38.68805138410284,35.408237795817875,9.530384615384616,0.0,0.0,10,10.0
Kayseri,Kocasinan,38.903984951106914,35.38692989423443,10.832307692307692,0.0,0.0,10,10.0
Kayseri,Melikgazi,38.73986797145639,35.4628611173308,9.530384615384616,0.0,0.0,10,10.0
Kayseri,Pınarbaşı,38.88360341490513,36.49520831901496,8.958923076923076,0.0,0.11,10,9.89
Kayseri,Sarıoğlan,39.108292754697054,35.906872816256964,10.832307692307692,0.0,0.0,10,10.0
Kayseri,Sarız,38.55438985249052,36.53860965614989,8.506923076923076,0.0,0.0,10,10.0
Kayseri,Talas,38.67658400695092,35.64836255811835,9.530384615384616,0.0,0.0,10,10.0
Kayseri,Tomarza,38.50005173368307,35.94598679412606,8.506923076923076,0.0,0.0,10,10.0
Kayseri,Yahyalı,38.13542303708428,35.464857253146825,10.716615384615384,0.0,0.0,10,10.0
Kayseri,Yeşilhisar,38.425474014151625,35.134583423333886,11.035846153846157,0.0,0.0,10,10.0
Kayseri,Özvatan,39.17704181576203,35.72907104068133,10.832307692307692,0.0,0.0,10,10.0
Kayseri,İncesu,38.68818288046348,35.21346174195317,11.035846153846157,0.0,0.0,10,10.0
Kilis,Elbeyli,36.70656393961672,37.41855746501786,17.877923076923075,0.0,0.0,10,10.0
Kilis,Merkez,36.738730163316994,37.15574732437857,17.613615384615386,0.0,0.0,10,10.0
Kilis,Musabeyli,36.90707259418199,37.01232755487428,15.619615384615384,0.0,0.0,10,10.0
Kilis,Polateli,36.84004315450963,37.16552577132454,15.619615384615384,0.0,0.0,10,10.0
Kinkkale,Bahşılı,39.52007963732624,33.36030063208494,11.650384615384615,0.0,0.0,10,10.0
Kinkkale,Balışeyh,39.88863270010308,33.73086506032924,11.861307692307694,0.0,0.0,10,10.0
Kinkkale,Delice,39.992474158765305,33.99996060680521,11.861307692307694,0.0,0.0,10,10.0
Kinkkale,Karakeçili,39.39222741353078,33.3406152393033,11.650384615384615,0.0,0.0,10,10.0
Kinkkale,Keskin,39.5860255047836,33.69578909155509,11.647076923076924,0.0,0.0,10,10.0
Kinkkale,Merkez,39.67372996803031,33.528296800201964,11.647076923076924,0.0,0.0,10,10.0
Kinkkale,Sulakyurt,40.14055730814778,33.7702916314762,11.861307692307694,0.0,0.0,10,10.0
Kinkkale,Yahşihan,39.71111747157372,33.407742318472074,11.650384615384615,0.0,0.0,10,10.0
Kinkkale,Çelebi,39.30544537902712,33.46108592745908,11.647076923076924,0.0,1.95,10,8.05
Kirklareli,Babaeski,41.4891757023664,27.11704832313898,14.63053846153846,0.0,0.23,10,9.77
Kirklareli,Demirköy,41.85890314443117,27.813727934139447,14.570153846153849,0.0,76.57,10,0.0
Kirklareli,Kofçaz,42.00959251408447,27.152962384957853,13.205615384615385,0.0,59.98,10,0.0
Kirklareli,Lüleburgaz,41.40873425332784,27.44797403061313,14.100692307692308,0.0,0.0,10,10.0
Kirklareli,Merkez,41.79679164619043,27.24409889272693,12.553,0.0,0.0,10,10.0
Kirklareli,Pehlivanköy,41.38203876352067,26.9547054686771,14.63053846153846,0.0,0.0,10,10.0
Kirklareli,Pınarhisar,41.63684756931077,27.548721332237697,14.100692307692308,0.0,0.0,10,10.0
Kirklareli,Vize,41.62198042968272,27.864879549390896,14.557153846153849,0.0,56.73,10,0.0
Kirsehir,Akpınar,39.469317629716926,33.97461834759443,11.647076923076924,0.0,0.0,10,10.0
Kirsehir,Akçakent,39.65801129584688,34.07340287001202,11.37823076923077,0.0,35.63,10,0.0
Kirsehir,Boztepe,39.35482538239514,34.41616640625469,11.37823076923077,0.0,0.0,10,10.0
Kirsehir,Kaman,39.2740813827992,33.783678531692594,11.647076923076924,0.0,0.0,10,10.0
Kirsehir,Merkez,39.14276997215997,34.151790560061265,11.539615384615384,0.0,0.0,10,10.0
Kirsehir,Mucur,39.12749158770858,34.47687633199949,11.539615384615384,0.0,0.0,10,10.0
Kirsehir,Çiçekdağı,39.58560528717742,34.38960608600167,11.37823076923077,0.0,0.0,10,10.0
Kocaeli,Derince,40.92600433466427,29.87295713249292,14.071153846153845,0.0,1.33,10,8.67
Kocaeli,Gebze,40.89282812804596,29.515156327598778,15.268384615384615,0.0,35.4,10,0.0
Kocaeli,Gölcük,40.66098435326528,29.78785864631317,12.633230769230767,0.0,90.68,10,0.0
Kocaeli,Kandıra,41.03665775752437,30.14009229954649,14.071153846153845,0.0,8.89,10,1.1099999999999994
Kocaeli,Karamürsel,40.63211886278607,29.55543042326596,14.389,0.0,0.4,10,9.6
Kocaeli,Körfez,40.90041555918955,29.73060629570113,14.071153846153845,0.0,51.16,10,0.0
Kocaeli,Merkez,40.77605737856626,30.045464850878933,14.071153846153845,0.0,0.0,10,10.0
Konya,Ahırlı,37.23831890824377,32.083100411080174,12.45653846153846,0.0,0.14,10,9.86
Konya,Akören,37.41155669888813,32.33093449278149,11.99453846153846,0.0,0.0,10,10.0
Konya,Akşehir,38.34847070999706,31.480696777778707,11.299076923076925,0.0,46.26,10,0.0
Konya,Altınekin,38.2799675304721,32.90091978625551,12.90653846153846,0.0,0.0,10,10.0
Konya,Beyşehir,37.68898506812776,31.685684457583136,10.561769230769231,0.0,0.0,10,10.0
Konya,Bozkır,37.148767608002,32.34499113718936,9.880230769230767,0.0,0.0,10,10.0
Konya,Cihanbeyli,38.68253065488768,32.918607177383706,12.90653846153846,0.0,0.0,10,10.0
Konya,Derbent,37.97709786720253,32.06683773688085,10.454538461538462,0.0,0.0,10,10.0
Konya,Derebucak,37.397430403771104,31.51839217373538,11.485923076923076,0.0,0.0,10,10.0
Konya,Doğanhisar,38.11808182319965,31.66918178229076,10.454538461538462,0.0,16.15,10,0.0
Konya,Emirgazi,37.89559389867141,33.887236856925576,12.72646153846154,0.0,0.0,10,10.0
Konya,Ereğli,37.6128726817497,34.100274073132965,11.005,0.0,0.0,10,10.0
Konya,Güneysınır,37.26223336258701,32.73956402992996,11.99453846153846,0.0,0.0,10,10.0
Konya,Hadım,36.95720628842321,32.46229990016329,9.880230769230767,0.0,0.0,10,10.0
Konya,Halkapınar,37.32917479360458,34.26514075535089,11.005,0.0,0.0,10,10.0
Konya,Hüyük,37.913990516495865,31.592019338962547,10.454538461538462,0.0,0.0,10,10.0
Konya,Ilgın,38.22752452189029,31.938845120069576,10.454538461538462,0.0,0.0,10,10.0
Konya,Kadınhanı,38.35367404500432,32.23500259201729,12.332,0.0,0.0,10,10.0
Konya,Karapınar,37.67785755469574,33.443256217669926,12.252153846153846,0.0,0.0,10,10.0
Konya,Karatay,37.881286516808686,32.99467643107432,12.38623076923077,0.0,0.0,10,10.0
Konya,Kulu,39.01796694643443,33.10920081993712,12.367076923076922,0.0,0.0,10,10.0
Konya,Meram,37.69899989029624,32.25729975466512,11.99453846153846,0.0,0.0,10,10.0
Konya,Sarayönü,38.37737470486467,32.45987588098039,12.332,0.0,0.0,10,10.0
Konya,Selçuklu,38.01834468476292,32.56531521025059,11.639923076923075,0.0,0.0,10,10.0
Konya,Seydişehir,37.45269788090661,31.912295349691483,10.561769230769231,0.0,0.0,10,10.0
Konya,Taşkent,36.84685829698951,32.5470541623155,9.880230769230767,0.0,0.0,10,10.0
Konya,Tuzlukçu,38.48928912748504,31.68455028302206,12.14046153846154,0.0,0.0,10,10.0
Konya,Yalıhüyük,37.28255740495696,32.0482470532628,10.561769230769231,0.0,0.0,10,10.0
Konya,Yunak,38.76669278015189,32.076160994819176,12.403846153846152,0.0,0.0,10,10.0
Konya,Çeltik,39.01507920448279,31.90400523018877,12.403846153846152,0.0,0.0,10,10.0
Konya,Çumra,37.48230572250795,32.76686116715732,11.99453846153846,0.0,0.0,10,10.0
Kütahya,Altıntaş,39.01348945332598,29.99986929755896,10.763461538461538,0.0,25.2,10,0.0
Kütahya,Aslanapa,39.18023267315792,29.78595214155916,10.763461538461538,0.0,14.28,10,0.0
Kütahya,Domaniç,39.81556528903673,29.544204456914937,11.155153846153846,0.0,9.59,10,0.41000000000000014
Kütahya,Dumlupınar,38.83111820887628,29.99112661549525,10.763461538461538,0.0,0.0,10,10.0
Kütahya,Emet,39.32469872113378,29.330828104163977,11.656538461538462,0.0,0.0,10,10.0
Kütahya,Gediz,38.95028220739621,29.3950878892225,11.53146153846154,0.0,0.0,10,10.0
Kütahya,Hisarcık,39.200596723493966,29.18061620733417,11.53146153846154,0.0,0.3,10,9.7
Kütahya,Merkez,39.41431914168413,30.058179936765583,10.945461538461538,0.0,0.0,10,10.0
Kütahya,Pazarlar,38.93083301873256,29.0707230067182,11.53146153846154,0.0,0.0,10,10.0
Kütahya,Simav,39.20476557325831,28.930882658768187,12.661615384615384,0.0,2.81,10,7.1899999999999995
Kütahya,Tavşanlı,39.563194529869726,29.447977252977708,11.656538461538462,0.0,0.0,10,10.0
Kütahya,Çavdarhisar,39.16429472320813,29.59259232770093,11.53146153846154,0.0,0.0,10,10.0
Kütahya,Şaphane,38.94075098054272,29.15393100459662,11.53146153846154,0.0,3.58,10,6.42
Malatya,Akçadağ,38.35524229056682,37.93119431747869,13.707538461538462,0.0,0.0,10,10.0
Malatya,Arapkir,38.96181195935843,38.48807456296204,12.392615384615386,0.0,0.0,10,10.0
Malatya,Arguvan,38.84986408530041,38.2857051146808,10.116,0.0,0.0,10,10.0
Malatya,Battalgazi,38.420846230359935,38.46679162949347,13.138538461538465,0.0,0.0,10,10.0
Malatya,Darende,38.57286880461476,37.5382087613363,10.114538461538462,0.0,0.0,10,10.0
Malatya,Doğanyol,38.26085968126248,39.032141934884486,13.138538461538465,0.0,0.0,10,10.0
Malatya,Doğanşehir,38.004506787240615,37.893164596364,11.455461538461538,0.0,0.0,10,10.0
Malatya,Hekimhan,38.78035248926875,37.95128721123495,10.116,0.0,0.0,10,10.0
Malatya,Kale,38.34974907243714,38.767691232712565,13.138538461538465,0.0,0.0,10,10.0
Malatya,Kuluncak,38.86313755806931,37.68729950346901,8.40823076923077,0.0,0.0,10,10.0
Malatya,Merkez,38.3184971952432,38.44440313253644,13.138538461538465,0.0,0.0,10,10.0
Malatya,Pötürge,38.1843652278076,38.83577327257186,13.909692307692309,0.0,0.0,10,10.0
Malatya,Yazıhan,38.561741391766574,38.193982780925616,13.707538461538462,0.0,0.0,10,10.0
Malatya,Yeşilyurt,38.21792874055504,38.175075442753474,11.455461538461538,0.0,0.0,10,10.0
Manisa,Ahmetli,38.524368686810256,27.911618670120983,15.173846153846153,0.0,0.0,10,10.0
Manisa,Akhisar,38.96036564707824,27.88654442339508,14.494384615384616,0.0,18.94,10,0.0
Manisa,Alaşehir,38.32673241395126,28.53896812875769,14.450230769230767,0.0,8.58,10,1.42
Manisa,Demirci,38.93423047348449,28.660218026866648,12.661615384615384,0.0,84.57,10,0.0
Manisa,Gölmarmara,38.69794540632812,27.98171618266756,15.173846153846153,0.0,0.0,10,10.0
Manisa,Gördes,38.93364467673309,28.285064979391432,14.494384615384616,0.0,0.0,10,10.0
Manisa,Kula,38.54330420006076,28.66972729961144,14.450230769230767,0.0,0.0,10,10.0
Manisa,Köprübaşı,38.73699562193105,28.352091940616507,15.173846153846153,0.0,0.0,10,10.0
Manisa,Kırkağaç,39.18088382760613,27.79327336795698,15.540615384615384,0.0,1.21,10,8.79
Manisa,Merkez,38.71060284103788,27.40009429364583,16.853538461538463,0.0,0.0,10,10.0
Manisa,Salihli,38.54121156209489,28.206730719712525,15.173846153846153,0.0,0.07,10,9.93
Manisa,Saruhanlı,38.78219029813072,27.635533750654687,15.540615384615384,0.0,0.0,10,10.0
Manisa,Sarıgöl,38.22687803124673,28.764900254208925,15.060692307692308,0.0,0.0,10,10.0
Manisa,Selendi,38.76296942839616,28.85793820035384,12.661615384615384,0.0,0.0,10,10.0
Manisa,Soma,39.23535062803184,27.59010883415992,15.540615384615384,0.0,0.0,10,10.0
Manisa,Turgutlu,38.49454075013268,27.772654140700567,16.853538461538463,0.0,0.0,10,10.0
Mardin,Dargeçit,37.59892431523612,41.7878578067588,16.78753846153846,0.0,0.0,10,10.0
Mardin,Derik,37.34625906041294,40.17238488492183,16.235846153846154,0.0,0.0,10,10.0
Mardin,Kızıltepe,37.14421679204911,40.49808418746397,18.77092307692308,0.0,0.0,10,10.0
Mardin,Mazıdağı,37.498282302026446,40.42914052522698,16.08030769230769,0.0,0.0,10,10.0
Mardin,Merkez,37.28546789729628,40.91295750834781,16.08030769230769,0.0,0.0,10,10.0
Mardin,Midyat,37.43933841392414,41.46039500586316,16.631076923076925,0.0,0.0,10,10.0
Mardin,Nusaybin,37.2142241261676,41.49790160201557,19.26615384615385,0.0,0.0,10,10.0
Mardin,Savur,37.62015056096718,40.84575577755323,16.08030769230769,0.0,0.0,10,10.0
Mardin,Yeşilli,37.40003393683931,40.90782057130607,16.08030769230769,0.0,0.0,10,10.0
Mardin,Ömerli,37.40468244887072,41.085700460278765,16.631076923076925,0.0,0.0,10,10.0
Mersin,Anamur,36.25212330657917,32.7938936555715,13.28976923076923,0.0,25.83,10,0.0
Mersin,Aydıncık,36.21515182520446,33.30417106119087,20.70823076923077,0.0,34.36,5,0.0
Mersin,Bozyazı,36.21449129407862,33.05500382055722,20.70823076923077,0.0,16.98,5,0.0
Mersin,Erdemli,36.82097454787196,34.103664429792346,12.472923076923076,0.0,0.0,10,10.0
Mersin,Gülnar,36.35867141263686,33.35835893875683,13.62023076923077,0.0,0.31,10,9.69
Mersin,Merkez,36.959120808114974,34.426262992314086,12.472923076923076,0.0,18.4,10,0.0
Mersin,Mut,36.71847838339097,33.39806491811672,13.62023076923077,0.0,0.0,10,10.0
Mersin,Silifke,36.5823700740844,33.81624708981756,16.118846153846153,0.0,0.0,10,10.0
Mersin,Tarsus,37.05973893131646,34.81905843349686,19.747307692307693,0.0,0.0,10,10.0
Mersin,Çamlıyayla,37.16286333664461,34.56423315043107,12.472923076923076,0.0,11.77,10,0.0
Mugla,Bodrum,37.058254943713486,27.488792876906977,19.860076923076925,0.0,38.04,10,0.0
Mugla,Dalaman,36.84324447726233,28.944802880130904,17.18169230769231,0.0,28.21,10,0.0
Mugla,Datça,36.74167091298765,27.679896518349743,19.997846153846154,0.0,0.84,10,9.16
Mugla,Fethiye,36.711272275022594,29.32294560257271,17.102461538461537,0.0,1.33,10,8.67
Mugla,Kavaklıdere,37.47303100559186,28.35724963915983,15.995461538461536,0.0,52.15,10,0.0
Mugla,Köyceğiz,36.99849654723355,28.72618382532384,17.18169230769231,0.0,62.67,10,0.0
Mugla,Marmaris,36.81415331005424,28.18730955408217,18.43107692307692,0.0,58.46,10,0.0
Mugla,Merkez,37.22794935067296,28.43791915901753,17.18169230769231,0.0,3.15,10,6.85
Mugla,Milas,37.28438891645066,27.73195978803985,18.246615384615385,0.0,0.0,10,10.0
Mugla,Ortaca,36.78387375955048,28.70036755283864,17.18169230769231,0.0,72.01,10,0.0
Mugla,Ula,37.07318447056209,28.450613734854347,17.18169230769231,0.0,61.54,10,0.0
Mugla,Yatağan,37.35391340329978,28.126101751686445,15.995461538461536,0.0,1.59,10,8.41
Mus,Bulanık,39.07172371311799,42.19975746875146,8.697384615384616,0.0,0.0,10,10.0
Mus,Hasköy,38.670405076211416,41.85750068830133,10.140153846153847,0.0,0.0,10,10.0
Mus,Korkut,38.81947823534126,41.948815172293536,9.068,0.0,0.0,10,10.0
Mus,Malazgirt,39.210883868372136,42.505286479747774,8.697384615384616,0.0,0.0,10,10.0
Mus,Merkez,38.848864699962455,41.54248649743613,9.119307692307691,0.0,0.0,10,10.0
Mus,Varto,39.19038117011303,41.48454601706278,9.119307692307691,0.0,0.0,10,10.0
Nevsehir,Acıgöl,38.541768049548125,34.49634744824882,11.483692307692309,0.0,0.0,10,10.0
Nevsehir,Avanos,38.93468155878,34.87396028557973,11.582307692307692,0.0,0.0,10,10.0
Nevsehir,Derinkuyu,38.43244246616864,34.75116566588555,11.035846153846157,0.0,0.0,10,10.0
Nevsehir,Gülşehir,38.7621590609788,34.46834194744593,11.539615384615384,0.0,0.0,10,10.0
Nevsehir,Hacıbektaş,39.01078281205235,34.652287120787754,11.539615384615384,0.0,0.0,10,10.0
Nevsehir,Kozaklı,39.28302436807687,34.77845703304824,11.02,0.0,0.0,10,10.0
Nevsehir,Merkez,38.61920133473421,34.72063294290639,11.035846153846157,0.0,0.0,10,10.0
Nevsehir,Ürgüp,38.633439157785176,34.94941317984889,11.035846153846157,0.0,0.0,10,10.0
Nigde,Altunhisar,38.058824828431945,34.35938340716272,10.965461538461538,0.0,0.0,10,10.0
Nigde,Bor,37.8558641745533,34.566635493106155,10.965461538461538,0.0,0.0,10,10.0
Nigde,Merkez,38.16510290174786,34.81151311059958,8.334538461538461,0.0,0.0,10,10.0
Nigde,Ulukışla,37.56177279359066,34.6464955695093,11.005,0.0,0.0,10,10.0
Nigde,Çamardı,37.97380558292353,35.107384608476146,8.334538461538461,0.0,0.0,10,10.0
Nigde,Çiftlik,38.28881585097615,34.48722027727221,11.483692307692309,0.0,0.0,10,10.0
Ordu,Akkuş,40.81664535166597,36.98346289530018,12.674153846153846,0.0,46.73,10,0.0
Ordu,Aybastı,40.65476070261048,37.44529381980585,8.17723076923077,0.0,62.22,10,0.0
Ordu,Fatsa,40.96791883549378,37.532272581498496,13.888615384615386,0.0,52.67,10,0.0
Ordu,Gölköy,40.67646914367819,37.6594423863165,8.17723076923077,0.0,80.36,10,0.0
Ordu,Gülyalı,40.93277742058096,38.05069604369467,14.784692307692309,0.0,60.77,10,0.0
Ordu,Gürgentepe,40.81578965925254,37.60450522254151,13.888615384615386,0.0,59.38,10,0.0
Ordu,Kabadüz,40.72532424313874,37.98332470341959,6.702692307692308,0.0,68.53,10,0.0
Ordu,Kabataş,40.78862001970443,37.48447494597251,13.888615384615386,0.0,75.65,10,0.0
Ordu,Korgan,40.7794622768025,37.36957541176251,13.888615384615386,0.0,18.53,10,0.0
Ordu,Kumru,40.83618003785275,37.27488190564304,13.888615384615386,0.0,77.53,10,0.0
Ordu,Merkez,40.9191066875618,37.8868144809844,14.784692307692309,0.0,73.35,10,0.0
Ordu,Mesudiye,40.51999568707511,37.86182981612889,6.702692307692308,0.0,0.0,10,10.0
Ordu,Perşembe,41.03273746981066,37.72484398410951,13.888615384615386,0.0,79.58,10,0.0
Ordu,Ulubey,40.82093963342631,37.777923817452894,13.888615384615386,0.0,76.63,10,0.0
Ordu,Çamaş,40.88326297568416,37.55283054843706,13.888615384615386,0.0,80.12,10,0.0
Ordu,Çaybaşı,40.97452990588806,37.04444376790641,12.674153846153846,0.0,68.1,10,0.0
Ordu,Ünye,41.02634864227907,37.27054967737633,13.888615384615386,0.0,68.21,10,0.0
Ordu,İkizce,41.0490350817516,37.06681854018471,12.674153846153846,0.0,10.3,10,0.0
Osmaniye,Bahçe,37.23983950310407,36.60046325639051,15.619615384615384,0.0,74.28,10,0.0
Osmaniye,Düziçi,37.28654132024345,36.43251423726141,15.931846153846152,0.0,7.47,10,2.5300000000000002
Osmaniye,Hasanbeyli,37.14032481257178,36.51093136662881,17.579538461538462,0.0,0.0,10,10.0
Osmaniye,Kadirli,37.3551504929279,36.12098466181666,15.931846153846152,0.0,1.99,10,8.01
Osmaniye,Merkez,37.05551763654233,36.34890519517917,17.579538461538462,0.0,77.75,10,0.0
Osmaniye,Sumbas,37.42870364047124,36.01035273738327,15.931846153846152,0.0,0.0,10,10.0
Osmaniye,Toprakkale,37.12934916780117,36.16092986561621,17.579538461538462,0.0,0.0,10,10.0
Rize,Ardeşen,41.03269916020601,41.12437343473351,6.339384615384615,0.0,52.21,10,0.0
Rize,Derepazarı,41.006538741709605,40.44962918337612,11.144769230769231,0.0,70.9,10,0.0
Rize,Fındıklı,41.1561630903633,41.23699064852412,6.339384615384615,0.0,81.44,10,0.0
Rize,Güneysu,40.94743863853946,40.64180340669834,11.144769230769231,0.0,52.44,10,0.0
Rize,Hemşin,41.00081412695676,40.86974401737566,11.144769230769231,0.0,85.0,10,0.0
Rize,Kalkandere,40.91725459142249,40.48595569515576,11.144769230769231,0.0,78.42,10,0.0
Rize,Merkez,40.94759873398601,40.59072291408524,11.144769230769231,0.0,38.6,10,0.0
Rize,Pazar,41.138655638913264,40.86774455782292,11.144769230769231,0.0,60.14,10,0.0
Rize,Çamlıhemşin,40.88486827195794,40.97096307968468,6.339384615384615,0.0,84.49,10,0.0
Rize,Çayeli,40.95082456597754,40.76421443475466,11.144769230769231,0.0,71.12,10,0.0
Rize,İkizdere,40.70986896964304,40.6432959422176,4.714538461538462,0.0,1.58,5,3.42
Rize,İyidere,40.992305244610776,40.3948861809386,11.144769230769231,0.0,85.11,10,0.0
Sakarya,Akyazı,40.64221327536436,30.75022877366203,11.42753846153846,0.0,33.04,10,0.0
Sakarya,Ferizli,40.987122977609474,30.54396888411648,14.74146153846154,0.0,3.6,10,6.4
Sakarya,Geyve,40.50950100011149,30.320781139157702,11.42753846153846,0.0,1.36,10,8.64
Sakarya,Hendek,40.80408160828496,30.77690279853078,14.74146153846154,0.0,95.8,10,0.0
Sakarya,Karapürçek,40.631471591484285,30.5765192433276,11.42753846153846,0.0,4.94,10,5.06
Sakarya,Karasu,41.03826894855067,30.67113438083818,14.74146153846154,0.0,29.16,10,0.0
Sakarya,Kaynarca,41.041056133466,30.40208320253412,14.74146153846154,0.0,95.81,10,0.0
Sakarya,Kocaali,40.98274115313361,30.907510553991465,14.74146153846154,0.0,57.36,10,0.0
Sakarya,Merkez,40.79944278747429,30.44335533786952,14.74146153846154,0.0,0.79,10,9.21
Sakarya,Pamukova,40.5501814620833,30.122145506931325,12.633230769230767,0.0,80.63,10,0.0
Sakarya,Sapanca,40.69096467067413,30.343657807553264,11.42753846153846,0.0,8.86,10,1.1400000000000006
Sakarya,Söğütlü,40.899201235359946,30.52582052725865,14.74146153846154,0.0,9.38,10,0.6199999999999992
Sakarya,Taraklı,40.44273966729181,30.5463304426355,11.42753846153846,0.0,0.0,10,10.0
Samsun,Alaçam,41.496867540926736,35.57352227439552,12.706384615384616,0.0,73.17,10,0.0
Samsun,Asarcik,41.002391334959775,36.33018702699551,11.876615384615384,0.0,19.47,10,0.0
Samsun,Ayvacık,40.9527212391134,36.55084738048287,11.876615384615384,0.0,18.59,10,0.0
Samsun,Bafra,41.45843073997171,35.84297774096366,12.706384615384616,0.0,0.0,10,10.0
Samsun,Havza,41.065262611485664,35.73688768237795,11.096384615384617,0.0,0.33,10,9.67
Samsun,Kavak,41.094444801657055,36.041206848943474,11.876615384615384,0.0,36.25,10,0.0
Samsun,Ladik,40.92042159336108,35.97519642033695,11.876615384615384,0.0,0.0,10,10.0
Samsun,Merkez,41.24089170573669,36.21798746447706,11.876615384615384,0.0,0.31,10,9.69
Samsun,Ondokuz Mayıs,41.4631779767352,36.04916861563674,14.847384615384616,0.0,0.05,10,9.95
Samsun,Salıpazarı,40.9953588443449,36.80615724721613,12.674153846153846,0.0,93.1,10,0.0
Samsun,Tekkeköy,41.13422643428089,36.46762736269903,11.876615384615384,0.0,6.16,10,3.84
Samsun,Terme,41.18337382730494,36.94177807250468,12.674153846153846,0.0,75.07,10,0.0
Samsun,Vezirköprü,41.18413486127703,35.305996892155704,10.71046153846154,0.0,1.09,10,8.91
Samsun,Yakakent,41.60824045476733,35.52349129842116,12.706384615384616,0.0,85.51,10,0.0
Samsun,Çarşamba,41.2070958419634,36.672064951083456,12.674153846153846,0.0,4.41,10,5.59
Sanliurfa,Akçakale,36.790033300138894,38.80467899865793,18.135692307692302,0.0,0.0,10,10.0
Sanliurfa,Birecik,37.04569855558855,38.09083006077833,17.661153846153844,0.0,0.0,10,10.0
Sanliurfa,Bozova,37.328797707188535,38.43191234368574,17.38576923076923,0.0,0.0,10,10.0
Sanliurfa,Ceylanpınar,36.90663359122141,39.75490125007113,18.917692307692302,0.0,0.0,10,10.0
Sanliurfa,Halfeti,37.25950810941028,37.9998594598859,17.38576923076923,0.0,0.0,10,10.0
Sanliurfa,Harran,36.795807691750085,39.177680960933685,18.548538461538463,0.0,0.0,10,10.0
Sanliurfa,Hilvan,37.52538488874076,38.95811234262418,17.808384615384618,0.0,0.0,10,10.0
Sanliurfa,Merkez,37.124045158012194,38.948143456860734,18.135692307692302,0.0,0.0,10,10.0
Sanliurfa,Siverek,37.657249449750985,39.40951406817269,16.508846153846154,0.0,0.0,10,10.0
Sanliurfa,Suruç,36.97097013001508,38.35611810684249,17.661153846153844,0.0,0.0,10,10.0
Sanliurfa,Viranşehir,37.22598038446956,39.76067579023548,18.917692307692302,0.0,0.0,10,10.0
Siirt,Aydınlar,37.971041411337815,42.05993917811039,15.782692307692306,0.0,0.04,10,9.96
Siirt,Baykan,38.09533418499797,41.81168091576177,15.782692307692306,0.0,0.0,10,10.0
Siirt,Eruh,37.81357370447248,42.146646286456914,15.782692307692306,0.0,0.0,10,10.0
Siirt,Kurtalan,37.91241507424272,41.66608756775532,15.782692307692306,0.0,0.0,10,10.0
Siirt,Merkez,37.95314949294181,41.906425386809246,15.782692307692306,0.0,0.0,10,10.0
Siirt,Pervari,37.94292607473897,42.67847416263853,10.769769230769231,0.0,0.0,10,10.0
Siirt,Şirvan,38.08320930148758,42.23427877903502,10.769769230769231,0.0,6.35,10,3.6500000000000004
Sinop,Ayancık,41.81897416573053,34.59876652549404,13.975,0.0,98.72,10,0.0
Sinop,Boyabat,41.49219566299466,34.71507809707048,11.850846153846154,0.0,4.69,10,5.31
Sinop,Dikmen,41.58561147420242,35.307410891009795,11.850846153846154,0.0,80.63,10,0.0
Sinop,Durağan,41.41766675487269,35.1769408114179,11.850846153846154,0.0,18.79,10,0.0
Sinop,Erfelek,41.86881086024816,34.864554176861795,14.490846153846151,0.0,31.23,10,0.0
Sinop,Gerze,41.72286324584045,35.084139077264844,11.850846153846154,0.0,7.22,10,2.7800000000000002
Sinop,Merkez,41.91724935642361,35.00089746742351,14.490846153846151,0.0,2.02,10,7.98
Sinop,Saraydüzü,41.2869775809569,34.80056066694124,11.850846153846154,0.0,35.32,10,0.0
Sinop,Türkeli,41.862139690479374,34.32525598115441,13.975,0.0,95.12,10,0.0
Sirnak,Beytüşşebap,37.59228469650045,43.17569501385973,10.066153846153847,0.0,0.15,10,9.85
Sirnak,Cizre,37.2959590489286,42.35826345520993,15.382,0.0,0.0,10,10.0
Sirnak,Güçlükonak,37.57931508233701,42.05518755042234,16.78753846153846,0.0,0.0,10,10.0
Sirnak,Merkez,37.61767973021793,42.550815050258194,15.382,0.0,3.09,10,6.91
Sirnak,Silopi,37.29046472836663,42.59482106422996,15.382,0.0,0.0,10,10.0
Sirnak,Uludere,37.40702167712986,43.04430397624668,10.066153846153847,0.0,0.17,10,9.83
Sirnak,İdil,37.34645455967279,41.964174846968895,16.78753846153846,0.0,0.0,10,10.0
Sivas,Akıncılar,40.04477860875657,38.35127803297435,7.577538461538461,0.0,0.15,10,9.85
Sivas,Altınyayla,39.27523027806882,36.8053801315461,9.352230769230768,0.0,0.0,10,10.0
Sivas,Divriği,39.36550802214359,38.091915675771,9.013384615384616,0.0,0.0,10,10.0
Sivas,Doğanşar,40.1961643475479,37.5449438025214,7.670076923076922,0.0,7.63,10,2.37
Sivas,Gemerek,39.28277031858797,36.09103131952365,9.321307692307691,0.0,0.0,10,10.0
Sivas,Gölova,40.0257673720079,38.61329440564738,7.114538461538461,0.0,3.4,10,6.6
Sivas,Gürün,38.80893685015967,37.177812289097695,8.210615384615384,0.0,0.0,10,10.0
Sivas,Hafik,39.90546941567713,37.372434687369385,7.670076923076922,0.0,0.0,10,10.0
Sivas,Kangal,39.2143187845931,37.41303147566127,8.40823076923077,0.0,0.0,10,10.0
Sivas,Koyulhisar,40.2896172866798,37.85805570825536,6.702692307692308,0.0,0.0,10,10.0
Sivas,Merkez,39.68938257185719,36.96957371599611,9.352230769230768,0.0,0.0,10,10.0
Sivas,Suşehri,40.16365948730641,38.128824547479375,7.577538461538461,0.0,0.0,10,10.0
Sivas,Ulaş,39.45697465047859,37.06599526246618,9.352230769230768,0.0,0.0,10,10.0
Sivas,Yıldızeli,39.87268604255335,36.52906277251842,9.919307692307692,0.0,0.0,10,10.0
Sivas,Zara,39.821508943715465,37.78094888198774,7.670076923076922,0.0,0.0,10,10.0
Sivas,İmranlı,39.81527046789713,38.21103747302748,7.577538461538461,0.0,0.0,10,10.0
Sivas,Şarkışla,39.41346687030597,36.39522144169571,9.321307692307691,0.0,0.0,10,10.0
Tekirdag,Hayrabolu,41.20405917197809,27.136302833723487,14.798153846153848,0.0,0.0,10,10.0
Tekirdag,Malkara,40.923212216627086,26.947942251955048,14.798153846153848,0.0,0.59,10,9.41
Tekirdag,Marmaraereğlisi,41.05875738982965,27.982553588756865,15.584615384615384,0.0,0.0,10,10.0
Tekirdag,Merkez,41.00866971540696,27.41464787561189,15.269692307692306,0.0,0.0,10,10.0
Tekirdag,Muratlı,41.18835155409485,27.579974191114005,15.269692307692306,0.0,0.0,10,10.0
Tekirdag,Saray,41.46558826530275,27.94724249922516,14.557153846153849,0.0,79.04,10,0.0
Tekirdag,Çerkezköy,41.36218859443755,28.0636631975076,14.557153846153849,0.0,55.42,10,0.0
Tekirdag,Çorlu,41.21219448090689,27.85810225926478,15.584615384615384,0.0,0.0,10,10.0
Tekirdag,Şarköy,40.7295389344694,27.19341121006117,16.123153846153848,0.0,43.8,10,0.0
Tokat,Almus,40.27481433656717,37.06789263971137,10.97253846153846,0.0,0.0,10,10.0
Tokat,Artova,40.115206290110336,36.28197217038276,9.919307692307692,0.0,0.0,10,10.0
Tokat,Başçiftlik,40.50646221196587,37.11532408971276,10.97253846153846,0.0,18.8,10,0.0
Tokat,Erbaa,40.69138733328746,36.61251741627739,10.97253846153846,0.0,0.0,10,10.0
Tokat,Merkez,40.270807664858125,36.598993839067965,10.97253846153846,0.0,0.85,10,9.15
Tokat,Niksar,40.57753055971593,36.98339967670604,10.97253846153846,0.0,15.52,10,0.0
Tokat,Pazar,40.22352109160386,36.28388792615512,9.919307692307692,0.0,13.05,10,0.0
Tokat,Reşadiye,40.43395277804408,37.37462951043714,8.17723076923077,0.0,0.0,10,10.0
Tokat,Sulusaray,40.00629010350588,36.08410253482975,9.919307692307692,0.0,0.46,10,9.54
Tokat,Turhal,40.39494195525026,36.16335278576464,11.753076923076922,0.0,1.42,10,8.58
Tokat,Yeşilyurt,40.00757327498269,36.306220944164416,9.919307692307692,0.0,0.0,10,10.0
Tokat,Zile,40.2109502334832,35.84399950101877,10.815846153846154,0.0,0.04,10,9.96
Trabzon,Akçaabat,40.966195136572736,39.49661995964536,13.575153846153848,0.0,1.64,10,8.36
Trabzon,Araklı,40.74171110235967,39.95122285423503,4.144692307692308,0.0,73.17,5,0.0
Trabzon,Arsin,40.8486752685711,39.90652016003077,16.39084615384615,0.0,63.57,10,0.0
Trabzon,Beşikdüzü,41.01411258218808,39.1956108663592,13.575153846153848,0.0,13.79,10,0.0
Trabzon,Dernekpazarı,40.807912458293366,40.27548461371839,16.39084615384615,0.0,22.35,10,0.0
Trabzon,Düzköy,40.8657974292224,39.39948923980311,13.575153846153848,0.0,3.78,10,6.220000000000001
Trabzon,Hayrat,40.784123755248,40.42368983233944,11.144769230769231,0.0,71.19,10,0.0
Trabzon,Köprübaşı,40.7158219370651,40.12030560565853,4.144692307692308,0.0,75.46,5,0.0
Trabzon,Maçka,40.726290757923685,39.55884940280271,5.973307692307692,0.0,54.75,10,0.0
Trabzon,Merkez,40.94597633192017,39.69589262032642,16.39084615384615,0.0,39.3,10,0.0
Trabzon,Of,40.904219752496886,40.29458040947439,16.39084615384615,0.0,71.3,10,0.0
Trabzon,Sürmene,40.8144249036688,40.08264171996844,16.39084615384615,0.0,75.3,10,0.0
Trabzon,Tonya,40.83909154937808,39.256816758407936,13.575153846153848,0.0,63.05,10,0.0
Trabzon,Vakfıkebir,40.97671094012157,39.30445133493634,13.575153846153848,0.0,8.04,10,1.9600000000000009
Trabzon,Yomra,40.84813670804133,39.81373058297265,16.39084615384615,0.0,29.31,10,0.0
Trabzon,Çarşıbaşı,41.03850031601526,39.367979721589,13.575153846153848,0.0,70.14,10,0.0
Trabzon,Çaykara,40.62351543462516,40.28682732210406,4.144692307692308,0.0,50.56,5,0.0
Trabzon,Şalpazarı,40.88077003784214,39.15462296839721,13.575153846153848,0.0,15.19,10,0.0
Tunceli,Hozat,39.12936295978324,39.23939469743994,12.123692307692307,0.0,0.0,10,10.0
Tunceli,Mazgirt,38.95243127976648,39.74107010571065,10.90576923076923,0.0,0.0,10,10.0
Tunceli,Merkez,39.151414275104976,39.63025780890647,12.123692307692307,0.0,0.0,10,10.0
Tunceli,Nazımiye,39.21886483826024,39.921955564456,10.90576923076923,0.0,0.0,10,10.0
Tunceli,Ovacık,39.34689087275989,39.2921811567408,5.720615384615384,0.0,0.17,10,9.83
Tunceli,Pertek,38.9008410900956,39.36346813439545,12.123692307692307,0.0,0.0,10,10.0
Tunceli,Pülümür,39.438048107680814,40.08199182734104,7.342692307692308,0.0,0.0,10,10.0
Tunceli,Çemişgezek,39.048009123310464,38.90555832125201,12.392615384615386,0.0,0.0,10,10.0
Usak,Banaz,38.733687667706455,29.71388070473952,11.443076923076925,0.0,22.89,10,0.0
Usak,Eşme,38.4411749460799,29.01297462246233,14.450230769230767,0.0,0.0,10,10.0
Usak,Karahallı,38.31152423181298,29.52512783806585,13.345692307692309,0.0,0.0,10,10.0
Usak,Merkez,38.6490921156764,29.34376958141318,13.345692307692309,0.0,0.0,10,10.0
Usak,Sivaslı,38.48799961769668,29.62429589083817,13.345692307692309,0.0,2.67,10,7.33
Usak,Ulubey,38.38043913282015,29.29320800582729,13.345692307692309,0.0,0.0,10,10.0
Van,Bahçesaray,38.09510137417775,42.96506096094262,6.301461538461538,0.0,0.0,10,10.0
Van,Başkale,37.95982259135484,44.21001881964643,6.438384615384615,0.0,0.0,10,10.0
Van,Edremit,38.466876390161154,43.22500307906965,10.509153846153849,0.0,0.0,10,10.0
Van,Erciş,39.13343613019066,43.33708183582761,9.91876923076923,0.0,0.0,10,10.0
Van,Gevaş,38.331177010572,42.99105257105601,10.509153846153849,0.0,0.0,10,10.0
Van,Gürpınar,38.11149940676165,43.74847844577759,5.1904615384615385,0.0,0.0,10,10.0
Van,Merkez,38.676111252706,43.45588160723279,7.09246153846154,0.0,0.0,10,10.0
Van,Muradiye,39.01162291009511,43.71752063451966,7.269153846153846,0.0,0.0,10,10.0
Van,Saray,38.45511988739085,44.251931888228974,5.761,0.0,0.0,10,10.0
Van,Çaldıran,39.13011626486243,43.9781344956908,7.269153846153846,0.0,0.0,10,10.0
Van,Çatak,37.97529280165084,43.26130436034989,6.301461538461538,0.0,0.0,10,10.0
Van,Özalp,38.70682275338305,44.0456421984975,7.09246153846154,0.0,0.0,10,10.0
Yalova,Altınova,40.62420967182785,29.40970192173894,14.389,0.0,0.0,10,10.0
Yalova,Armutlu,40.52696566897169,28.92275768097515,15.650846153846151,0.0,96.83,10,0.0
Yalova,Merkez,40.60529674036217,29.246105917288247,14.389,0.0,34.89,10,0.0
Yalova,Termal,40.60480522349432,29.157469424105688,14.389,0.0,96.12,10,0.0
Yalova,Çiftlikköy,40.638077629343314,29.3562942238594,14.389,0.0,0.0,10,10.0
Yalova,Çınarcık,40.60436369347328,29.049153507375323,15.650846153846151,0.0,86.88,10,0.0
Yozgat,Akdağmadeni,39.70386099009415,35.839719741872095,9.61076923076923,0.0,2.14,10,7.859999999999999
Yozgat,Aydıncık,40.139109955858125,35.288987028534024,10.240923076923078,0.0,0.42,10,9.58
Yozgat,Boğazlıyan,39.23725292914053,35.22889398859961,11.582307692307692,0.0,0.0,10,10.0
Yozgat,Kadışehri,39.98410959325272,35.820640566637564,10.815846153846154,0.0,0.0,10,10.0
Yozgat,Merkez,39.82213228385357,34.81940564730009,10.240923076923078,0.0,0.0,10,10.0
Yozgat,Saraykent,39.792308774678254,35.585433071655814,10.815846153846154,0.0,0.0,10,10.0
Yozgat,Sarıkaya,39.51404415930692,35.411769912765855,9.61076923076923,0.0,0.0,10,10.0
Yozgat,Sorgun,39.80444376008891,35.2467275508859,10.240923076923078,0.0,0.0,10,10.0
Yozgat,Yenifakılı,39.27331500844337,34.99641529910032,11.02,0.0,0.0,10,10.0
Yozgat,Yerköy,39.78409936260028,34.3961335021386,11.430076923076925,0.0,0.0,10,10.0
Yozgat,Çandır,39.27233794453658,35.500141226144954,9.61076923076923,0.0,0.0,10,10.0
Yozgat,Çayıralan,39.39208700502545,35.717235597252774,9.61076923076923,0.0,0.23,10,9.77
Yozgat,Çekerek,40.01424294432496,35.50978639831244,10.815846153846154,0.0,0.0,10,10.0
Yozgat,Şefaatli,39.53077616504328,34.78625158290032,11.02,0.0,0.0,10,10.0
Zinguldak,Alaplı,41.13385037039894,31.425911286625745,13.208153846153843,0.0,46.32,10,0.0
Zinguldak,Devrek,41.144889510910446,31.94052424619496,11.059461538461536,0.0,81.77,10,0.0
Zinguldak,Ereğli,41.21259758651194,31.60576114453137,11.059461538461536,0.0,11.58,10,0.0
Zinguldak,Gökçebey,41.26979550478919,32.191916297816206,12.009076923076922,0.0,86.44,10,0.0
Zinguldak,Merkez,41.38700981776457,31.86319154124197,14.624615384615383,0.0,51.56,10,0.0
Zinguldak,Çaycuma,41.40593839027443,32.089097580424834,14.624615384615383,0.0,0.4,10,9.6
Çanakkale,Ayvacık,39.586787543162686,26.37142036619736,17.10676923076923,0.0,9.1,10,0.9000000000000004
Çanakkale,Bayramiç,39.84608290314919,26.68506927799216,14.55346153846154,0.0,0.0,10,10.0
Çanakkale,Biga,40.27712729839052,27.22471955345804,16.123153846153848,0.0,0.89,10,9.11
Çanakkale,Bozcaada,39.82570681379318,26.03395059613528,16.52546153846154,0.0,0.0,10,10.0
Çanakkale,Eceabat,40.23705377484916,26.32878444433767,16.52546153846154,0.0,27.11,10,0.0
Çanakkale,Ezine,39.7982110334579,26.29104962503681,16.52546153846154,0.0,0.0,10,10.0
Çanakkale,Gelibolu,40.54595869892671,26.75946735682376,16.298000000000002,0.0,0.0,10,10.0
Çanakkale,Gökçeada,40.16148758566151,25.839946595793297,17.40092307692308,0.0,15.06,10,0.0
Çanakkale,Lapseki,40.26930252455806,26.786739180265368,16.298000000000002,0.0,29.77,10,0.0
Çanakkale,Merkez,40.051362018967694,26.49063137622703,16.52546153846154,0.0,1.53,10,8.47
Çanakkale,Yenice,39.953529136827726,27.28701330683691,14.640384615384615,0.0,15.75,10,0.0
Çanakkale,Çan,40.039921613613885,26.995281790417074,14.55346153846154,0.0,1.32,10,8.68
Çankiri,Atkaracalar,40.854304922089554,33.133748881522905,9.811846153846153,0.0,0.0,10,10.0
Çankiri,Bayramören,41.0001410314044,33.22357399902238,9.811846153846153,0.0,94.73,10,0.0
Çankiri,Eldivan,40.50778080478367,33.50606842367421,11.629692307692308,0.0,24.23,10,0.0
Çankiri,Ilgaz,40.932345353961736,33.697422077235494,8.945846153846153,0.0,33.35,10,0.0
Çankiri,Korgun,40.71809812293938,33.49732370486053,11.629692307692308,0.0,0.0,10,10.0
Çankiri,Kurşunlu,40.8353723778876,33.35167261689867,9.811846153846153,0.0,0.0,10,10.0
Çankiri,Kızılırmak,40.368500435969366,33.9952849542275,11.629692307692308,0.0,14.57,10,0.0
Çankiri,Merkez,40.520493896493576,33.77204892329665,11.629692307692308,0.0,0.0,10,10.0
Çankiri,Orta,40.63803171594383,33.09373290936319,9.277692307692307,0.0,0.0,10,10.0
Çankiri,Yapraklı,40.72405859885532,33.951223939992595,11.629692307692308,0.0,0.0,10,10.0
Çankiri,Çerkeş,40.83111254275211,32.81619634601364,9.811846153846153,0.0,0.0,10,10.0
Çankiri,Şabanözü,40.47935194484709,33.2725376007997,9.277692307692307,0.0,0.0,10,10.0
Çorum,Alaca,40.15899445480406,34.9114473180059,10.240923076923078,0.0,0.0,10,10.0
Çorum,Bayat,40.67088143137234,34.21243326562259,12.14953846153846,0.0,0.0,10,10.0
Çorum,Boğazkale,40.05695932229837,34.5917298617765,11.430076923076925,0.0,0.0,10,10.0
Çorum,Dodurga,40.841556572932326,34.77285015478549,10.71046153846154,0.0,0.04,10,9.96
Çorum,Kargı,41.13507828874499,34.50404949077588,9.884538461538462,0.0,8.8,10,1.1999999999999993
Çorum,Laçin,40.76479887239133,34.92092028962781,10.71046153846154,0.0,2.46,10,7.54
Çorum,Mecitözü,40.48318037093678,35.275709351222815,11.021307692307692,0.0,0.0,10,10.0
Çorum,Merkez,40.48975217910049,34.875468919946535,11.021307692307692,0.0,0.0,10,10.0
Çorum,Ortaköy,40.270835320527496,35.26329676387318,11.021307692307692,0.0,0.0,10,10.0
Çorum,Osmancık,41.00692975662824,34.844932177816304,10.71046153846154,0.0,0.0,10,10.0
Çorum,Oğuzlar,40.78869540381118,34.658254903967546,9.884538461538462,0.0,0.4,10,9.6
Çorum,Sungurlu,40.19507484008395,34.32267601283664,11.430076923076925,0.0,0.0,10,10.0
Çorum,Uğurludağ,40.464284947492736,34.44794945672919,12.14953846153846,0.0,0.0,10,10.0
Çorum,İskilip,40.79475404017048,34.44576684481841,9.884538461538462,0.0,34.8,10,0.0
