province_name,district_name,trees_needed,treecover_pct,model_potential_treecover_pct,treecover_gap_pct
Adana,Aladağ,0,54.58,41.043211198724244,0.0
Adana,Ceyhan,28660272,0.05,38.02667557145793,37.97667557145793
Adana,Feke,4887686,15.07,21.565606711883156,6.4956067118831555
Adana,Karaisali,14441959,8.33,24.96918611184006,16.63918611184006
Adana,Karataş,8597384,0.0,38.02667557145793,38.02667557145793
Adana,Kozan,45085855,0.59,41.043211198724244,40.45321119872424
Adana,Pozantı,12033294,4.73,24.96918611184006,20.23918611184006
Adana,Saimbeyli,2497387,43.16,47.36567432879811,4.205674328798111
Adana,Seyhan,11818063,0.0,38.02667557145793,38.02667557145793
Adana,Tufanbeyli,24683580,0.0,42.63668216267263,42.63668216267263
Adana,Yumurtalık,8924005,0.23,38.02667557145793,37.79667557145793
Adana,Yüreğir,28847007,0.0,38.02667557145793,38.02667557145793
Adana,İmamoğlu,6158027,0.0,41.043211198724244,41.043211198724244
Adiyaman,Besni,16918720,0.0,38.02667557145793,38.02667557145793
Adiyaman,Gerger,28845073,0.0,68.94964681143338,68.94964681143338
Adiyaman,Gölbaşı,10441238,0.0,30.783264461999867,30.783264461999867
Adiyaman,Kahta,45407202,0.0,68.94964681143338,68.94964681143338
Adiyaman,Merkez,30284886,0.0,38.02667557145793,38.02667557145793
Adiyaman,Samsat,5754701,0.0,38.02667557145793,38.02667557145793
Adiyaman,Sincik,22851900,0.23,68.94964681143338,68.71964681143338
Adiyaman,Tut,6589396,0.07,26.565824362050865,26.495824362050865
Adiyaman,Çelikhan,8508540,0.0,26.565824362050865,26.565824362050865
Afyon,Bayat,14410763,0.0,43.057864308157995,43.057864308157995
Afyon,Başmakçı,18376557,0.56,67.01125642117886,66.45125642117885
Afyon,Bolvadin,28974481,0.0,50.13997794925729,50.13997794925729
Afyon,Dazkırı,11963462,0.0,67.01125642117886,67.01125642117886
Afyon,Dinar,45742057,0.0,67.01125642117886,67.01125642117886
Afyon,Emirdağ,47290677,0.0,50.13997794925729,50.13997794925729
Afyon,Evciler,4878476,0.0,67.01125642117886,67.01125642117886
Afyon,Hocalar,8513421,0.0,26.565824362050865,26.565824362050865
Afyon,Kızılören,3180820,0.0,26.565824362050865,26.565824362050865
Afyon,Merkez,22247227,0.0,43.057864308157995,43.057864308157995
Afyon,Sandıklı,15958908,0.0,26.565824362050865,26.565824362050865
Afyon,Sincanlı,11084173,0.75,26.565824362050865,25.815824362050865
Afyon,Sultandağı,11452372,0.0,27.623461715884698,27.623461715884698
Afyon,Çay,11749276,0.0,27.623461715884698,27.623461715884698
Afyon,Çobanlar,10446081,0.0,53.912723684426524,53.912723684426524
Afyon,İhsaniye,18457416,0.0,43.057864308157995,43.057864308157995
Afyon,İscehisar,11122240,0.0,43.057864308157995,43.057864308157995
Afyon,Şuhut,32341821,0.0,53.912723684426524,53.912723684426524
Agri,Diyadin,23293148,0.0,42.94640592711692,42.94640592711692
Agri,Doğubeyazıt,50374495,0.0,42.94640592711692,42.94640592711692
Agri,Eleşkirt,25136653,0.0,37.99467201318694,37.99467201318694
Agri,Hamur,15812061,0.0,37.99467201318694,37.99467201318694
Agri,Merkez,28522104,0.0,42.94640592711692,42.94640592711692
Agri,Patnos,16427628,0.0,29.25803922007553,29.25803922007553
Agri,Taşlıçay,13898172,0.0,37.99467201318694,37.99467201318694
Agri,Tutak,45325420,1.37,60.56570783997703,59.19570783997703
Aksaray,Ağaçören,22932594,0.0,67.5065640809194,67.5065640809194
Aksaray,Eskil,16269040,0.0,24.96918611184006,24.96918611184006
Aksaray,Gülağaç,4073336,0.0,50.04333290271219,50.04333290271219
Aksaray,Güzelyurt,1620180,0.0,21.565606711883156,21.565606711883156
Aksaray,Merkez,141099813,0.0,67.5065640809194,67.5065640809194
Aksaray,Ortaköy,17801225,0.0,50.04333290271219,50.04333290271219
Aksaray,Sarıyahşi,14553431,0.0,65.63595459584266,65.63595459584266
Amasya,Göynücek,8035093,12.33,30.812464632170666,18.482464632170668
Amasya,Gümüşhacıköy,19092690,0.0,50.29728424135734,50.29728424135734
Amasya,Hamamözü,0,81.68,50.29728424135734,0.0
Amasya,Merkez,27436099,0.0,30.812464632170666,30.812464632170666
Amasya,Merzifon,27302820,0.0,53.912723684426524,53.912723684426524
Amasya,Suluova,14691975,0.0,53.912723684426524,53.912723684426524
Amasya,Taşova,12847645,0.0,24.269506898369173,24.269506898369173
Ankara,Akyurt,2562020,0.0,21.565606711883156,21.565606711883156
Ankara,Altındağ,1511910,0.0,21.565606711883156,21.565606711883156
Ankara,Ayaş,16564956,0.0,29.47165316679401,29.47165316679401
Ankara,Bala,49058133,0.0,50.13997794925729,50.13997794925729
Ankara,Beypazarı,61699837,0.0,65.63595459584266,65.63595459584266
Ankara,Elmadağ,8041105,0.91,21.565606711883156,20.655606711883156
Ankara,Etimesgut,783964,0.0,29.47165316679401,29.47165316679401
Ankara,Evren,12343730,0.0,65.63595459584266,65.63595459584266
Ankara,Gölbaşı,19582640,0.0,50.13997794925729,50.13997794925729
Ankara,Güdül,5878929,0.0,29.47165316679401,29.47165316679401
Ankara,Haymana,44912911,0.0,30.812464632170666,30.812464632170666
Ankara,Kalecik,22045503,0.0,30.812464632170666,30.812464632170666
Ankara,Kazan,6122940,0.0,29.47165316679401,29.47165316679401
Ankara,Keçiören,1968055,0.0,21.565606711883156,21.565606711883156
Ankara,Kızılcahamam,17653716,23.4,42.63668216267263,19.23668216267263
Ankara,Mamak,3661167,0.0,21.565606711883156,21.565606711883156
Ankara,Nallıhan,25863220,6.68,29.47165316679401,22.79165316679401
Ankara,Polatlı,42182171,0.0,24.96918611184006,24.96918611184006
Ankara,Sincan,5273682,0.0,29.47165316679401,29.47165316679401
Ankara,Yenimahalle,7984455,0.0,29.47165316679401,29.47165316679401
Ankara,Çamlıdere,8222181,2.07,42.63668216267263,40.56668216267263
Ankara,Çankaya,2085759,0.0,21.565606711883156,21.565606711883156
Ankara,Çubuk,32570610,0.0,42.86011013404343,42.86011013404343
Ankara,Şultan Koçhisar,73400811,0.0,65.63595459584266,65.63595459584266
Antalya,Akseki,16821125,0.0,24.96918611184006,24.96918611184006
Antalya,Alanya,11944426,12.96,28.235127924267466,15.275127924267466
Antalya,Elmalı,31058081,0.0,33.43149962897458,33.43149962897458
Antalya,Finike,11432005,0.0,33.43149962897458,33.43149962897458
Antalya,Gazipaşa,0,47.36,28.235127924267466,0.0
Antalya,Gündoğmuş,0,42.22,24.96918611184006,0.0
Antalya,Kale,0,38.4,33.43149962897458,0.0
Antalya,Kaş,5996144,11.96,18.456742176430726,6.496742176430725
Antalya,Kemer,0,38.91,38.02667557145793,0.0
Antalya,Korkuteli,65575802,0.0,53.912723684426524,53.912723684426524
Antalya,Kumluca,5450463,24.42,33.43149962897458,9.011499628974576
Antalya,Manavgat,1791548,36.43,38.02667557145793,1.5966755714579293
Antalya,Merkez,35499083,0.62,38.02667557145793,37.40667557145793
Antalya,Serik,14518630,16.9,38.02667557145793,21.12667557145793
Antalya,İbradi,14991196,0.0,24.96918611184006,24.96918611184006
Ardahan,Damal,6297607,0.0,37.99467201318694,37.99467201318694
Ardahan,Göle,24716136,0.0,37.99467201318694,37.99467201318694
Ardahan,Hanak,10446601,0.0,37.99467201318694,37.99467201318694
Ardahan,Merkez,22054453,0.0,37.99467201318694,37.99467201318694
Ardahan,Posof,12304133,0.0,37.99467201318694,37.99467201318694
Ardahan,Çıldır,13648332,3.69,37.99467201318694,34.304672013186945
Artvin,Ardanuç,19344789,2.46,42.94640592711692,40.48640592711692
Artvin,Arhavi,0,86.83,37.99467201318694,0.0
Artvin,Borçka,0,91.96,66.85561204708458,0.0
Artvin,Hopa,0,59.95,18.456742176430726,0.0
Artvin,Merkez,8835267,26.75,42.94640592711692,16.19640592711692
Artvin,Murgul,0,91.3,37.99467201318694,0.0
Artvin,Yusufeli,0,64.99,42.94640592711692,0.0
Artvin,Şavşat,1860802,35.19,37.99467201318694,2.804672013186945
Aydin,Bozdoğan,13252098,0.0,31.871602496602392,31.871602496602392
Aydin,Buharkent,883732,10.6,26.10300470193037,15.50300470193037
Aydin,Didim,5781162,0.14,38.02667557145793,37.88667557145793
Aydin,Germencik,7753191,0.07,38.02667557145793,37.95667557145793
Aydin,Karacasu,13905638,0.0,38.218563078513064,38.218563078513064
Aydin,Karpuzlu,4484364,3.38,38.02667557145793,34.646675571457926
Aydin,Koçarlı,0,60.31,38.02667557145793,0.0
Aydin,Kuyucak,6506921,0.0,26.10300470193037,26.10300470193037
Aydin,Kuşadası,4082379,0.17,38.02667557145793,37.85667557145793
Aydin,Köşk,3154075,0.0,31.871602496602392,31.871602496602392
Aydin,Merkez,10007843,2.32,31.871602496602392,29.551602496602392
Aydin,Nazilli,9111220,0.0,31.871602496602392,31.871602496602392
Aydin,Sultanhisar,3785610,1.07,31.871602496602392,30.801602496602392
Aydin,Söke,18471722,3.86,38.02667557145793,34.16667557145793
Aydin,Yenipazar,2344124,7.21,31.871602496602392,24.66160249660239
Aydin,Çine,15060634,0.07,31.871602496602392,31.801602496602392
Aydin,İncirliova,423340,34.67,38.02667557145793,3.3566755714579273
Balikesir,Ayvalık,8388111,0.0,43.48680410132112,43.48680410132112
Balikesir,Balya,19767907,4.09,39.43911573443737,35.349115734437376
Balikesir,Bandırma,21308293,0.0,64.63785812003717,64.63785812003717
Balikesir,Bigadiç,17664508,13.3,48.197214556578515,34.89721455657852
Balikesir,Burhaniye,4439301,14.3,43.48680410132112,29.18680410132112
Balikesir,Dursunbey,20034168,4.58,24.96918611184006,20.38918611184006
Balikesir,Edremit,0,91.3,43.48680410132112,0.0
Balikesir,Erdek,0,94.09,64.63785812003717,0.0
Balikesir,Gömeç,2258024,25.31,43.48680410132112,18.17680410132112
Balikesir,Gönen,21586925,0.3,39.43911573443737,39.139115734437375
Balikesir,Havran,0,71.62,53.285779740118,0.0
Balikesir,Kepsut,0,82.72,48.197214556578515,0.0
Balikesir,Manyas,0,32.17,30.077068237309653,0.0
Balikesir,Marmara,1468591,24.15,42.030345931533574,17.880345931533576
Balikesir,Merkez,34159180,0.0,48.197214556578515,48.197214556578515
Balikesir,Savaştepe,9710119,0.0,53.285779740118,53.285779740118
Balikesir,Susurluk,0,40.06,30.077068237309653,0.0
Balikesir,Sındırgı,32264452,1.11,46.5270874313944,45.4170874313944
Balikesir,İvrindi,18785460,0.91,53.285779740118,52.375779740118006
Bartın,Amasra,7026961,0.0,65.63595459584266,65.63595459584266
Bartın,Kurucaşile,572436,25.31,30.783264461999867,5.473264461999868
Bartın,Merkez,41858965,2.16,65.63595459584266,63.475954595842666
Bartın,Ulus,27296022,0.86,65.63595459584266,64.77595459584266
Batman,Beşiri,16216079,0.0,41.043211198724244,41.043211198724244
Batman,Gercüş,14742780,0.0,41.043211198724244,41.043211198724244
Batman,Hasankeyf,8906714,0.0,41.043211198724244,41.043211198724244
Batman,Kozluk,22855761,0.0,41.043211198724244,41.043211198724244
Batman,Merkez,9491156,0.0,41.043211198724244,41.043211198724244
Batman,Sason,10319854,0.0,24.96918611184006,24.96918611184006
Bayburt,Aydıntepe,7964761,0.0,37.99467201318694,37.99467201318694
Bayburt,Demirözü,10472845,0.0,42.94640592711692,42.94640592711692
Bayburt,Merkez,47201271,0.0,37.99467201318694,37.99467201318694
Bilecik,Bozüyük,29295749,3.89,65.63595459584266,61.74595459584266
Bilecik,Gölpazarı,9181661,0.0,26.565824362050865,26.565824362050865
Bilecik,Merkez,28425271,0.0,65.63595459584266,65.63595459584266
Bilecik,Osmaneli,18091072,0.15,75.75612984670919,75.60612984670918
Bilecik,Pazaryeri,10906619,0.0,65.63595459584266,65.63595459584266
Bilecik,Söğüt,19390719,0.0,65.63595459584266,65.63595459584266
Bilecik,Yenipazar,4944617,0.41,29.47165316679401,29.06165316679401
Bilecik,İnhisar,5862425,0.0,29.47165316679401,29.47165316679401
Bingöl,Adaklı,16953263,0.0,37.99467201318694,37.99467201318694
Bingöl,Genç,19830769,0.0,23.43576955874539,23.43576955874539
Bingöl,Karlıova,27736709,0.0,37.99467201318694,37.99467201318694
Bingöl,Kiğı,4793606,0.0,37.99467201318694,37.99467201318694
Bingöl,Merkez,39581848,0.0,42.86011013404343,42.86011013404343
Bingöl,Solhan,24077672,0.05,42.86011013404343,42.810110134043434
Bingöl,Yayladere,2558147,4.64,21.565606711883156,16.925606711883155
Bingöl,Yedisu,10686917,0.0,37.99467201318694,37.99467201318694
Bitlis,Adilcevaz,25365173,0.0,29.25803922007553,29.25803922007553
Bitlis,Ahlat,23035059,0.0,42.63668216267263,42.63668216267263
Bitlis,Güroymak,15135945,0.0,57.473990892096396,57.473990892096396
Bitlis,Hizan,9141828,0.0,21.565606711883156,21.565606711883156
Bitlis,Merkez,33686563,0.0,57.473990892096396,57.473990892096396
Bitlis,Mutki,22725650,13.22,57.473990892096396,44.2539908920964
Bitlis,Tatvan,33341402,0.0,29.25803922007553,29.25803922007553
Bolu,Dörtdivan,947401,37.84,42.86011013404343,5.020110134043428
Bolu,Gerede,0,59.1,42.63668216267263,0.0
Bolu,Göynük,0,31.19,26.565824362050865,0.0
Bolu,Kıbrıscık,0,57.57,42.86011013404343,0.0
Bolu,Mengen,0,89.31,53.912723684426524,0.0
Bolu,Merkez,30812714,0.0,42.86011013404343,42.86011013404343
Bolu,Mudurnu,37195586,0.0,57.473990892096396,57.473990892096396
Bolu,Seben,13516995,0.0,42.86011013404343,42.86011013404343
Bolu,Yeniçağa,1887947,24.37,53.912723684426524,29.542723684426523
Burdur,Altınyayla,2329955,11.01,23.18476247407145,12.174762474071452
Burdur,Ağlasun,3838142,1.65,23.43576955874539,21.78576955874539
Burdur,Bucak,7641609,13.7,23.43576955874539,9.735769558745389
Burdur,Gölhisar,3519395,0.0,23.18476247407145,23.18476247407145
Burdur,Karamanlı,4739650,0.0,24.96918611184006,24.96918611184006
Burdur,Kemer,7110974,0.0,24.96918611184006,24.96918611184006
Burdur,Merkez,15996527,0.0,24.96918611184006,24.96918611184006
Burdur,Tefenni,8029497,0.0,24.96918611184006,24.96918611184006
Burdur,Yeşilova,13681447,0.0,24.96918611184006,24.96918611184006
Burdur,Çavdır,13628329,0.0,53.912723684426524,53.912723684426524
Burdur,Çeltikçi,1718888,3.41,23.43576955874539,20.025769558745388
Bursa,Büyükorhan,443187,23.27,24.96918611184006,1.69918611184006
Bursa,Gemlik,9465760,0.0,53.285779740118,53.285779740118
Bursa,Gürsu,3078304,0.0,53.285779740118,53.285779740118
Bursa,Harmancık,0,61.33,50.13997794925729,0.0
Bursa,Karacabey,40136667,0.07,64.63785812003717,64.56785812003717
Bursa,Keles,0,35.15,21.133439077941105,0.0
Bursa,Kestel,2117274,11.1,21.133439077941105,10.033439077941106
Bursa,Mudanya,9893802,0.22,59.646634680241306,59.42663468024131
Bursa,Mustafa Kemalpaşa,2370036,31.78,34.73437664907176,2.9543766490717616
Bursa,Nilüfer,12077783,0.0,34.73437664907176,34.73437664907176
Bursa,Orhaneli,359553,33.83,34.73437664907176,0.9043766490717644
Bursa,Orhangazi,12966665,0.0,53.285779740118,53.285779740118
Bursa,Osmangazi,0,24.81,21.133439077941105,0.0
Bursa,Yenişehir,21967189,0.0,53.285779740118,53.285779740118
Bursa,Yıldırım,747640,0.0,21.133439077941105,21.133439077941105
Bursa,İnegöl,10782968,0.53,21.133439077941105,20.603439077941104
Bursa,İznik,19345341,0.7,53.285779740118,52.585779740118
Denizli,Acıpayam,2855898,19.35,23.18476247407145,3.83476247407145
Denizli,Akköy,4064412,0.0,46.5270874313944,46.5270874313944
Denizli,Babadağ,0,29.73,26.10300470193037,0.0
Denizli,Baklan,8521913,0.0,46.5270874313944,46.5270874313944
Denizli,Bekilli,5245150,0.0,46.5270874313944,46.5270874313944
Denizli,Beyağaç,2214778,0.0,38.02667557145793,38.02667557145793
Denizli,Bozkurt,2721035,8.2,23.18476247407145,14.984762474071452
Denizli,Buldan,5513792,0.0,26.10300470193037,26.10300470193037
Denizli,Güney,11687617,1.51,46.5270874313944,45.0170874313944
Denizli,Honaz,0,48.68,23.18476247407145,0.0
Denizli,Kale,10351262,9.6,38.218563078513064,28.618563078513063
Denizli,Merkez,16349969,1.14,46.5270874313944,45.3870874313944
Denizli,Sarayköy,4707990,0.0,26.10300470193037,26.10300470193037
Denizli,Serinhisar,2326562,0.0,23.18476247407145,23.18476247407145
Denizli,Tavas,28063453,0.0,38.218563078513064,38.218563078513064
Denizli,Çal,19205106,0.0,46.5270874313944,46.5270874313944
Denizli,Çameli,5940410,0.0,23.18476247407145,23.18476247407145
Denizli,Çardak,11017744,0.0,67.01125642117886,67.01125642117886
Denizli,Çivril,49371497,0.0,67.01125642117886,67.01125642117886
Diyarbakir,Bismil,15350920,0.0,18.456742176430726,18.456742176430726
Diyarbakir,Dicle,11454884,0.0,28.235127924267466,28.235127924267466
Diyarbakir,Ergani,42519727,0.0,53.182228941044265,53.182228941044265
Diyarbakir,Eğil,12780247,0.0,53.182228941044265,53.182228941044265
Diyarbakir,Hani,4694459,0.0,23.43576955874539,23.43576955874539
Diyarbakir,Hazro,4931461,0.0,23.43576955874539,23.43576955874539
Diyarbakir,Kocaköy,1912485,0.0,23.43576955874539,23.43576955874539
Diyarbakir,Kulp,17517593,0.0,24.96918611184006,24.96918611184006
Diyarbakir,Lice,11818830,0.0,23.43576955874539,23.43576955874539
Diyarbakir,Merkez,26971,53.16,53.182228941044265,0.022228941044268424
Diyarbakir,Silvan,25533946,0.0,41.043211198724244,41.043211198724244
Diyarbakir,Çermik,14171423,0.0,30.077068237309653,30.077068237309653
Diyarbakir,Çüngüş,10474719,0.15,34.73437664907176,34.584376649071764
Diyarbakir,Çınar,34496934,0.0,42.030345931533574,42.030345931533574
Düzce,Akçakoca,0,95.9,60.258788655351864,0.0
Düzce,Cumayeri,0,94.28,60.258788655351864,0.0
Düzce,Gölyaka,0,91.56,60.258788655351864,0.0
Düzce,Gümüşova,4866971,3.96,60.258788655351864,56.29878865535186
Düzce,Kaynaşlı,0,83.57,57.473990892096396,0.0
Düzce,Merkez,0,79.75,60.258788655351864,0.0
Düzce,Yığılca,7843911,33.75,60.258788655351864,26.508788655351864
Düzce,Çilimli,549500,49.46,60.258788655351864,10.798788655351863
Edirne,Enez,9194503,0.07,41.043211198724244,40.97321119872424
Edirne,Havsa,15935398,0.0,51.973376861296735,51.973376861296735
Edirne,Keşan,20443575,0.0,33.43149962897458,33.43149962897458
Edirne,Lalapaşa,17032096,0.0,67.01125642117886,67.01125642117886
Edirne,Meriç,10685032,0.07,53.384908935889854,53.314908935889854
Edirne,Merkez,21482492,0.21,51.973376861296735,51.763376861296734
Edirne,Süleoğlu,8917602,0.0,67.01125642117886,67.01125642117886
Edirne,Uzunköprü,19225095,0.0,33.43149962897458,33.43149962897458
Edirne,İpsala,18308843,0.04,53.384908935889854,53.344908935889855
Elazığ,Alacakaya,2394416,0.0,28.235127924267466,28.235127924267466
Elazığ,Aricak,5885720,0.0,28.235127924267466,28.235127924267466
Elazığ,Ağın,3514375,0.0,24.96918611184006,24.96918611184006
Elazığ,Baskil,43365252,0.0,67.01125642117886,67.01125642117886
Elazığ,Karakoçan,13928565,0.0,21.565606711883156,21.565606711883156
Elazığ,Keban,6324659,0.0,24.96918611184006,24.96918611184006
Elazığ,Kovancılar,12361153,0.0,28.235127924267466,28.235127924267466
Elazığ,Maden,12121055,0.0,34.73437664907176,34.73437664907176
Elazığ,Merkez,38590699,0.0,34.73437664907176,34.73437664907176
Elazığ,Palu,11003692,1.86,28.235127924267466,26.375127924267467
Elazığ,Sivrice,12074269,0.0,34.73437664907176,34.73437664907176
Erzincan,Kemah,45711151,0.0,42.86011013404343,42.86011013404343
Erzincan,Kemaliye,12773612,1.04,24.96918611184006,23.92918611184006
Erzincan,Merkez,32833313,0.0,37.99467201318694,37.99467201318694
Erzincan,Otlukbeli,9651381,0.0,42.94640592711692,42.94640592711692
Erzincan,Refahiye,33878191,0.0,42.94640592711692,42.94640592711692
Erzincan,Tercan,30970902,0.0,37.99467201318694,37.99467201318694
Erzincan,Çayırlı,22593831,0.0,42.94640592711692,42.94640592711692
Erzincan,Üzümlü,8980551,0.0,30.206730573681266,30.206730573681266
Erzincan,İliç,28022314,0.0,42.86011013404343,42.86011013404343
Erzurum,Aşkale,26825001,0.0,37.99467201318694,37.99467201318694
Erzurum,Horasan,28949821,0.0,37.99467201318694,37.99467201318694
Erzurum,Hınıs,27736725,0.0,42.94640592711692,42.94640592711692
Erzurum,Ilıca,30899453,0.0,37.99467201318694,37.99467201318694
Erzurum,Karayazı,55427708,0.0,42.94640592711692,42.94640592711692
Erzurum,Karaçoban,10362886,0.0,42.94640592711692,42.94640592711692
Erzurum,Köprüköy,9014269,0.0,37.99467201318694,37.99467201318694
Erzurum,Merkez,26958781,0.0,37.99467201318694,37.99467201318694
Erzurum,Narman,18100942,0.0,37.99467201318694,37.99467201318694
Erzurum,Oltu,24853022,0.0,37.99467201318694,37.99467201318694
Erzurum,Olur,15375988,0.0,42.94640592711692,42.94640592711692
Erzurum,Pasinler,24687954,0.0,37.99467201318694,37.99467201318694
Erzurum,Pazaryolu,11404249,0.22,37.99467201318694,37.774672013186944
Erzurum,Tekman,42188634,0.0,37.99467201318694,37.99467201318694
Erzurum,Tortum,29481353,0.0,37.99467201318694,37.99467201318694
Erzurum,Uzundere,5222491,3.23,37.99467201318694,34.764672013186946
Erzurum,Çat,19630173,0.59,37.99467201318694,37.40467201318694
Erzurum,İspir,16507445,22.04,37.99467201318694,15.954672013186944
Erzurum,Şenkaya,27517452,0.51,37.99467201318694,37.484672013186945
Eskisehir,Alpu,12718961,0.0,29.47165316679401,29.47165316679401
Eskisehir,Beylikova,12263562,0.0,50.13997794925729,50.13997794925729
Eskisehir,Günyüzü,12379770,0.0,24.96918611184006,24.96918611184006
Eskisehir,Han,4918994,0.0,43.057864308157995,43.057864308157995
Eskisehir,Mahmudiye,17682365,0.0,50.13997794925729,50.13997794925729
Eskisehir,Merkez,42685867,0.0,29.47165316679401,29.47165316679401
Eskisehir,Mihalgazi,243011,24.88,29.47165316679401,4.591653166794011
Eskisehir,Mihalıçcık,3985352,24.17,29.47165316679401,5.301653166794008
Eskisehir,Sarıcakaya,1482069,21.62,29.47165316679401,7.851653166794009
Eskisehir,Seyitgazi,58758436,0.0,66.85561204708458,66.85561204708458
Eskisehir,Sivrihisar,71010082,0.0,50.13997794925729,50.13997794925729
Eskisehir,Çifteler,23249265,0.0,50.13997794925729,50.13997794925729
Eskisehir,İnönü,12472979,0.0,65.63595459584266,65.63595459584266
Gaziantep,Araban,9381313,0.0,30.783264461999867,30.783264461999867
Gaziantep,Karkamış,3816751,0.0,38.02667557145793,38.02667557145793
Gaziantep,Nizip,24171378,0.0,42.030345931533574,42.030345931533574
Gaziantep,Nurdağı,24259939,0.0,53.384908935889854,53.384908935889854
Gaziantep,Oğuzeli,13319690,0.0,42.030345931533574,42.030345931533574
Gaziantep,Yavuzeli,7600141,0.0,30.783264461999867,30.783264461999867
Gaziantep,İslahiye,27260520,0.0,53.384908935889854,53.384908935889854
Gaziantep,Şahinbey,14130238,0.0,42.030345931533574,42.030345931533574
Gaziantep,Şehitkamil,30699228,0.0,42.030345931533574,42.030345931533574
Giresun,Alucra,21221169,0.0,37.99467201318694,37.99467201318694
Giresun,Bulancak,0,74.26,37.99467201318694,0.0
Giresun,Dereli,0,96.02,37.99467201318694,0.0
Giresun,Doğankent,0,88.36,67.0923512269133,0.0
Giresun,Espiye,0,80.84,67.0923512269133,0.0
Giresun,Eynesil,0,54.68,40.477419425233734,0.0
Giresun,Görele,2796632,41.89,67.0923512269133,25.202351226913294
Giresun,Güce,8051486,0.0,37.99467201318694,37.99467201318694
Giresun,Keşap,0,80.68,67.0923512269133,0.0
Giresun,Merkez,42296,59.0,59.3009344169009,0.30093441690090117
Giresun,Piraziz,0,69.8,59.3009344169009,0.0
Giresun,Tirebolu,217280,64.73,67.0923512269133,2.3623512269132902
Giresun,Yağlıdere,0,72.12,67.0923512269133,0.0
Giresun,Çamoluk,8792867,0.1,42.94640592711692,42.84640592711692
Giresun,Çanakçı,0,83.2,67.0923512269133,0.0
Giresun,Şultan Karahisar,26067047,0.69,37.99467201318694,37.304672013186945
Gümüshane,Kelkit,26661723,0.0,37.99467201318694,37.99467201318694
Gümüshane,Köse,10033270,0.0,37.99467201318694,37.99467201318694
Gümüshane,Kürtün,0,50.19,37.99467201318694,0.0
Gümüshane,Merkez,40277371,0.0,37.99467201318694,37.99467201318694
Gümüshane,Torul,5958103,26.74,37.99467201318694,11.254672013186944
Gümüshane,Şiran,16166635,0.0,37.99467201318694,37.99467201318694
Hakkari,Merkez,39002048,0.0,42.63668216267263,42.63668216267263
Hakkari,Yüksekova,59846744,0.0,60.56570783997703,60.56570783997703
Hakkari,Çukurca,10356253,1.33,42.63668216267263,41.30668216267263
Hakkari,Şemdinli,56929416,0.0,60.56570783997703,60.56570783997703
Hatay,Altınözü,8594013,0.0,38.02667557145793,38.02667557145793
Hatay,Belen,2689603,1.35,38.02667557145793,36.67667557145793
Hatay,Dörtyol,0,64.86,38.02667557145793,0.0
Hatay,Erzin,6679731,1.69,38.02667557145793,36.33667557145793
Hatay,Hassa,11611900,0.0,38.02667557145793,38.02667557145793
Hatay,Kumlu,4583938,0.0,38.02667557145793,38.02667557145793
Hatay,Kırıkhan,16951377,0.0,38.02667557145793,38.02667557145793
Hatay,Merkez,17048030,1.63,38.02667557145793,36.396675571457926
Hatay,Reyhanlı,5663073,0.15,38.02667557145793,37.87667557145793
Hatay,Samandağ,1578803,29.7,38.02667557145793,8.32667557145793
Hatay,Yayladağı,211660,36.63,38.02667557145793,1.3966755714579264
Hatay,İskenderun,0,39.23,38.02667557145793,0.0
Isparta,Aksu,0,50.7,50.04333290271219,0.0
Isparta,Atabey,4482454,3.81,51.57767346519712,47.76767346519712
Isparta,Eğirdir,288218,51.21,51.57767346519712,0.36767346519712163
Isparta,Gelendost,7164317,0.0,21.565606711883156,21.565606711883156
Isparta,Gönen,4646507,0.04,51.57767346519712,51.53767346519712
Isparta,Keçiborlu,16985615,0.0,67.01125642117886,67.01125642117886
Isparta,Merkez,17255028,0.0,51.57767346519712,51.57767346519712
Isparta,Senirkent,15425282,0.0,51.57767346519712,51.57767346519712
Isparta,Sütçüler,30420474,0.0,50.04333290271219,50.04333290271219
Isparta,Uluborlu,5226781,2.96,51.57767346519712,48.61767346519712
Isparta,Yalvaç,18680623,0.42,27.623461715884698,27.203461715884696
Isparta,Yenişarbademli,3814143,1.43,21.565606711883156,20.135606711883156
Isparta,Şarkikaraağaç,8274275,1.41,21.565606711883156,20.155606711883156
Istanbul,Adalar,108867,29.54,46.46819379837428,16.92819379837428
Istanbul,Arnavutkoy,6657671,4.43,30.783264461999867,26.353264461999867
Istanbul,Atasehir,503467,2.96,46.46819379837428,43.50819379837428
Istanbul,Avcılar,753626,0.0,30.783264461999867,30.783264461999867
Istanbul,Bahçelievler,216142,0.0,30.783264461999867,30.783264461999867
Istanbul,Bakırköy,589923,0.0,30.783264461999867,30.783264461999867
Istanbul,Basaksehir,1383415,0.0,30.783264461999867,30.783264461999867
Istanbul,Bayrampaşa,113919,0.0,30.783264461999867,30.783264461999867
Istanbul,Bağcılar,284173,0.0,30.783264461999867,30.783264461999867
Istanbul,Beykoz,0,92.25,46.46819379837428,0.0
Istanbul,Beylikduzu,631404,0.0,30.783264461999867,30.783264461999867
Istanbul,Beyoğlu,153444,0.0,30.783264461999867,30.783264461999867
Istanbul,Beşiktaş,394605,0.0,30.783264461999867,30.783264461999867
Istanbul,Büyükçekmece,2317525,0.0,30.783264461999867,30.783264461999867
Istanbul,Esenler,258035,0.0,30.783264461999867,30.783264461999867
Istanbul,Esenyurt,577670,0.0,30.783264461999867,30.783264461999867
Istanbul,Eyüp,0,58.74,30.783264461999867,0.0
Istanbul,Fatih,336839,0.0,30.783264461999867,30.783264461999867
Istanbul,Gaziosmanpaşa,130304,0.0,30.783264461999867,30.783264461999867
Istanbul,Güngören,90607,0.0,30.783264461999867,30.783264461999867
Istanbul,Kadıköy,458411,0.0,30.783264461999867,30.783264461999867
Istanbul,Kartal,191748,37.64,46.46819379837428,8.82819379837428
Istanbul,Kağıthane,225446,0.0,30.783264461999867,30.783264461999867
Istanbul,Küçükçekmece,518142,0.0,30.783264461999867,30.783264461999867
Istanbul,Maltepe,863947,12.05,46.46819379837428,34.418193798374276
Istanbul,Pendik,2340852,21.07,46.46819379837428,25.39819379837428
Istanbul,Sancaktepe,1275992,0.0,46.46819379837428,46.46819379837428
Istanbul,Sarıyer,1480375,9.62,30.783264461999867,21.163264461999866
Istanbul,Silivri,16622008,0.04,53.384908935889854,53.344908935889855
Istanbul,Sultanbeyli,605154,0.0,46.46819379837428,46.46819379837428
Istanbul,Sultangazi,358701,7.8,30.783264461999867,22.983264461999866
Istanbul,Tuzla,2470888,0.0,46.46819379837428,46.46819379837428
Istanbul,Zeytinburnu,210532,0.0,30.783264461999867,30.783264461999867
Istanbul,Çatalca,0,94.22,66.82624635581456,0.0
Istanbul,Çekmekoy,0,92.69,46.46819379837428,0.0
Istanbul,Ümraniye,0,47.54,46.46819379837428,0.0
Istanbul,Üsküdar,291432,3.64,30.783264461999867,27.143264461999866
Istanbul,Şile,0,57.6,46.46819379837428,0.0
Istanbul,Şişli,391802,4.89,30.783264461999867,25.893264461999866
Izmir,Aliağa,5388628,0.0,38.02667557145793,38.02667557145793
Izmir,Balçova,537276,0.0,38.02667557145793,38.02667557145793
Izmir,Bayındır,2150665,11.79,18.456742176430726,6.666742176430727
Izmir,Bergama,44938999,0.22,53.384908935889854,53.164908935889855
Izmir,Beydağ,3440572,0.19,31.871602496602392,31.68160249660239
Izmir,Bornova,0,34.98,18.456742176430726,0.0
Izmir,Buca,1195618,0.41,18.456742176430726,18.046742176430726
Izmir,Dikili,8735874,0.0,38.02667557145793,38.02667557145793
Izmir,Foça,4361297,0.0,38.02667557145793,38.02667557145793
Izmir,Gaziemir,758114,6.94,38.02667557145793,31.086675571457928
Izmir,Güzelbahçe,2066596,0.0,38.02667557145793,38.02667557145793
Izmir,Karaburun,0,60.38,38.02667557145793,0.0
Izmir,Karşıyaka,1548229,1.58,38.02667557145793,36.44667557145793
Izmir,Kemalpaşa,5927413,1.73,18.456742176430726,16.726742176430726
Izmir,Kiraz,4886618,19.59,31.871602496602392,12.281602496602392
Izmir,Konak,1448779,0.0,38.02667557145793,38.02667557145793
Izmir,Kınık,2689816,41.93,53.384908935889854,11.454908935889854
Izmir,Menderes,15589577,0.0,38.02667557145793,38.02667557145793
Izmir,Menemen,14508540,0.04,38.02667557145793,37.98667557145793
Izmir,Narlıdere,787621,14.64,38.02667557145793,23.38667557145793
Izmir,Seferihisar,6327414,0.7,38.02667557145793,37.326675571457926
Izmir,Selçuk,4552178,0.0,38.02667557145793,38.02667557145793
Izmir,Tire,13869018,2.25,38.02667557145793,35.77667557145793
Izmir,Torbalı,11712560,0.0,38.02667557145793,38.02667557145793
Izmir,Urla,9227641,14.54,38.02667557145793,23.48667557145793
Izmir,Çeşme,4113327,0.0,38.02667557145793,38.02667557145793
Izmir,Çiğli,1847555,0.0,38.02667557145793,38.02667557145793
Izmir,Ödemiş,15506482,0.07,31.871602496602392,31.801602496602392
Iğdır,Aralık,24111270,0.0,53.285779740118,53.285779740118
Iğdır,Karakoyunlu,2874352,0.0,53.285779740118,53.285779740118
Iğdır,Merkez,37335060,0.15,51.57767346519712,51.427673465197124
Iğdır,Tuzluca,37769395,0.0,51.57767346519712,51.57767346519712
K. Maras,Afşin,32154480,0.0,42.63668216267263,42.63668216267263
K. Maras,Andırın,20532944,0.99,31.871602496602392,30.881602496602394
K. Maras,Ekinözü,12606278,0.0,43.057864308157995,43.057864308157995
K. Maras,Elbistan,74881718,0.0,57.473990892096396,57.473990892096396
K. Maras,Göksun,43989950,0.0,43.057864308157995,43.057864308157995
K. Maras,Merkez,46509266,2.36,33.43149962897458,31.07149962897458
K. Maras,Nurhak,36719265,0.0,53.912723684426524,53.912723684426524
K. Maras,Pazarcık,21240643,0.0,30.783264461999867,30.783264461999867
K. Maras,Türkoğlu,5930190,0.0,33.43149962897458,33.43149962897458
K. Maras,Çağlayancerit,5993916,0.0,30.783264461999867,30.783264461999867
Karabük,Eflani,3048809,28.86,43.057864308157995,14.197864308157996
Karabük,Eskipazar,6060292,36.33,57.473990892096396,21.143990892096397
Karabük,Merkez,20848901,2.42,57.473990892096396,55.053990892096394
Karabük,Ovacık,12179090,0.0,59.57486820303995,59.57486820303995
Karabük,Safranbolu,24332715,1.21,65.63595459584266,64.42595459584267
Karabük,Yenice,0,83.74,57.473990892096396,0.0
Karaman,Ayrancı,29293216,0.0,24.96918611184006,24.96918611184006
Karaman,Başyayla,4378742,0.0,28.235127924267466,28.235127924267466
Karaman,Ermenek,29110430,0.0,40.477419425233734,40.477419425233734
Karaman,Kazımkarabekir,13353600,0.0,29.25803922007553,29.25803922007553
Karaman,Merkez,79274828,0.0,53.912723684426524,53.912723684426524
Karaman,Sarıveliler,5527944,0.0,28.235127924267466,28.235127924267466
Kars,Akyaka,6295062,0.0,37.99467201318694,37.99467201318694
Kars,Arpaçay,20636672,0.0,37.99467201318694,37.99467201318694
Kars,Digor,22031264,0.0,42.63668216267263,42.63668216267263
Kars,Kağızman,43912055,0.0,42.94640592711692,42.94640592711692
Kars,Merkez,36520827,0.0,37.99467201318694,37.99467201318694
Kars,Sarıkamış,40551644,0.0,37.99467201318694,37.99467201318694
Kars,Selim,19483563,0.0,37.99467201318694,37.99467201318694
Kars,Susuz,14651054,0.0,37.99467201318694,37.99467201318694
Kastamonu,Abana,0,83.2,54.96875804612054,0.0
Kastamonu,Araç,4971821,54.33,59.57486820303995,5.24486820303995
Kastamonu,Azdavay,5621506,27.83,43.057864308157995,15.227864308157997
Kastamonu,Ağlı,0,52.98,41.868907856014594,0.0
Kastamonu,Bozkurt,6480755,9.62,54.96875804612054,45.348758046120544
Kastamonu,Cide,12362855,20.9,53.285779740118,32.385779740118004
Kastamonu,Daday,0,80.37,43.057864308157995,0.0
Kastamonu,Devrekani,7693579,15.33,41.868907856014594,26.538907856014596
Kastamonu,Doğanyurt,3966955,26.63,53.285779740118,26.655779740118003
Kastamonu,Hanönü,8734287,14.58,57.473990892096396,42.8939908920964
Kastamonu,Küre,1160449,50.57,54.96875804612054,4.398758046120541
Kastamonu,Merkez,37056482,0.1,41.868907856014594,41.76890785601459
Kastamonu,Pınarbası,2597285,33.49,43.057864308157995,9.567864308157993
Kastamonu,Seydiler,4445936,0.09,41.868907856014594,41.77890785601459
Kastamonu,Taşköprü,52588205,0.0,57.473990892096396,57.473990892096396
Kastamonu,Tosya,20169958,0.0,41.90430294400953,41.90430294400953
Kastamonu,Çatalzeytin,0,81.15,70.21486383659548,0.0
Kastamonu,İhsangazi,2074499,30.23,41.90430294400953,11.67430294400953
Kastamonu,İnebolu,0,78.41,54.96875804612054,0.0
Kastamonu,Şenpazar,0,95.63,53.285779740118,0.0
Kayseri,Akkışla,10758018,0.0,41.90430294400953,41.90430294400953
Kayseri,Bünyan,13250397,0.0,21.565606711883156,21.565606711883156
Kayseri,Develi,38573518,0.0,41.868907856014594,41.868907856014594
Kayseri,Felahiye,4283419,0.0,21.565606711883156,21.565606711883156
Kayseri,Hacılar,3475335,0.0,41.868907856014594,41.868907856014594
Kayseri,Kocasinan,17109133,0.0,21.565606711883156,21.565606711883156
Kayseri,Melikgazi,3314876,0.0,41.868907856014594,41.868907856014594
Kayseri,Pınarbaşı,68682710,0.11,41.90430294400953,41.79430294400953
Kayseri,Sarıoğlan,6214144,0.0,21.565606711883156,21.565606711883156
Kayseri,Sarız,22724774,0.0,42.63668216267263,42.63668216267263
Kayseri,Talas,7309333,0.0,41.868907856014594,41.868907856014594
Kayseri,Tomarza,29349876,0.0,42.63668216267263,42.63668216267263
Kayseri,Yahyalı,14599450,0.0,21.565606711883156,21.565606711883156
Kayseri,Yeşilhisar,26008219,0.0,53.912723684426524,53.912723684426524
Kayseri,Özvatan,2820620,0.0,21.565606711883156,21.565606711883156
Kayseri,İncesu,21883726,0.0,53.912723684426524,53.912723684426524
Kilis,Elbeyli,3124732,0.0,38.02667557145793,38.02667557145793
Kilis,Merkez,10001501,0.0,38.02667557145793,38.02667557145793
Kilis,Musabeyli,11966260,0.0,53.384908935889854,53.384908935889854
Kilis,Polateli,7622656,0.0,53.384908935889854,53.384908935889854
Kinkkale,Bahşılı,4814200,0.0,50.13997794925729,50.13997794925729
Kinkkale,Balışeyh,11207533,0.0,30.812464632170666,30.812464632170666
Kinkkale,Delice,12849635,0.0,30.812464632170666,30.812464632170666
Kinkkale,Karakeçili,4437140,0.0,50.13997794925729,50.13997794925729
Kinkkale,Keskin,26909698,0.0,50.13997794925729,50.13997794925729
Kinkkale,Merkez,8424693,0.0,50.13997794925729,50.13997794925729
Kinkkale,Sulakyurt,11815325,0.0,30.812464632170666,30.812464632170666
Kinkkale,Yahşihan,5898989,0.0,50.13997794925729,50.13997794925729
Kinkkale,Çelebi,8001369,1.95,50.13997794925729,48.18997794925729
Kirklareli,Babaeski,17095228,0.23,51.973376861296735,51.74337686129674
Kirklareli,Demirköy,0,76.57,66.82624635581456,0.0
Kirklareli,Kofçaz,1558542,59.98,67.01125642117886,7.03125642117886
Kirklareli,Lüleburgaz,25837427,0.0,53.285779740118,53.285779740118
Kirklareli,Merkez,20187470,0.0,23.18476247407145,23.18476247407145
Kirklareli,Pehlivanköy,3549125,0.0,51.973376861296735,51.973376861296735
Kirklareli,Pınarhisar,17468164,0.0,53.285779740118,53.285779740118
Kirklareli,Vize,4271954,56.73,66.82624635581456,10.096246355814564
Kirsehir,Akpınar,14873201,0.0,50.13997794925729,50.13997794925729
Kirsehir,Akçakent,0,35.63,27.623461715884698,0.0
Kirsehir,Boztepe,7787492,0.0,27.623461715884698,27.623461715884698
Kirsehir,Kaman,31132661,0.0,50.13997794925729,50.13997794925729
Kirsehir,Merkez,43329706,0.0,50.04333290271219,50.04333290271219
Kirsehir,Mucur,28890493,0.0,50.04333290271219,50.04333290271219
Kirsehir,Çiçekdağı,11525584,0.0,27.623461715884698,27.623461715884698
Kocaeli,Derince,1422587,1.33,39.48498014705932,38.15498014705932
Kocaeli,Gebze,3660241,35.4,46.46819379837428,11.068193798374281
Kocaeli,Gölcük,0,90.68,75.75612984670919,0.0
Kocaeli,Kandıra,15496169,8.89,39.48498014705932,30.594980147059317
Kocaeli,Karamürsel,8966764,0.4,53.285779740118,52.885779740118004
Kocaeli,Körfez,0,51.16,39.48498014705932,0.0
Kocaeli,Merkez,26693795,0.0,39.48498014705932,39.48498014705932
Konya,Ahırlı,3431694,0.14,24.96918611184006,24.82918611184006
Konya,Akören,20934005,0.0,65.63595459584266,65.63595459584266
Konya,Akşehir,0,46.26,27.623461715884698,0.0
Konya,Altınekin,49835733,0.0,67.5065640809194,67.5065640809194
Konya,Beyşehir,43400016,0.0,43.057864308157995,43.057864308157995
Konya,Bozkır,15338715,0.0,29.25803922007553,29.25803922007553
Konya,Cihanbeyli,149886196,0.0,67.5065640809194,67.5065640809194
Konya,Derbent,7372989,0.0,43.057864308157995,43.057864308157995
Konya,Derebucak,8554756,0.0,50.04333290271219,50.04333290271219
Konya,Doğanhisar,5819710,16.15,43.057864308157995,26.907864308157997
Konya,Emirgazi,28514970,0.0,67.5065640809194,67.5065640809194
Konya,Ereğli,95769307,0.0,66.85561204708458,66.85561204708458
Konya,Güneysınır,11229473,0.0,65.63595459584266,65.63595459584266
Konya,Hadım,9025864,0.0,29.25803922007553,29.25803922007553
Konya,Halkapınar,27474198,0.0,66.85561204708458,66.85561204708458
Konya,Hüyük,12412448,0.0,43.057864308157995,43.057864308157995
Konya,Ilgın,36840968,0.0,43.057864308157995,43.057864308157995
Konya,Kadınhanı,14179371,0.0,24.96918611184006,24.96918611184006
Konya,Karapınar,27843041,0.0,24.96918611184006,24.96918611184006
Konya,Karatay,34346192,0.0,24.96918611184006,24.96918611184006
Konya,Kulu,21359127,0.0,24.96918611184006,24.96918611184006
Konya,Meram,55951126,0.0,65.63595459584266,65.63595459584266
Konya,Sarayönü,14136905,0.0,24.96918611184006,24.96918611184006
Konya,Selçuklu,47653587,0.0,50.13997794925729,50.13997794925729
Konya,Seydişehir,28793747,0.0,43.057864308157995,43.057864308157995
Konya,Taşkent,5348331,0.0,29.25803922007553,29.25803922007553
Konya,Tuzlukçu,9518409,0.0,24.96918611184006,24.96918611184006
Konya,Yalıhüyük,1998973,0.0,43.057864308157995,43.057864308157995
Konya,Yunak,40406638,0.0,24.96918611184006,24.96918611184006
Konya,Çeltik,9109068,0.0,24.96918611184006,24.96918611184006
Konya,Çumra,72822725,0.0,65.63595459584266,65.63595459584266
Kütahya,Altıntaş,0,25.2,21.565606711883156,0.0
Kütahya,Aslanapa,3024272,14.28,21.565606711883156,7.2856067118831564
Kütahya,Domaniç,2934193,9.59,21.133439077941105,11.543439077941105
Kütahya,Dumlupınar,3690628,0.0,21.565606711883156,21.565606711883156
Kütahya,Emet,28824590,0.0,50.13997794925729,50.13997794925729
Kütahya,Gediz,38874437,0.0,50.04333290271219,50.04333290271219
Kütahya,Hisarcık,9808101,0.3,50.04333290271219,49.74333290271219
Kütahya,Merkez,29432904,0.0,21.565606711883156,21.565606711883156
Kütahya,Pazarlar,3027405,0.0,50.04333290271219,50.04333290271219
Kütahya,Simav,46095855,2.81,75.75612984670919,72.94612984670918
Kütahya,Tavşanlı,45173176,0.0,50.13997794925729,50.13997794925729
Kütahya,Çavdarhisar,5232077,0.0,50.04333290271219,50.04333290271219
Kütahya,Şaphane,5671680,3.58,50.04333290271219,46.46333290271219
Malatya,Akçadağ,30614830,0.0,54.96875804612054,54.96875804612054
Malatya,Arapkir,10952204,0.0,24.96918611184006,24.96918611184006
Malatya,Arguvan,30633985,0.0,57.473990892096396,57.473990892096396
Malatya,Battalgazi,9241183,0.0,67.01125642117886,67.01125642117886
Malatya,Darende,36942056,0.0,57.473990892096396,57.473990892096396
Malatya,Doğanyol,8709094,0.0,67.01125642117886,67.01125642117886
Malatya,Doğanşehir,18141037,0.0,26.565824362050865,26.565824362050865
Malatya,Hekimhan,53621835,0.0,57.473990892096396,57.473990892096396
Malatya,Kale,6395202,0.0,67.01125642117886,67.01125642117886
Malatya,Kuluncak,16351907,0.0,60.56570783997703,60.56570783997703
Malatya,Merkez,30748186,0.0,67.01125642117886,67.01125642117886
Malatya,Pötürge,22713882,0.0,68.94964681143338,68.94964681143338
Malatya,Yazıhan,14361127,0.0,54.96875804612054,54.96875804612054
Malatya,Yeşilyurt,7392548,0.0,26.565824362050865,26.565824362050865
Manisa,Ahmetli,7498200,0.0,46.46819379837428,46.46819379837428
Manisa,Akhisar,23110308,18.94,46.5270874313944,27.587087431394398
Manisa,Alaşehir,19776017,8.58,46.5270874313944,37.9470874313944
Manisa,Demirci,0,84.57,75.75612984670919,0.0
Manisa,Gölmarmara,6576005,0.0,46.46819379837428,46.46819379837428
Manisa,Gördes,21289481,0.0,46.5270874313944,46.5270874313944
Manisa,Kula,21728292,0.0,46.5270874313944,46.5270874313944
Manisa,Köprübaşı,7479612,0.0,46.46819379837428,46.46819379837428
Manisa,Kırkağaç,14156615,1.21,53.384908935889854,52.17490893588985
Manisa,Merkez,10851638,0.0,18.456742176430726,18.456742176430726
Manisa,Salihli,29066787,0.07,46.46819379837428,46.39819379837428
Manisa,Saruhanlı,22741342,0.0,53.384908935889854,53.384908935889854
Manisa,Sarıgöl,4052690,0.0,26.10300470193037,26.10300470193037
Manisa,Selendi,25773879,0.0,75.75612984670919,75.75612984670919
Manisa,Soma,21342094,0.0,53.384908935889854,53.384908935889854
Manisa,Turgutlu,4009243,0.0,18.456742176430726,18.456742176430726
Mardin,Dargeçit,13271527,0.0,41.043211198724244,41.043211198724244
Mardin,Derik,31115613,0.0,42.030345931533574,42.030345931533574
Mardin,Kızıltepe,31018585,0.0,38.02667557145793,38.02667557145793
Mardin,Mazıdağı,31880780,0.0,64.63785812003717,64.63785812003717
Mardin,Merkez,40129935,0.0,64.63785812003717,64.63785812003717
Mardin,Midyat,24927108,0.0,41.043211198724244,41.043211198724244
Mardin,Nusaybin,28890533,0.0,38.02667557145793,38.02667557145793
Mardin,Savur,42711011,0.0,64.63785812003717,64.63785812003717
Mardin,Yeşilli,1995988,0.0,64.63785812003717,64.63785812003717
Mardin,Ömerli,8923863,0.0,41.043211198724244,41.043211198724244
Mersin,Anamur,1590530,25.83,28.235127924267466,2.405127924267468
Mersin,Aydıncık,679876,34.36,38.02667557145793,3.6666755714579295
Mersin,Bozyazı,6090782,16.98,38.02667557145793,21.04667557145793
Mersin,Erdemli,24904199,0.0,23.18476247407145,23.18476247407145
Mersin,Gülnar,26345176,0.31,40.477419425233734,40.16741942523373
Mersin,Merkez,4206849,18.4,23.18476247407145,4.784762474071453
Mersin,Mut,55141067,0.0,40.477419425233734,40.477419425233734
Mersin,Silifke,56140482,0.0,42.030345931533574,42.030345931533574
Mersin,Tarsus,31118923,0.0,38.02667557145793,38.02667557145793
Mersin,Çamlıyayla,3988035,11.77,23.18476247407145,11.414762474071452
Mugla,Bodrum,0,38.04,38.02667557145793,0.0
Mugla,Dalaman,3051062,28.21,38.02667557145793,9.816675571457928
Mugla,Datça,8105074,0.84,38.02667557145793,37.186675571457926
Mugla,Fethiye,24549483,1.33,18.456742176430726,17.126742176430724
Mugla,Kavaklıdere,0,52.15,31.871602496602392,0.0
Mugla,Köyceğiz,0,62.67,38.02667557145793,0.0
Mugla,Marmaris,0,58.46,38.02667557145793,0.0
Mugla,Merkez,29627644,3.15,38.02667557145793,34.87667557145793
Mugla,Milas,40343476,0.0,38.02667557145793,38.02667557145793
Mugla,Ortaca,0,72.01,38.02667557145793,0.0
Mugla,Ula,0,61.54,38.02667557145793,0.0
Mugla,Yatağan,13882928,1.59,31.871602496602392,30.281602496602392
Mus,Bulanık,36533340,0.0,42.63668216267263,42.63668216267263
Mus,Hasköy,10777600,0.0,57.473990892096396,57.473990892096396
Mus,Korkut,8853730,0.0,42.86011013404343,42.86011013404343
Mus,Malazgirt,31800277,0.0,42.63668216267263,42.63668216267263
Mus,Merkez,57449795,0.0,42.86011013404343,42.86011013404343
Mus,Varto,31199866,0.0,42.86011013404343,42.86011013404343
Nevsehir,Acıgöl,16529337,0.0,50.04333290271219,50.04333290271219
Nevsehir,Avanos,21254352,0.0,50.13997794925729,50.13997794925729
Nevsehir,Derinkuyu,9353399,0.0,53.912723684426524,53.912723684426524
Nevsehir,Gülşehir,25469493,0.0,50.04333290271219,50.04333290271219
Nevsehir,Hacıbektaş,14617201,0.0,50.04333290271219,50.04333290271219
Nevsehir,Kozaklı,22459743,0.0,66.85561204708458,66.85561204708458
Nevsehir,Merkez,13726148,0.0,53.912723684426524,53.912723684426524
Nevsehir,Ürgüp,13468841,0.0,53.912723684426524,53.912723684426524
Nigde,Altunhisar,5046368,0.0,21.565606711883156,21.565606711883156
Nigde,Bor,14372518,0.0,21.565606711883156,21.565606711883156
Nigde,Merkez,63506490,0.0,60.56570783997703,60.56570783997703
Nigde,Ulukışla,47775009,0.0,66.85561204708458,66.85561204708458
Nigde,Çamardı,41725949,0.0,60.56570783997703,60.56570783997703
Nigde,Çiftlik,12102718,0.0,50.04333290271219,50.04333290271219
Ordu,Akkuş,3559562,46.73,55.937073473335985,9.207073473335988
Ordu,Aybastı,0,62.22,60.56570783997703,0.0
Ordu,Fatsa,2452472,52.67,68.94964681143338,16.27964681143338
Ordu,Gölköy,0,80.36,60.56570783997703,0.0
Ordu,Gülyalı,0,60.77,59.3009344169009,0.0
Ordu,Gürgentepe,661888,59.38,68.94964681143338,9.56964681143338
Ordu,Kabadüz,0,68.53,37.99467201318694,0.0
Ordu,Kabataş,0,75.65,68.94964681143338,0.0
Ordu,Korgan,5197700,18.53,68.94964681143338,50.41964681143338
Ordu,Kumru,0,77.53,68.94964681143338,0.0
Ordu,Merkez,0,73.35,59.3009344169009,0.0
Ordu,Mesudiye,22154921,0.0,37.99467201318694,37.99467201318694
Ordu,Perşembe,0,79.58,68.94964681143338,0.0
Ordu,Ulubey,0,76.63,68.94964681143338,0.0
Ordu,Çamaş,0,80.12,68.94964681143338,0.0
Ordu,Çaybaşı,0,68.1,55.937073473335985,0.0
Ordu,Ünye,194909,68.21,68.94964681143338,0.7396468114333885
Ordu,İkizce,2184095,10.3,55.937073473335985,45.63707347333599
Osmaniye,Bahçe,0,74.28,53.384908935889854,0.0
Osmaniye,Düziçi,6934620,7.47,31.871602496602392,24.401602496602393
Osmaniye,Hasanbeyli,2350176,0.0,38.02667557145793,38.02667557145793
Osmaniye,Kadirli,14031642,1.99,31.871602496602392,29.881602496602394
Osmaniye,Merkez,0,77.75,38.02667557145793,0.0
Osmaniye,Sumbas,6956963,0.0,31.871602496602392,31.871602496602392
Osmaniye,Toprakkale,6744426,0.0,38.02667557145793,38.02667557145793
Rize,Ardeşen,0,52.21,37.99467201318694,0.0
Rize,Derepazarı,0,70.9,66.26809649058735,0.0
Rize,Fındıklı,0,81.44,37.99467201318694,0.0
Rize,Güneysu,562086,52.44,66.26809649058735,13.828096490587356
Rize,Hemşin,0,85.0,66.26809649058735,0.0
Rize,Kalkandere,0,78.42,66.26809649058735,0.0
Rize,Merkez,3241487,38.6,66.26809649058735,27.668096490587352
Rize,Pazar,339897,60.14,66.26809649058735,6.128096490587353
Rize,Çamlıhemşin,0,84.49,37.99467201318694,0.0
Rize,Çayeli,0,71.12,66.26809649058735,0.0
Rize,İkizdere,14388668,1.58,37.99467201318694,36.414672013186944
Rize,İyidere,0,85.11,66.26809649058735,0.0
Sakarya,Akyazı,0,33.04,26.565824362050865,0.0
Sakarya,Ferizli,3726061,3.6,56.26169726729998,52.66169726729998
Sakarya,Geyve,10267464,1.36,26.565824362050865,25.205824362050866
Sakarya,Hendek,0,95.8,56.26169726729998,0.0
Sakarya,Karapürçek,1691654,4.94,26.565824362050865,21.625824362050864
Sakarya,Karasu,6440433,29.16,56.26169726729998,27.10169726729998
Sakarya,Kaynarca,0,95.81,56.26169726729998,0.0
Sakarya,Kocaali,0,57.36,56.26169726729998,0.0
Sakarya,Merkez,12718793,0.79,56.26169726729998,55.47169726729998
Sakarya,Pamukova,0,80.63,75.75612984670919,0.0
Sakarya,Sapanca,1072017,8.86,26.565824362050865,17.705824362050866
Sakarya,Söğütlü,2106540,9.38,56.26169726729998,46.88169726729998
Sakarya,Taraklı,3918663,0.0,26.565824362050865,26.565824362050865
Samsun,Alaçam,0,73.17,67.5065640809194,0.0
Samsun,Asarcik,553426,19.47,24.269506898369173,4.799506898369174
Samsun,Ayvacık,1037954,18.59,24.269506898369173,5.679506898369173
Samsun,Bafra,52935878,0.0,67.5065640809194,67.5065640809194
Samsun,Havza,20665110,0.33,53.912723684426524,53.582723684426526
Samsun,Kavak,0,36.25,24.269506898369173,0.0
Samsun,Ladik,5089821,0.0,24.269506898369173,24.269506898369173
Samsun,Merkez,9451567,0.31,24.269506898369173,23.959506898369174
Samsun,Ondokuz Mayıs,4439249,0.05,33.43149962897458,33.38149962897458
Samsun,Salıpazarı,0,93.1,55.937073473335985,0.0
Samsun,Tekkeköy,2923048,6.16,24.269506898369173,18.109506898369172
Samsun,Terme,0,75.07,55.937073473335985,0.0
Samsun,Vezirköprü,41790815,1.09,50.29728424135734,49.207284241357335
Samsun,Yakakent,0,85.51,67.5065640809194,0.0
Samsun,Çarşamba,18026744,4.41,55.937073473335985,51.52707347333599
Sanliurfa,Akçakale,11102880,0.0,38.02667557145793,38.02667557145793
Sanliurfa,Birecik,14393034,0.0,38.02667557145793,38.02667557145793
Sanliurfa,Bozova,33573705,0.0,38.02667557145793,38.02667557145793
Sanliurfa,Ceylanpınar,41403141,0.0,38.02667557145793,38.02667557145793
Sanliurfa,Halfeti,15181842,0.0,38.02667557145793,38.02667557145793
Sanliurfa,Harran,19462040,0.0,38.02667557145793,38.02667557145793
Sanliurfa,Hilvan,27676974,0.0,38.02667557145793,38.02667557145793
Sanliurfa,Merkez,71942002,0.0,38.02667557145793,38.02667557145793
Sanliurfa,Siverek,90462204,0.0,41.043211198724244,41.043211198724244
Sanliurfa,Suruç,12294231,0.0,38.02667557145793,38.02667557145793
Sanliurfa,Viranşehir,42248679,0.0,38.02667557145793,38.02667557145793
Siirt,Aydınlar,1475731,0.04,43.48680410132112,43.44680410132112
Siirt,Baykan,11257881,0.0,43.48680410132112,43.48680410132112
Siirt,Eruh,26189146,0.0,43.48680410132112,43.48680410132112
Siirt,Kurtalan,16149984,0.0,43.48680410132112,43.48680410132112
Siirt,Merkez,5403062,0.0,43.48680410132112,43.48680410132112
Siirt,Pervari,14183867,0.0,21.565606711883156,21.565606711883156
Siirt,Şirvan,6735204,6.35,21.565606711883156,15.215606711883156
Sinop,Ayancık,0,98.72,70.21486383659548,0.0
Sinop,Boyabat,19320253,4.69,30.812464632170666,26.122464632170665
Sinop,Dikmen,0,80.63,30.812464632170666,0.0
Sinop,Durağan,6374815,18.79,30.812464632170666,12.022464632170667
Sinop,Erfelek,2719308,31.23,46.5270874313944,15.297087431394399
Sinop,Gerze,6626213,7.22,30.812464632170666,23.592464632170667
Sinop,Merkez,10281125,2.02,46.5270874313944,44.507087431394396
Sinop,Saraydüzü,0,35.32,30.812464632170666,0.0
Sinop,Türkeli,0,95.12,70.21486383659548,0.0
Sirnak,Beytüşşebap,52243303,0.15,57.473990892096396,57.3239908920964
Sirnak,Cizre,14682503,0.0,46.46819379837428,46.46819379837428
Sirnak,Güçlükonak,10008186,0.0,41.043211198724244,41.043211198724244
Sirnak,Merkez,57093044,3.09,46.46819379837428,43.378193798374284
Sirnak,Silopi,11096826,0.0,46.46819379837428,46.46819379837428
Sirnak,Uludere,20646084,0.17,57.473990892096396,57.303990892096394
Sirnak,İdil,22773033,0.0,41.043211198724244,41.043211198724244
Sivas,Akıncılar,6347257,0.15,30.206730573681266,30.056730573681268
Sivas,Altınyayla,10240454,0.0,41.868907856014594,41.868907856014594
Sivas,Divriği,61054269,0.0,42.86011013404343,42.86011013404343
Sivas,Doğanşar,2242406,7.63,30.206730573681266,22.576730573681267
Sivas,Gemerek,22524648,0.0,41.868907856014594,41.868907856014594
Sivas,Gölova,7216381,3.4,42.94640592711692,39.54640592711692
Sivas,Gürün,82559663,0.0,60.56570783997703,60.56570783997703
Sivas,Hafik,35825479,0.0,30.206730573681266,30.206730573681266
Sivas,Kangal,113234870,0.0,60.56570783997703,60.56570783997703
Sivas,Koyulhisar,21211698,0.0,37.99467201318694,37.99467201318694
Sivas,Merkez,57063459,0.0,41.868907856014594,41.868907856014594
Sivas,Suşehri,13220315,0.0,30.206730573681266,30.206730573681266
Sivas,Ulaş,15373043,0.0,41.868907856014594,41.868907856014594
Sivas,Yıldızeli,42679798,0.0,29.25803922007553,29.25803922007553
Sivas,Zara,37957689,0.0,30.206730573681266,30.206730573681266
Sivas,İmranlı,18366342,0.0,30.206730573681266,30.206730573681266
Sivas,Şarkışla,42184336,0.0,41.868907856014594,41.868907856014594
Tekirdag,Hayrabolu,19094136,0.0,33.43149962897458,33.43149962897458
Tekirdag,Malkara,20500616,0.59,33.43149962897458,32.841499628974574
Tekirdag,Marmaraereğlisi,5848598,0.0,53.384908935889854,53.384908935889854
Tekirdag,Merkez,25591414,0.0,46.46819379837428,46.46819379837428
Tekirdag,Muratlı,9594608,0.0,46.46819379837428,46.46819379837428
Tekirdag,Saray,0,79.04,66.82624635581456,0.0
Tekirdag,Çerkezköy,2218904,55.42,66.82624635581456,11.40624635581456
Tekirdag,Çorlu,26132683,0.0,53.384908935889854,53.384908935889854
Tekirdag,Şarköy,0,43.8,42.030345931533574,0.0
Tokat,Almus,9715300,0.0,21.565606711883156,21.565606711883156
Tokat,Artova,5001871,0.0,29.25803922007553,29.25803922007553
Tokat,Başçiftlik,308608,18.8,21.565606711883156,2.765606711883155
Tokat,Erbaa,12798596,0.0,21.565606711883156,21.565606711883156
Tokat,Merkez,18793758,0.85,21.565606711883156,20.715606711883154
Tokat,Niksar,2733994,15.52,21.565606711883156,6.045606711883156
Tokat,Pazar,1717278,13.05,29.25803922007553,16.20803922007553
Tokat,Reşadiye,40504029,0.0,60.56570783997703,60.56570783997703
Tokat,Sulusaray,3693300,0.46,29.25803922007553,28.79803922007553
Tokat,Turhal,15438121,1.42,29.47165316679401,28.05165316679401
Tokat,Yeşilyurt,2368913,0.0,29.25803922007553,29.25803922007553
Tokat,Zile,15042318,0.04,21.565606711883156,21.525606711883157
Trabzon,Akçaabat,7694278,1.64,40.477419425233734,38.83741942523373
Trabzon,Araklı,0,73.17,37.99467201318694,0.0
Trabzon,Arsin,0,63.57,42.292316439763646,0.0
Trabzon,Beşikdüzü,1005570,13.79,40.477419425233734,26.687419425233735
Trabzon,Dernekpazarı,836045,22.35,42.292316439763646,19.942316439763644
Trabzon,Düzköy,1906129,3.78,40.477419425233734,36.69741942523373
Trabzon,Hayrat,0,71.19,66.26809649058735,0.0
Trabzon,Köprübaşı,0,75.46,37.99467201318694,0.0
Trabzon,Maçka,0,54.75,37.99467201318694,0.0
Trabzon,Merkez,302780,39.3,42.292316439763646,2.9923164397636484
Trabzon,Of,0,71.3,42.292316439763646,0.0
Trabzon,Sürmene,0,75.3,42.292316439763646,0.0
Trabzon,Tonya,0,63.05,40.477419425233734,0.0
Trabzon,Vakfıkebir,2588744,8.04,40.477419425233734,32.437419425233735
Trabzon,Yomra,1565747,29.31,42.292316439763646,12.982316439763647
Trabzon,Çarşıbaşı,0,70.14,40.477419425233734,0.0
Trabzon,Çaykara,0,50.56,37.99467201318694,0.0
Trabzon,Şalpazarı,1642146,15.19,40.477419425233734,25.287419425233736
Tunceli,Hozat,10085512,0.0,24.96918611184006,24.96918611184006
Tunceli,Mazgirt,6504683,0.0,21.565606711883156,21.565606711883156
Tunceli,Merkez,11550742,0.0,24.96918611184006,24.96918611184006
Tunceli,Nazımiye,6006838,0.0,21.565606711883156,21.565606711883156
Tunceli,Ovacık,33239009,0.17,37.99467201318694,37.82467201318694
Tunceli,Pertek,13395948,0.0,24.96918611184006,24.96918611184006
Tunceli,Pülümür,21736088,0.0,30.206730573681266,30.206730573681266
Tunceli,Çemişgezek,11054034,0.0,24.96918611184006,24.96918611184006
Usak,Banaz,1720823,22.89,26.565824362050865,3.6758243620508644
Usak,Eşme,28314928,0.0,46.5270874313944,46.5270874313944
Usak,Karahallı,3680900,0.0,23.43576955874539,23.43576955874539
Usak,Merkez,14320967,0.0,23.43576955874539,23.43576955874539
Usak,Sivaslı,4635865,2.67,23.43576955874539,20.76576955874539
Usak,Ulubey,9169692,0.0,23.43576955874539,23.43576955874539
Van,Bahçesaray,8825065,0.0,37.99467201318694,37.99467201318694
Van,Başkale,42080789,0.0,37.99467201318694,37.99467201318694
Van,Edremit,18233098,0.0,43.057864308157995,43.057864308157995
Van,Erciş,31574385,0.0,29.25803922007553,29.25803922007553
Van,Gevaş,33074877,0.0,43.057864308157995,43.057864308157995
Van,Gürpınar,78264710,0.0,37.99467201318694,37.99467201318694
Van,Merkez,57410958,0.0,42.94640592711692,42.94640592711692
Van,Muradiye,18029176,0.0,30.206730573681266,30.206730573681266
Van,Saray,16407682,0.0,37.99467201318694,37.99467201318694
Van,Çaldıran,23329277,0.0,30.206730573681266,30.206730573681266
Van,Çatak,36307618,0.0,37.99467201318694,37.99467201318694
Van,Özalp,33954315,0.0,42.94640592711692,42.94640592711692
Yalova,Altınova,1262642,0.0,53.285779740118,53.285779740118
Yalova,Armutlu,0,96.83,59.646634680241306,0.0
Yalova,Merkez,1269343,34.89,53.285779740118,18.395779740118
Yalova,Termal,0,96.12,53.285779740118,0.0
Yalova,Çiftlikköy,1996645,0.0,53.285779740118,53.285779740118
Yalova,Çınarcık,0,86.88,59.646634680241306,0.0
Yozgat,Akdağmadeni,34162577,2.14,41.868907856014594,39.728907856014594
Yozgat,Aydıncık,10080351,0.42,57.473990892096396,57.053990892096394
Yozgat,Boğazlıyan,39145561,0.0,50.13997794925729,50.13997794925729
Yozgat,Kadışehri,5335013,0.0,21.565606711883156,21.565606711883156
Yozgat,Merkez,57626819,0.0,57.473990892096396,57.473990892096396
Yozgat,Saraykent,1985105,0.0,21.565606711883156,21.565606711883156
Yozgat,Sarıkaya,19590927,0.0,41.868907856014594,41.868907856014594
Yozgat,Sorgun,48825288,0.0,57.473990892096396,57.473990892096396
Yozgat,Yenifakılı,14210955,0.0,66.85561204708458,66.85561204708458
Yozgat,Yerköy,14578197,0.0,26.565824362050865,26.565824362050865
Yozgat,Çandır,2376721,0.0,41.868907856014594,41.868907856014594
Yozgat,Çayıralan,23514614,0.23,41.868907856014594,41.6389078560146
Yozgat,Çekerek,8375061,0.0,21.565606711883156,21.565606711883156
Yozgat,Şefaatli,22111718,0.0,66.85561204708458,66.85561204708458
Zinguldak,Alaplı,958065,46.32,60.258788655351864,13.938788655351864
Zinguldak,Devrek,0,81.77,53.912723684426524,0.0
Zinguldak,Ereğli,19055169,11.58,53.912723684426524,42.332723684426526
Zinguldak,Gökçebey,0,86.44,65.63595459584266,0.0
Zinguldak,Merkez,131955,51.56,51.973376861296735,0.413376861296733
Zinguldak,Çaycuma,7808506,0.4,51.973376861296735,51.57337686129674
Çanakkale,Ayvacık,0,9.1,8.737200504546337,0.0
Çanakkale,Bayramiç,43604035,0.0,66.82624635581456,66.82624635581456
Çanakkale,Biga,25634722,0.89,42.030345931533574,41.140345931533574
Çanakkale,Bozcaada,825317,0.0,41.043211198724244,41.043211198724244
Çanakkale,Eceabat,3201599,27.11,41.043211198724244,13.933211198724244
Çanakkale,Ezine,13508057,0.0,41.043211198724244,41.043211198724244
Çanakkale,Gelibolu,20215929,0.0,42.030345931533574,42.030345931533574
Çanakkale,Gökçeada,3295075,15.06,38.02667557145793,22.966675571457927
Çanakkale,Lapseki,5217017,29.77,42.030345931533574,12.260345931533575
Çanakkale,Merkez,18300786,1.53,41.043211198724244,39.51321119872424
Çanakkale,Yenice,13895252,15.75,39.43911573443737,23.689115734437372
Çanakkale,Çan,29524590,1.32,66.82624635581456,65.50624635581457
Çankiri,Atkaracalar,11869749,0.0,59.57486820303995,59.57486820303995
Çankiri,Bayramören,0,94.73,59.57486820303995,0.0
Çankiri,Eldivan,5456204,24.23,50.13997794925729,25.909977949257293
Çankiri,Ilgaz,2891454,33.35,41.90430294400953,8.554302944009528
Çankiri,Korgun,15632292,0.0,50.13997794925729,50.13997794925729
Çankiri,Kurşunlu,15369602,0.0,59.57486820303995,59.57486820303995
Çankiri,Kızılırmak,8490719,14.57,50.13997794925729,35.56997794925729
Çankiri,Merkez,36406919,0.0,50.13997794925729,50.13997794925729
Çankiri,Orta,11994797,0.0,42.86011013404343,42.86011013404343
Çankiri,Yapraklı,13835503,0.0,50.13997794925729,50.13997794925729
Çankiri,Çerkeş,40548834,0.0,59.57486820303995,59.57486820303995
Çankiri,Şabanözü,12587130,0.0,42.86011013404343,42.86011013404343
Çorum,Alaca,34204188,0.0,57.473990892096396,57.473990892096396
Çorum,Bayat,12775197,0.0,24.96918611184006,24.96918611184006
Çorum,Boğazkale,3463715,0.0,26.565824362050865,26.565824362050865
Çorum,Dodurga,5424234,0.04,50.29728424135734,50.25728424135734
Çorum,Kargı,11660773,8.8,29.25803922007553,20.45803922007553
Çorum,Laçin,6815044,2.46,50.29728424135734,47.83728424135734
Çorum,Mecitözü,28777974,0.0,66.85561204708458,66.85561204708458
Çorum,Merkez,71655347,0.0,66.85561204708458,66.85561204708458
Çorum,Ortaköy,5574100,0.0,66.85561204708458,66.85561204708458
Çorum,Osmancık,28131280,0.0,50.29728424135734,50.29728424135734
Çorum,Oğuzlar,4304507,0.4,29.25803922007553,28.858039220075533
Çorum,Sungurlu,26494206,0.0,26.565824362050865,26.565824362050865
Çorum,Uğurludağ,6609339,0.0,24.96918611184006,24.96918611184006
Çorum,İskilip,0,34.8,29.25803922007553,0.0
