province_name,district_name,prov_norm,dist_norm,treecover_pct,model_potential_treecover_pct,treecover_gap_pct,area_ha,trees_needed
Adana,Aladağ,adana,aladağ,54.58,57.87245843407344,3.2924584340734384,195789.5632068124,3223145
Adana,Ceyhan,adana,ceyhan,0.05,7.380320000000007,7.3303200000000075,150936.1797431889,5532052
Adana,Feke,adana,feke,15.07,15.349908377132149,0.27990837713214844,150492.04908882373,210620
Adana,Karaisali,adana,karaisali,8.33,8.44664642857143,0.11664642857143015,173589.72580758814,101243
Adana,Karataş,adana,karataş,0.0,0.24789236111111393,0.24789236111111393,45217.64695643343,56046
Adana,Kozan,adana,kozan,0.59,7.1142077777777954,6.524207777777796,222903.71273500333,7271351
Adana,Pozantı,adana,pozantı,4.73,6.217662777777778,1.4876627777777776,118910.85322397648,884496
Adana,Saimbeyli,adana,saimbeyli,43.16,47.62915573245923,4.469155732459235,118762.75371163242,2653846
Adana,Seyhan,adana,seyhan,0.0,7.360610277777785,7.360610277777785,62156.697569987846,2287556
Adana,Tufanbeyli,adana,tufanbeyli,0.0,6.831467361111112,6.831467361111112,115785.65268701733,3954930
Adana,Yumurtalık,adana,yumurtalık,0.23,0.37795833333333695,0.14795833333333694,47221.10837958876,34934
Adana,Yüreğir,adana,yüreğir,0.0,7.373106111111118,7.373106111111118,151719.8479599339,5593233
Adana,İmamoğlu,adana,i̇mamoğlu,0.0,7.066822361111123,7.066822361111123,30007.531483566858,1060289
Adiyaman,Besni,adiyaman,besni,0.0,6.376118749999991,6.376118749999991,88983.42977402594,2836845
Adiyaman,Gerger,adiyaman,gerger,0.0,17.189992500000024,17.189992500000024,83669.96604521708,7191430
Adiyaman,Gölbaşı,adiyaman,gölbaşı,0.0,6.427074722222212,6.427074722222212,67837.10382249301,2179971
Adiyaman,Kahta,adiyaman,kahta,0.0,17.178989722222244,17.178989722222244,131711.19483881583,11313326
Adiyaman,Merkez,adiyaman,merkez,0.0,6.368113194444435,6.368113194444435,159282.32284947074,5071639
Adiyaman,Samsat,adiyaman,samsat,0.0,6.409143472222224,6.409143472222224,30266.653493193393,969917
Adiyaman,Sincik,adiyaman,sincik,0.23,17.18430638888891,16.95430638888891,66507.61844629227,5637953
Adiyaman,Tut,adiyaman,tut,0.07,6.258428888888881,6.188428888888881,49739.130666295925,1539035
Adiyaman,Çelikhan,adiyaman,çelikhan,0.0,6.24441777777777,6.24441777777777,64056.28130491593,1999971
Afyon,Bayat,afyon,bayat,0.0,7.383173194444463,7.383173194444463,66936.72948915382,2471027
Afyon,Başmakçı,afyon,başmakçı,0.56,14.461412361111112,13.901412361111111,55308.379942574895,3844323
Afyon,Bolvadin,afyon,bolvadin,0.0,6.985449305555554,6.985449305555554,115574.3652209512,4036694
Afyon,Dazkırı,afyon,dazkırı,0.0,14.461412361111112,14.461412361111112,35705.82673022259,2581783
Afyon,Dinar,afyon,dinar,0.0,14.460920694444445,14.460920694444445,136520.51743499516,9871062
Afyon,Emirdağ,afyon,emirdağ,0.0,6.983560416666666,6.983560416666666,188634.61500407933,6586706
Afyon,Evciler,afyon,evciler,0.0,14.460920694444445,14.460920694444445,14560.169107950547,1052767
Afyon,Hocalar,afyon,hocalar,0.0,6.316436527777772,6.316436527777772,64093.034194646534,2024198
Afyon,Kızılören,afyon,kızılören,0.0,6.325562222222215,6.325562222222215,23946.706275342964,757382
Afyon,Merkez,afyon,merkez,0.0,7.388602361111131,7.388602361111131,103336.41639424811,3817558
Afyon,Sandıklı,afyon,sandıklı,0.0,6.318744166666661,6.318744166666661,120146.15165371976,3795864
Afyon,Sincanlı,afyon,sincanlı,0.75,6.321434444444437,5.571434444444437,85871.15077999355,2392127
Afyon,Sultandağı,afyon,sultandağı,0.0,7.759891111111112,7.759891111111112,82917.71758416716,3217162
Afyon,Çay,afyon,çay,0.0,7.765859166666667,7.765859166666667,85067.37198247424,3303106
Afyon,Çobanlar,afyon,çobanlar,0.0,6.9625187499999885,6.9625187499999885,38751.81958178475,1349051
Afyon,İhsaniye,afyon,i̇hsaniye,0.0,7.387723888888908,7.387723888888908,85733.07512367229,3166861
Afyon,İscehisar,afyon,i̇scehisar,0.0,7.385238472222242,7.385238472222242,51661.82910106873,1907675
Afyon,Şuhut,afyon,şuhut,0.0,6.965213194444435,6.965213194444435,119978.43452880163,4178377
Agri,Diyadin,agri,diyadin,0.0,11.85816333333337,11.85816333333337,108475.42548679959,6431597
Agri,Doğubeyazıt,agri,doğubeyazıt,0.0,11.857002222222258,11.857002222222258,234592.3682894445,13907811
Agri,Eleşkirt,agri,eleşkirt,0.0,6.964657500000012,6.964657500000012,132316.72755279994,4607703
Agri,Hamur,agri,hamur,0.0,22.591402361111165,22.591402361111165,83233.045568013,9401756
Agri,Merkez,agri,merkez,0.0,13.118984166666717,13.118984166666717,132826.5021681392,8712744
Agri,Patnos,agri,patnos,0.0,6.113251388888888,6.113251388888888,112294.79935635405,3432432
Agri,Taşlıçay,agri,taşlıçay,0.0,22.610641250000057,22.610641250000057,73158.53092150147,8270806
Agri,Tutak,agri,tutak,1.37,16.034889861111143,14.664889861111142,153137.52123034894,11228724
Aksaray,Ağaçören,aksaray,ağaçören,0.0,23.645641944444474,23.645641944444474,67941.82080203589,8032640
Aksaray,Eskil,aksaray,eskil,0.0,6.487663750000001,6.487663750000001,130312.93818760967,4227133
Aksaray,Gülağaç,aksaray,gülağaç,0.0,7.2851138888889,7.2851138888889,16279.235308483603,592980
Aksaray,Güzelyurt,aksaray,güzelyurt,0.0,6.711403055555554,6.711403055555554,15025.592325313573,504214
Aksaray,Merkez,aksaray,merkez,0.0,23.647482222222255,23.647482222222255,418032.8673184638,49427124
Aksaray,Ortaköy,aksaray,ortaköy,0.0,7.294154166666679,7.294154166666679,71143.24188077306,2594649
Aksaray,Sarıyahşi,aksaray,sarıyahşi,0.0,15.555389166666679,15.555389166666679,44345.912004996884,3449090
Amasya,Göynücek,amasya,göynücek,12.33,13.912380165463647,1.582380165463647,86948.28746808879,687926
Amasya,Gümüşhacıköy,amasya,gümüşhacıköy,0.0,9.344774444444448,9.344774444444448,75919.36796318326,3547247
Amasya,Hamamözü,amasya,hamamözü,81.68,82.15135670695082,0.47135670695081444,18641.14369329715,43933
Amasya,Merkez,amasya,merkez,0.0,6.069479027777773,6.069479027777773,178084.41890015395,5404398
Amasya,Merzifon,amasya,merzifon,0.0,6.749615277777763,6.749615277777763,101285.25586529975,3418183
Amasya,Suluova,amasya,suluova,0.0,6.761897916666651,6.761897916666651,54502.810187104355,1842712
Amasya,Taşova,amasya,taşova,0.0,6.1262874999999966,6.1262874999999966,105874.79571748753,3243097
Ankara,Akyurt,ankara,akyurt,0.0,5.674698888888882,5.674698888888882,23760.236974134546,674161
Ankara,Altındağ,ankara,altındağ,0.0,5.67530791666666,5.67530791666666,14021.492969576166,397881
Ankara,Ayaş,ankara,ayaş,0.0,6.052304166666668,6.052304166666668,112412.80624354558,3401782
Ankara,Bala,ankara,bala,0.0,6.830918194444442,6.830918194444442,195684.70140762735,6683531
Ankara,Beypazarı,ankara,beypazarı,0.0,20.32699402777781,20.32699402777781,188006.2143520224,19108006
Ankara,Elmadağ,ankara,elmadağ,0.91,5.709102361111103,4.799102361111103,77858.81588943338,1868262
Ankara,Etimesgut,ankara,etimesgut,0.0,6.0562923611111135,6.0562923611111135,5320.1199690259045,161101
Ankara,Evren,ankara,evren,0.0,15.554947500000013,15.554947500000013,37612.70666296757,2925318
Ankara,Gölbaşı,ankara,gölbaşı,0.0,6.840071666666665,6.840071666666665,78111.87921019323,2671454
Ankara,Güdül,ankara,güdül,0.0,6.046570833333335,6.046570833333335,39895.47963492525,1206154
Ankara,Haymana,ankara,haymana,0.0,6.1083750000000006,6.1083750000000006,291524.3035958149,8903699
Ankara,Kalecik,ankara,kalecik,0.0,6.543135138888888,6.543135138888888,143094.70812026237,4681440
Ankara,Kazan,ankara,kazan,0.0,6.051520138888891,6.051520138888891,41551.38790117696,1257245
Ankara,Keçiören,ankara,keçiören,0.0,5.674984305555549,5.674984305555549,18251.797647258445,517893
Ankara,Kızılcahamam,ankara,kızılcahamam,23.4,24.18950368724006,0.7895036872400603,183542.21564607948,724536
Ankara,Mamak,ankara,mamak,0.0,5.677762083333326,5.677762083333326,33953.76154592916,963907
Ankara,Nallıhan,ankara,nallıhan,6.68,6.604795416666679,0.0,226953.4395604812,0
Ankara,Polatlı,ankara,polatlı,0.0,6.428104027777769,6.428104027777769,337873.8136346592,10859440
Ankara,Sincan,ankara,sincan,0.0,6.053901388888891,6.053901388888891,35788.164443536705,1083290
Ankara,Yenimahalle,ankara,yenimahalle,0.0,6.060877083333335,6.060877083333335,54183.96542602391,1642012
Ankara,Çamlıdere,ankara,çamlıdere,2.07,7.507641805555572,5.437641805555572,40536.62203756813,1102118
Ankara,Çankaya,ankara,çankaya,0.0,5.677762083333326,5.677762083333326,19343.380403632986,549136
Ankara,Çubuk,ankara,çubuk,0.0,6.754095694444439,6.754095694444439,151985.65850652754,5132628
Ankara,Şultan Koçhisar,ankara,şultan koçhisar,0.0,15.554947500000013,15.554947500000013,223660.3761123239,17395127
Antalya,Akseki,antalya,akseki,0.0,6.515873472222224,6.515873472222224,134735.07234945198,4389583
Antalya,Alanya,antalya,alanya,12.96,14.830653046236176,1.8706530462361748,156390.52496555794,1462762
Antalya,Elmalı,antalya,elmalı,0.0,7.08520958333335,7.08520958333335,185801.30177194052,6582206
Antalya,Finike,antalya,finike,0.0,7.084720000000016,7.084720000000016,68390.62230918954,2422642
Antalya,Gazipaşa,antalya,gazipaşa,47.36,39.40272978945415,0.0,117476.38367106953,0
Antalya,Gündoğmuş,antalya,gündoğmuş,42.22,42.63831285248271,0.418312852482714,146757.29859579704,306952
Antalya,Kale,antalya,kale,38.4,45.43536835578669,7.035368355786694,39500.87857510624,1389516
Antalya,Kaş,antalya,kaş,11.96,14.378761522065883,2.418761522065882,184589.2705177821,2232387
Antalya,Kemer,antalya,kemer,38.91,41.718289141668784,2.808289141668787,47048.73139442026,660632
Antalya,Korkuteli,antalya,korkuteli,0.0,6.920279166666652,6.920279166666652,243266.5143649564,8417361
Antalya,Kumluca,antalya,kumluca,24.42,23.94730254793825,0.0,120966.84205891051,0
Antalya,Manavgat,antalya,manavgat,36.43,38.683177435747936,2.2531774357479364,224409.74358031922,2528175
Antalya,Merkez,antalya,merkez,0.62,6.572743611111114,5.952743611111114,189800.79089863462,5649177
Antalya,Serik,antalya,serik,16.9,16.590274411884415,0.0,137443.58045034527,0
Antalya,İbradi,antalya,i̇bradi,0.0,6.518207500000001,6.518207500000001,120077.57308520305,3913453
Ardahan,Damal,ardahan,damal,0.0,6.482404444444442,6.482404444444442,33149.94829158142,1074457
Ardahan,Göle,ardahan,göle,0.0,0.3954249702380926,0.3954249702380926,130103.16786394185,257230
Ardahan,Hanak,ardahan,hanak,0.0,6.313638888888878,6.313638888888878,54989.81912988895,1735929
Ardahan,Merkez,ardahan,merkez,0.0,0.44385024801587086,0.44385024801587086,116092.34577929488,257638
Ardahan,Posof,ardahan,posof,0.0,6.314455555555545,6.314455555555545,64767.677471932984,2044863
Ardahan,Çıldır,ardahan,çıldır,3.69,5.25367246362441,1.56367246362441,79571.27270859577,622117
Artvin,Ardanuç,artvin,ardanuç,2.46,13.305867500000053,10.845867500000054,95561.90018557286,5182259
Artvin,Arhavi,artvin,arhavi,86.83,82.93415871472631,0.0,34357.05405490815,0
Artvin,Borçka,artvin,borçka,91.96,77.72284010879356,0.0,88974.49304632934,0
Artvin,Hopa,artvin,hopa,59.95,53.56609865116159,0.0,27157.048555982597,0
Artvin,Merkez,artvin,merkez,26.75,24.13148685501728,0.0,109101.56994832245,0
Artvin,Murgul,artvin,murgul,91.3,82.91743843694852,0.0,33671.311373135475,0
Artvin,Yusufeli,artvin,yusufeli,64.99,61.45879759835619,0.0,255397.8776217513,0
Artvin,Şavşat,artvin,şavşat,35.19,34.334385868113415,0.0,132692.9935373827,0
Aydin,Bozdoğan,aydin,bozdoğan,0.0,7.398572222222244,7.398572222222244,83159.28550741117,3076300
Aydin,Buharkent,aydin,buharkent,10.6,12.097097334054785,1.4970973340547857,11400.788613345521,85340
Aydin,Didim,aydin,didim,0.14,9.78799000000001,9.647990000000009,30518.182831054248,1472196
Aydin,Germencik,aydin,germencik,0.07,6.730928888888897,6.660928888888897,40852.84497168646,1360589
Aydin,Karacasu,aydin,karacasu,0.0,6.533975416666663,6.533975416666663,72769.02359867556,2377355
Aydin,Karpuzlu,aydin,karpuzlu,3.38,9.784973333333344,6.404973333333344,25886.261018072517,829004
Aydin,Koçarlı,aydin,koçarlı,60.31,61.600882994468826,1.2908829944688236,48269.99811246411,311555
Aydin,Kuyucak,aydin,kuyucak,0.0,6.456008888888883,6.456008888888883,49855.7224321136,1609345
Aydin,Kuşadası,aydin,kuşadası,0.17,6.730944166666675,6.560944166666675,21567.54889532218,707517
Aydin,Köşk,aydin,köşk,0.0,6.312089027777784,6.312089027777784,19792.383041541307,624656
Aydin,Merkez,aydin,merkez,2.32,6.318303194444453,3.998303194444453,67731.30579319994,1354051
Aydin,Nazilli,aydin,nazilli,0.0,6.310727916666673,6.310727916666673,57174.5344472937,1804065
Aydin,Sultanhisar,aydin,sultanhisar,1.07,6.331667777777786,5.261667777777785,24580.601326566,646675
Aydin,Söke,aydin,söke,3.86,9.784973333333344,5.9249733333333445,108127.12523271667,3203252
Aydin,Yenipazar,aydin,yenipazar,7.21,7.264835138888919,0.05483513888891878,19010.310898851316,5212
Aydin,Çine,aydin,çine,0.07,7.4047965277777985,7.334796527777798,94716.19408284612,3473620
Aydin,İncirliova,aydin,i̇ncirliova,34.67,38.65095020110648,3.980950201106481,25223.7545300587,502073
Balikesir,Ayvalık,balikesir,ayvalık,0.0,7.328929027777796,7.328929027777796,38577.72998901987,1413667
Balikesir,Balya,balikesir,balya,4.09,6.5979020833333335,2.5079020833333336,111843.85346672065,1402467
Balikesir,Bandırma,balikesir,bandırma,0.0,21.853061250000017,21.853061250000017,65931.30806837334,7204005
Balikesir,Bigadiç,balikesir,bigadiç,13.3,13.537533544882368,0.23753354488236766,101237.35227320487,120236
Balikesir,Burhaniye,balikesir,burhaniye,14.3,15.165067207492905,0.8650672074929044,30419.91660464536,131576
Balikesir,Dursunbey,balikesir,dursunbey,4.58,6.408953333333325,1.8289533333333248,196517.58411876755,1797107
Balikesir,Edremit,balikesir,edremit,91.3,79.46487478521891,0.0,84282.86186210257,0
Balikesir,Erdek,balikesir,erdek,94.09,88.13806087228654,0.0,28930.229785011947,0
Balikesir,Gömeç,balikesir,gömeç,25.31,25.44789090819033,0.13789090819033234,24845.11376955428,17130
Balikesir,Gönen,balikesir,gönen,0.3,6.570737361111115,6.270737361111115,110308.70077711556,3458584
Balikesir,Havran,balikesir,havran,71.62,76.288135224756,4.668135224756,57225.59977294518,1335684
Balikesir,Kepsut,balikesir,kepsut,82.72,80.37698216708506,0.0,88707.88744259876,0
Balikesir,Manyas,balikesir,manyas,32.17,34.43321358279191,2.2632135827919058,62205.09516969651,703917
Balikesir,Marmara,balikesir,marmara,24.15,23.78520085430916,0.0,16426.87123905072,0
Balikesir,Merkez,balikesir,merkez,0.0,7.127119583333336,7.127119583333336,141747.52869830065,5051258
Balikesir,Savaştepe,balikesir,savaştepe,0.0,9.021405972222222,9.021405972222222,36445.44381250808,1643946
Balikesir,Susurluk,balikesir,susurluk,40.06,39.00214009543979,0.0,61926.118939072934,0
Balikesir,Sındırgı,balikesir,sındırgı,1.11,6.687597222222224,5.577597222222224,142080.67514507571,3962344
Balikesir,İvrindi,balikesir,i̇vrindi,0.91,9.012296944444442,8.102296944444442,71733.38501730001,2906026
Bartın,Amasra,bartın,amasra,0.0,20.7077315277778,20.7077315277778,21411.92497998856,2216962
Bartın,Kurucaşile,bartın,kurucaşile,25.31,25.87504862179492,0.5650486217949222,20917.530024425345,59097
Bartın,Merkez,bartın,merkez,2.16,20.692275972222244,18.532275972222244,131889.20311843607,12221036
Bartın,Ulus,bartın,ulus,0.86,20.69079680555558,19.83079680555558,84278.25351278111,8356525
Batman,Beşiri,batman,beşiri,0.0,6.829127916666677,6.829127916666677,79019.54403756048,2698173
Batman,Gercüş,batman,gercüş,0.0,6.549501805555569,6.549501805555569,71840.28748229565,2352590
Batman,Hasankeyf,batman,hasankeyf,0.0,6.548154583333347,6.548154583333347,43401.64289301888,1421003
Batman,Kozluk,batman,kozluk,0.0,6.82863625000001,6.82863625000001,111374.13802434067,3802667
Batman,Merkez,batman,merkez,0.0,6.829127916666677,6.829127916666677,46249.57565215573,1579221
Batman,Sason,batman,sason,0.0,6.362853194444444,6.362853194444444,82660.71930485562,2629790
Bayburt,Aydıntepe,bayburt,aydıntepe,0.0,4.888060248015877,4.888060248015877,41925.67075149529,1024676
Bayburt,Demirözü,bayburt,demirözü,0.0,13.118916111111162,13.118916111111162,48771.69513647342,3199159
Bayburt,Merkez,bayburt,merkez,0.0,6.245238888888876,6.245238888888876,248462.58007236457,7758541
Bilecik,Bozüyük,bilecik,bozüyük,3.89,15.631078750000013,11.741078750000012,94891.2344521235,5570627
Bilecik,Gölpazarı,bilecik,gölpazarı,0.0,6.312235833333323,6.312235833333323,69123.8573982347,2181630
Bilecik,Merkez,bilecik,merkez,0.0,15.619235694444457,15.619235694444457,86614.93986716027,6764296
Bilecik,Osmaneli,bilecik,osmaneli,0.15,24.264175972222272,24.114175972222274,47856.09874027012,5770052
Bilecik,Pazaryeri,bilecik,pazaryeri,0.0,15.627013472222234,15.627013472222234,33233.67228261017,2596715
Bilecik,Söğüt,bilecik,söğüt,0.0,15.627013472222234,15.627013472222234,59085.66071235689,4616662
Bilecik,Yenipazar,bilecik,yenipazar,0.41,6.203267222222215,5.793267222222215,34028.46201476899,985680
Bilecik,İnhisar,bilecik,i̇nhisar,0.0,6.208379722222216,6.208379722222216,39783.48489989056,1234955
Bingöl,Adaklı,bingöl,adaklı,0.0,6.300674305555543,6.300674305555543,89240.21168371034,2811368
Bingöl,Genç,bingöl,genç,0.0,6.152191666666667,6.152191666666667,169235.0583279453,5205833
Bingöl,Karlıova,bingöl,karlıova,0.0,6.64773333333334,6.64773333333334,146003.1483300425,4852950
Bingöl,Kiğı,bingöl,kiğı,0.0,6.272801388888877,6.272801388888877,25233.04341858689,791409
Bingöl,Merkez,bingöl,merkez,0.0,6.356680277777774,6.356680277777774,184702.502143276,5870474
Bingöl,Solhan,bingöl,solhan,0.05,6.359242777777775,6.309242777777775,112485.91504060941,3548505
Bingöl,Yayladere,bingöl,yayladere,4.64,6.2889102777777754,1.6489102777777758,30228.1271254099,249217
Bingöl,Yedisu,bingöl,yedisu,0.0,6.3005784722222105,6.3005784722222105,56254.81977428802,1772190
Bitlis,Adilcevaz,bitlis,adilcevaz,0.0,6.124039583333334,6.124039583333334,173389.4231836378,5309218
Bitlis,Ahlat,bitlis,ahlat,0.0,7.025478750000013,7.025478750000013,108052.77376130944,3795612
Bitlis,Güroymak,bitlis,güroymak,0.0,8.555380416666667,8.555380416666667,52670.590245824686,2253085
Bitlis,Hizan,bitlis,hizan,0.0,5.625888472222214,5.625888472222214,84781.55409546015,2384858
Bitlis,Merkez,bitlis,merkez,0.0,8.559595694444445,8.559595694444445,117223.67863598952,5016936
Bitlis,Mutki,bitlis,mutki,13.22,14.6195217221939,1.3995217221938994,102705.53719733206,718693
Bitlis,Tatvan,bitlis,tatvan,0.0,6.3460761111111035,6.3460761111111035,227912.75739133247,7231759
Bolu,Dörtdivan,bolu,dörtdivan,37.84,37.88216443339055,0.04216443339054621,37744.21444740721,7957
Bolu,Gerede,bolu,gerede,59.1,60.29889402111855,1.198894021118548,169119.01383312492,1013779
Bolu,Göynük,bolu,göynük,31.19,33.61267455271174,2.4226745527117366,120114.62888303843,1454993
Bolu,Kıbrıscık,bolu,kıbrıscık,57.57,63.01818465928584,5.448184659285843,70618.60011449912,1923716
Bolu,Mengen,bolu,mengen,89.31,82.7848280710274,0.0,80291.07963398164,0
Bolu,Merkez,bolu,merkez,0.0,6.791078194444439,6.791078194444439,143782.7126559911,4882198
Bolu,Mudurnu,bolu,mudurnu,0.0,11.579710972222227,11.579710972222227,129434.49960592987,7494070
Bolu,Seben,bolu,seben,0.0,6.778017083333328,6.778017083333328,63074.942082445894,2137615
Bolu,Yeniçağa,bolu,yeniçağa,24.37,24.028413680763833,0.0,12781.133610000728,0
Burdur,Altınyayla,burdur,altınyayla,11.01,13.805924438732548,2.7959244387325484,38275.15587554395,535072
Burdur,Ağlasun,burdur,ağlasun,1.65,6.281398750000004,4.631398750000004,35235.31259606956,815944
Burdur,Bucak,burdur,bucak,13.7,14.498866352513227,0.7988663525132278,156980.07291263543,627030
Burdur,Gölhisar,burdur,gölhisar,0.0,6.289754583333333,6.289754583333333,30359.550958450334,954771
Burdur,Karamanlı,burdur,karamanlı,0.0,6.5473950000000025,6.5473950000000025,37963.99591961227,1242826
Burdur,Kemer,burdur,kemer,0.0,6.546745000000001,6.546745000000001,56957.994618276694,1864447
Burdur,Merkez,burdur,merkez,0.0,6.536129027777779,6.536129027777779,128130.14296804622,4187376
Burdur,Tefenni,burdur,tefenni,0.0,6.5473950000000025,6.5473950000000025,64315.24920553501,2105487
Burdur,Yeşilova,burdur,yeşilova,0.0,6.543271388888892,6.543271388888892,109586.65061895533,3585276
Burdur,Çavdır,burdur,çavdır,0.0,6.927556249999987,6.927556249999987,50557.00247009018,1751182
Burdur,Çeltikçi,burdur,çeltikçi,3.41,6.263287222222228,2.853287222222228,17166.761134947013,244909
Bursa,Büyükorhan,bursa,büyükorhan,23.27,31.413537548844094,8.143537548844094,52164.5643964068,2124020
Bursa,Gemlik,bursa,gemlik,0.0,10.110527500000003,10.110527500000003,35528.277585752265,1796048
Bursa,Gürsu,bursa,gürsu,0.0,10.110527500000003,10.110527500000003,11553.941990231036,584082
Bursa,Harmancık,bursa,harmancık,61.33,76.37558176949395,15.04558176949395,58227.67273349178,4380346
Bursa,Karacabey,bursa,karacabey,0.07,21.814514027777797,21.744514027777797,124323.98553841627,13516823
Bursa,Keles,bursa,keles,35.15,30.75839153857307,0.0,66293.51304016938,0
Bursa,Kestel,bursa,kestel,11.1,13.85795833303268,2.757958333032681,42204.34652318556,581989
Bursa,Mudanya,bursa,mudanya,0.22,17.921274861111122,17.701274861111123,33297.53437625752,2947044
Bursa,Mustafa Kemalpaşa,bursa,mustafa kemalpaşa,31.78,32.112963927147426,0.33296392714742495,160442.3490002044,267108
Bursa,Nilüfer,bursa,nilüfer,0.0,6.916355694444459,6.916355694444459,69543.68497817838,2404944
Bursa,Orhaneli,bursa,orhaneli,33.83,36.25415631011575,2.424156310115748,79514.05906788511,963773
Bursa,Orhangazi,bursa,orhangazi,0.0,10.102023333333337,10.102023333333337,48668.389594308406,2458246
Bursa,Osmangazi,bursa,osmangazi,24.81,30.73681723301752,5.92681723301752,36782.97719538981,1090030
Bursa,Yenişehir,bursa,yenişehir,0.0,10.102023333333337,10.102023333333337,82450.4748404199,4164583
Bursa,Yıldırım,bursa,yıldırım,0.0,6.2065965277777755,6.2065965277777755,7075.422938474713,219571
Bursa,İnegöl,bursa,i̇negöl,0.53,6.212890277777775,5.682890277777775,104671.53644920466,2974184
Bursa,İznik,bursa,i̇znik,0.7,10.102148333333334,9.402148333333335,73576.31968864746,3458877
Denizli,Acıpayam,denizli,acıpayam,19.35,18.664108783068862,0.0,148947.81915323835,0
Denizli,Akköy,denizli,akköy,0.0,6.50056805555556,6.50056805555556,17471.16523736702,567862
Denizli,Babadağ,denizli,babadağ,29.73,34.1863927253723,4.4563927253723,15191.207977693039,338490
Denizli,Baklan,denizli,baklan,0.0,6.499859722222227,6.499859722222227,36632.05117508422,1190516
Denizli,Bekilli,denizli,bekilli,0.0,6.4945236111111155,6.4945236111111155,22546.65234272043,732149
Denizli,Beyağaç,denizli,beyağaç,0.0,8.75407750000001,8.75407750000001,11648.5508730366,509862
Denizli,Bozkurt,denizli,bozkurt,8.2,8.288747539682566,0.08874753968256677,36317.355270052845,16115
Denizli,Buldan,denizli,buldan,0.0,6.452026944444439,6.452026944444439,42246.41681552805,1362875
Denizli,Güney,denizli,güney,1.51,6.494281527777784,4.984281527777784,51925.247158706734,1294050
Denizli,Honaz,denizli,honaz,48.68,39.97715793174014,0.0,45114.82699966417,0
Denizli,Kale,denizli,kale,9.6,9.962841071428626,0.3628410714286261,72339.49579170338,131239
Denizli,Merkez,denizli,merkez,1.14,6.50109194444445,5.361091944444451,72046.78650596405,1931247
Denizli,Sarayköy,denizli,sarayköy,0.0,6.45650055555555,6.45650055555555,36072.39872360677,1164507
Denizli,Serinhisar,denizli,serinhisar,0.0,6.397453333333325,6.397453333333325,20069.751708228916,641976
Denizli,Tavas,denizli,tavas,0.0,6.535418472222218,6.535418472222218,146857.70801086572,4798883
Denizli,Çal,denizli,çal,0.0,6.497270833333338,6.497270833333338,82554.51624848624,2681895
Denizli,Çameli,denizli,çameli,0.0,6.292682361111111,6.292682361111111,51244.089717331866,1612314
Denizli,Çardak,denizli,çardak,0.0,14.461412361111112,14.461412361111112,32883.26473340275,2377692
Denizli,Çivril,denizli,çivril,0.0,14.460920694444445,14.460920694444445,147352.84552927336,10654289
Diyarbakir,Bismil,diyarbakir,bismil,0.0,6.2492190277777775,6.2492190277777775,166344.85354891786,5197627
Diyarbakir,Dicle,diyarbakir,dicle,0.0,6.40593916666666,6.40593916666666,81139.23603348208,2598865
Diyarbakir,Ergani,diyarbakir,ergani,0.0,6.942705138888912,6.942705138888912,159902.0108769458,5550763
Diyarbakir,Eğil,diyarbakir,eğil,0.0,6.960752361111134,6.960752361111134,48062.095342808556,1672742
Diyarbakir,Hani,diyarbakir,hani,0.0,6.165805555555555,6.165805555555555,40062.33814380935,1235083
Diyarbakir,Hazro,diyarbakir,hazro,0.0,6.166945833333332,6.166945833333332,42084.911449529274,1297677
Diyarbakir,Kocaköy,diyarbakir,kocaköy,0.0,6.167437499999998,6.167437499999998,16321.074981772172,503296
Diyarbakir,Kulp,diyarbakir,kulp,0.0,6.3590768055555555,6.3590768055555555,140313.6887856033,4461328
Diyarbakir,Lice,diyarbakir,lice,0.0,6.159360416666666,6.159360416666666,100861.46680333989,3106211
Diyarbakir,Merkez,diyarbakir,merkez,53.16,53.4430127547661,0.283012754766105,242663.9412617903,343385
Diyarbakir,Silvan,diyarbakir,silvan,0.0,6.82863625000001,6.82863625000001,124424.7002508091,4248255
Diyarbakir,Çermik,diyarbakir,çermik,0.0,6.709957361111114,6.709957361111114,94234.0743889902,3161533
Diyarbakir,Çüngüş,diyarbakir,çüngüş,0.15,6.572083750000015,6.422083750000015,60574.8594522654,1945084
Diyarbakir,Çınar,diyarbakir,çınar,0.0,6.423364305555566,6.423364305555566,164152.51274074818,5272057
Düzce,Akçakoca,düzce,akçakoca,95.9,89.06997080472019,0.0,39914.43468058897,0
Düzce,Cumayeri,düzce,cumayeri,94.28,88.99120786065026,0.0,4167.453048217722,0
Düzce,Gölyaka,düzce,gölyaka,91.56,88.9314685021846,0.0,21504.23268871202,0
Düzce,Gümüşova,düzce,gümüşova,3.96,17.49887986111111,13.53887986111111,17289.79077722722,1170422
Düzce,Kaynaşlı,düzce,kaynaşlı,83.57,84.87738681754969,1.3073868175496983,42024.76562877978,274713
Düzce,Merkez,düzce,merkez,79.75,88.41762150693464,8.667621506934637,44588.39579183891,1932377
Düzce,Yığılca,düzce,yığılca,33.75,33.78840208333342,0.03840208333342332,59179.699872343335,11363
Düzce,Çilimli,düzce,çilimli,49.46,48.45864157738079,0.0,10177.073406351019,0
Edirne,Enez,edirne,enez,0.07,7.301210972222239,7.231210972222239,44880.5605555397,1622704
Edirne,Havsa,edirne,havsa,0.0,7.24140777777779,7.24140777777779,61321.387801584795,2220266
Edirne,Keşan,edirne,keşan,0.0,7.115201666666677,7.115201666666677,122301.27548506932,4350991
Edirne,Lalapaşa,edirne,lalapaşa,0.0,14.821390138888901,14.821390138888901,50833.53774240932,3767118
Edirne,Meriç,edirne,meriç,0.07,8.018388333333354,7.948388333333353,40082.71756437961,1592965
Edirne,Merkez,edirne,merkez,0.21,7.258796666666679,7.0487966666666795,83002.66699486366,2925345
Edirne,Süleoğlu,edirne,süleoğlu,0.0,14.821390138888901,14.821390138888901,26615.235558911263,1972374
Edirne,Uzunköprü,edirne,uzunköprü,0.0,7.121275277777791,7.121275277777791,115011.8595984868,4095156
Edirne,İpsala,edirne,i̇psala,0.04,7.986751527777798,7.946751527777798,68643.26107773623,2727455
Elazığ,Alacakaya,elazığ,alacakaya,0.0,6.38665166666666,6.38665166666666,16960.54675572433,541606
Elazığ,Aricak,elazığ,aricak,0.0,6.401419722222215,6.401419722222215,41690.76523017417,1334400
Elazığ,Ağın,elazığ,ağın,0.0,6.302116388888892,6.302116388888892,28149.69606243904,887013
Elazığ,Baskil,elazığ,baskil,0.0,14.319476527777795,14.319476527777795,129426.7695157799,9266618
Elazığ,Karakoçan,elazığ,karakoçan,0.0,6.235475555555555,6.235475555555555,129173.87976164444,4027303
Elazığ,Keban,elazığ,keban,0.0,6.303524722222224,6.303524722222224,50659.71451302267,1596674
Elazığ,Kovancılar,elazığ,kovancılar,0.0,6.380605833333327,6.380605833333327,87558.6848010948,2793387
Elazığ,Maden,elazığ,maden,0.0,6.564107361111127,6.564107361111127,69792.84602861744,2290639
Elazığ,Merkez,elazığ,merkez,0.0,6.56241708333335,6.56241708333335,222204.643195762,7290998
Elazığ,Palu,elazığ,palu,1.86,6.400456666666659,4.540456666666659,83439.91574368069,1894277
Elazığ,Sivrice,elazığ,sivrice,0.0,6.56597819444446,6.56597819444446,69523.4503788401,2282447
Erzincan,Kemah,erzincan,kemah,0.0,6.3508254166666624,6.3508254166666624,213303.93814584528,6773280
Erzincan,Kemaliye,erzincan,kemaliye,1.04,6.312705972222226,5.272705972222226,106761.77707650192,2814617
Erzincan,Merkez,erzincan,merkez,0.0,6.423327638888886,6.423327638888886,172831.1415044009,5550755
Erzincan,Otlukbeli,erzincan,otlukbeli,0.0,13.132166111111161,13.132166111111161,44946.16229290449,2951202
Erzincan,Refahiye,erzincan,refahiye,0.0,11.85406680555559,11.85406680555559,157769.62031284277,9351058
Erzincan,Tercan,erzincan,tercan,0.0,6.259100694444433,6.259100694444433,163027.60421381058,5102031
Erzincan,Çayırlı,erzincan,çayırlı,0.0,13.117423055555607,13.117423055555607,105218.72717280746,6900993
Erzincan,Üzümlü,erzincan,üzümlü,0.0,6.185045694444445,6.185045694444445,59460.59373944193,1838832
Erzincan,İliç,erzincan,i̇liç,0.0,6.375394861111106,6.375394861111106,130761.74604517307,4168289
Erzurum,Aşkale,erzurum,aşkale,0.0,6.2860583333333215,6.2860583333333215,141204.01610895884,4438083
Erzurum,Horasan,erzurum,horasan,0.0,6.9536005555555676,6.9536005555555676,152388.84527045157,5298256
Erzurum,Hınıs,erzurum,hınıs,0.0,13.12358277777783,13.12358277777783,129169.01639353366,8475801
Erzurum,Ilıca,erzurum,ilıca,0.0,0.7047853869047587,0.7047853869047587,162651.50634244806,573172
Erzurum,Karayazı,erzurum,karayazı,0.0,13.121763333333385,13.121763333333385,258125.01411110998,16935277
Erzurum,Karaçoban,erzurum,karaçoban,0.0,13.12302027777783,13.12302027777783,48259.619758618595,3166560
Erzurum,Köprüköy,erzurum,köprüköy,0.0,23.102327361111172,23.102327361111172,47450.175158665515,5481047
Erzurum,Merkez,erzurum,merkez,0.0,0.6950367757936475,0.6950367757936475,141908.21905561007,493157
Erzurum,Narman,erzurum,narman,0.0,6.419032499999997,6.419032499999997,95281.47636874867,3058074
Erzurum,Oltu,erzurum,oltu,0.0,6.4135433333333305,6.4135433333333305,130823.72397002018,4195218
Erzurum,Olur,erzurum,olur,0.0,13.117403611111158,13.117403611111158,71605.4693768377,4696389
Erzurum,Pasinler,erzurum,pasinler,0.0,23.102327361111172,23.102327361111172,129954.81841571443,15011294
Erzurum,Pazaryolu,erzurum,pazaryolu,0.22,0.6488645535714251,0.42886455357142517,60380.40084630318,129475
Erzurum,Tekman,erzurum,tekman,0.0,6.636054861111117,6.636054861111117,222076.57972185875,7368562
Erzurum,Tortum,erzurum,tortum,0.0,2.9770202480158634,2.9770202480158634,155186.77223132126,2309971
Erzurum,Uzundere,erzurum,uzundere,3.23,6.749752361111112,3.5197523611111117,30044.814660489177,528752
Erzurum,Çat,erzurum,çat,0.59,6.289752777777766,5.699752777777766,104961.0748001245,2991261
Erzurum,İspir,erzurum,i̇spir,22.04,19.271562682363932,0.0,206929.29034820883,0
Erzurum,Şenkaya,erzurum,şenkaya,0.51,6.465157916666665,5.955157916666665,146819.75671810424,4371674
Eskisehir,Alpu,eskisehir,alpu,0.0,6.066720138888891,6.066720138888891,86313.18082699715,2618190
Eskisehir,Beylikova,eskisehir,beylikova,0.0,6.84930708333333,6.84930708333333,48917.300694227895,1675248
Eskisehir,Günyüzü,eskisehir,günyüzü,0.0,6.4328908333333255,6.4328908333333255,99160.38281189169,3189440
Eskisehir,Han,eskisehir,han,0.0,7.375360694444465,7.375360694444465,22848.295470478308,842572
Eskisehir,Mahmudiye,eskisehir,mahmudiye,0.0,6.851956388888886,6.851956388888886,70532.0026303778,2416411
Eskisehir,Merkez,eskisehir,merkez,0.0,6.21279291666666,6.21279291666666,289674.0605538081,8998425
Eskisehir,Mihalgazi,eskisehir,mihalgazi,24.88,25.76081861589395,0.8808186158939506,10584.912581770068,46617
Eskisehir,Mihalıçcık,eskisehir,mihalıçcık,24.17,23.549902237638516,0.0,150343.73063039416,0
Eskisehir,Sarıcakaya,eskisehir,sarıcakaya,21.62,22.48512520521152,0.8651252052115197,37751.78150492285,163300
Eskisehir,Seyitgazi,eskisehir,seyitgazi,0.0,16.829023888888916,16.829023888888916,175777.12415820526,14790787
Eskisehir,Sivrihisar,eskisehir,sivrihisar,0.0,6.871177916666667,6.871177916666667,283247.3607204349,9731215
Eskisehir,Çifteler,eskisehir,çifteler,0.0,6.863287638888887,6.863287638888887,92737.43589529187,3182418
Eskisehir,İnönü,eskisehir,i̇nönü,0.0,15.631078750000013,15.631078750000013,38006.54344213733,2970416
Gaziantep,Araban,gaziantep,araban,0.0,6.411312916666656,6.411312916666656,60950.73804811366,1953871
Gaziantep,Karkamış,gaziantep,karkamış,0.0,6.193366111111112,6.193366111111112,20074.069394755043,621630
Gaziantep,Nizip,gaziantep,nizip,0.0,7.132800972222239,7.132800972222239,115018.69446192651,4102027
Gaziantep,Nurdağı,gaziantep,nurdağı,0.0,8.217851388888898,8.217851388888898,90886.88089412056,3734474
Gaziantep,Oğuzeli,gaziantep,oğuzeli,0.0,7.153278750000016,7.153278750000016,63381.30193675367,2266921
Gaziantep,Yavuzeli,gaziantep,yavuzeli,0.0,6.423909444444433,6.423909444444433,49378.39830627976,1586012
Gaziantep,İslahiye,gaziantep,i̇slahiye,0.0,8.220855555555566,8.220855555555566,102128.18654977284,4197905
Gaziantep,Şahinbey,gaziantep,şahinbey,0.0,7.167559305555571,7.167559305555571,67238.26637134433,2409671
Gaziantep,Şehitkamil,gaziantep,şehitkamil,0.0,7.16260930555557,7.16260930555557,146081.25383370783,5231615
Giresun,Alucra,giresun,alucra,0.0,6.443930833333328,6.443930833333328,111706.0255865452,3599130
Giresun,Bulancak,giresun,bulancak,74.26,71.14115609126993,0.0,64141.47657805709,0
Giresun,Dereli,giresun,dereli,96.02,83.53848886655918,0.0,79683.44192600391,0
Giresun,Doğankent,giresun,doğankent,88.36,81.61296706009074,0.0,9576.448873861511,0
Giresun,Espiye,giresun,espiye,80.84,81.67931569059218,0.8393156905921728,16988.81455711286,71295
Giresun,Eynesil,giresun,eynesil,54.68,64.87943307504945,10.199433075049448,9362.03677638912,477437
Giresun,Görele,giresun,görele,41.89,38.24182569444452,0.0,22193.42494678275,0
Giresun,Güce,giresun,güce,0.0,6.44087944444444,6.44087944444444,42382.18699598253,1364893
Giresun,Keşap,giresun,keşap,80.68,81.7637532348535,1.0837532348534893,24766.161179458213,134202
Giresun,Merkez,giresun,merkez,59.0,59.40196062500015,0.4019606250001502,28109.948922970663,56495
Giresun,Piraziz,giresun,piraziz,69.8,76.69003742197934,6.890037421979343,15845.979299104505,545897
Giresun,Tirebolu,giresun,tirebolu,64.73,62.96416282738093,0.0,18395.21989263664,0
Giresun,Yağlıdere,giresun,yağlıdere,72.12,77.81101558207571,5.691015582075707,30462.816492907197,866822
Giresun,Çamoluk,giresun,çamoluk,0.1,11.849914027777814,11.749914027777814,41043.66302032388,2411298
Giresun,Çanakçı,giresun,çanakçı,83.2,81.61237631108281,0.0,26449.127784018863,0
Giresun,Şultan Karahisar,giresun,şultan karahisar,0.69,23.94153013888896,23.25153013888896,139752.18396753352,16247261
Gümüshane,Kelkit,gümüshane,kelkit,0.0,23.932503750000073,23.932503750000073,140344.53734527258,16793981
Gümüshane,Köse,gümüshane,köse,0.0,23.94184750000007,23.94184750000007,52814.08994382826,6322334
Gümüshane,Kürtün,gümüshane,kürtün,50.19,57.52531029892734,7.3353102989273395,65277.91061504518,2394169
Gümüshane,Merkez,gümüshane,merkez,0.0,6.915597500000014,6.915597500000014,212015.89254039482,7331083
Gümüshane,Torul,gümüshane,torul,26.74,25.94944498353643,0.0,105877.86248068698,0
Gümüshane,Şiran,gümüshane,şiran,0.0,23.928912083333405,23.928912083333405,85099.48622858248,10181691
Hakkari,Merkez,hakkari,merkez,0.0,7.037122500000014,7.037122500000014,182950.67171345928,6437231
Hakkari,Yüksekova,hakkari,yüksekova,0.0,18.088488472222256,18.088488472222256,197625.8400009074,17873764
Hakkari,Çukurca,hakkari,çukurca,1.33,7.158227083333351,5.828227083333351,50143.23325750885,1461231
Hakkari,Şemdinli,hakkari,şemdinli,0.0,18.091505138888923,18.091505138888923,187992.2409505114,17005313
Hatay,Altınözü,hatay,altınözü,0.0,6.501398333333332,6.501398333333332,45199.91916434171,1469313
Hatay,Belen,hatay,belen,1.35,7.087771944444454,5.737771944444454,14666.559533723026,420767
Hatay,Dörtyol,hatay,dörtyol,64.86,69.0092314855866,4.149231485586597,58786.841955910924,1219601
Hatay,Erzin,hatay,erzin,1.69,16.879549444444464,15.189549444444465,36765.77916524021,2792278
Hatay,Hassa,hatay,hassa,0.0,16.881830694444467,16.881830694444467,61072.39050254192,5155069
Hatay,Kumlu,hatay,kumlu,0.0,6.908119861111115,6.908119861111115,24109.067633680497,832742
Hatay,Kırıkhan,hatay,kırıkhan,0.0,6.926962222222226,6.926962222222226,89155.18660361864,3087873
Hatay,Merkez,hatay,merkez,1.63,6.5296427777777755,4.899642777777776,93679.04763512919,2294969
Hatay,Reyhanlı,hatay,reyhanlı,0.15,6.921260138888891,6.7712601388888904,29902.692480313897,1012395
Hatay,Samandağ,hatay,samandağ,29.7,29.738626726564604,0.03862672656460475,37921.5588878002,7324
Hatay,Yayladağı,hatay,yayladağı,36.63,38.64638513012193,2.0163851301219253,30309.141466864436,305575
Hatay,İskenderun,hatay,i̇skenderun,39.23,39.49501080447343,0.26501080447343384,57040.47513383167,75582
Isparta,Aksu,isparta,aksu,50.7,52.52680306140369,1.8268030614036874,50041.070555927145,457076
Isparta,Atabey,isparta,atabey,3.81,7.726279166666683,3.916279166666683,18767.728817323994,367498
Isparta,Eğirdir,isparta,eğirdir,51.21,48.59905645365935,0.0,156779.16555752634,0
Isparta,Gelendost,isparta,gelendost,0.0,6.691204444444445,6.691204444444445,66442.0598518547,2222887
Isparta,Gönen,isparta,gönen,0.04,7.468154861111132,7.428154861111132,18031.495398373965,669704
Isparta,Keçiborlu,isparta,keçiborlu,0.0,14.461412361111112,14.461412361111112,50694.812002554994,3665593
Isparta,Merkez,isparta,merkez,0.0,7.466151388888911,7.466151388888911,66908.90425287961,2497760
Isparta,Senirkent,isparta,senirkent,0.0,7.463400694444467,7.463400694444467,59813.794982779276,2232072
Isparta,Sütçüler,isparta,sütçüler,0.0,7.398136111111133,7.398136111111133,121576.5321854383,4497199
Isparta,Uluborlu,isparta,uluborlu,2.96,7.708069444444461,4.748069444444461,21501.569145710942,510455
Isparta,Yalvaç,isparta,yalvaç,0.42,7.7988286111111105,7.3788286111111105,137340.04481733922,5067043
Isparta,Yenişarbademli,isparta,yenişarbademli,1.43,6.712425972222224,5.282425972222224,37884.562787886935,1000612
Isparta,Şarkikaraağaç,isparta,şarkikaraağaç,1.41,6.707937083333336,5.297937083333336,82103.95610363608,2174908
Istanbul,Adalar,istanbul,adalar,29.54,29.30294386761106,0.0,1286.217856090475,0
Istanbul,Arnavutkoy,istanbul,arnavutkoy,4.43,6.505656944444435,2.075656944444435,50526.348595670715,524377
Istanbul,Atasehir,istanbul,atasehir,2.96,7.434256527777793,4.4742565277777935,2314.3554847006676,51775
Istanbul,Avcılar,istanbul,avcılar,0.0,6.45651319444444,6.45651319444444,4896.336907788705,158066
Istanbul,Bahçelievler,istanbul,bahçelievler,0.0,6.45651319444444,6.45651319444444,1404.2802936746687,45334
Istanbul,Bakırköy,istanbul,bakırköy,0.0,6.456434027777774,6.456434027777774,3832.754294204466,123730
Istanbul,Basaksehir,istanbul,basaksehir,0.0,6.458074305555551,6.458074305555551,8988.097469314582,290229
Istanbul,Bayrampaşa,istanbul,bayrampaşa,0.0,6.458074305555551,6.458074305555551,740.1368803268562,23899
Istanbul,Bağcılar,istanbul,bağcılar,0.0,6.457932638888885,6.457932638888885,1846.2806637756257,59616
Istanbul,Beykoz,istanbul,beykoz,92.25,73.66414756979276,0.0,29755.280242690642,0
Istanbul,Beylikduzu,istanbul,beylikduzu,0.0,6.456434027777774,6.456434027777774,4102.256955864519,132430
Istanbul,Beyoğlu,istanbul,beyoğlu,0.0,6.457932638888885,6.457932638888885,996.9299423191596,32191
Istanbul,Beşiktaş,istanbul,beşiktaş,0.0,6.458074305555551,6.458074305555551,2563.765974669136,82785
Istanbul,Büyükçekmece,istanbul,büyükçekmece,0.0,6.457932638888885,6.457932638888885,15057.04590512308,486187
Istanbul,Esenler,istanbul,esenler,0.0,6.458074305555551,6.458074305555551,1676.4620310027528,54134
Istanbul,Esenyurt,istanbul,esenyurt,0.0,6.457932638888885,6.457932638888885,3753.1450605709406,121188
Istanbul,Eyüp,istanbul,eyüp,58.74,49.00103246092324,0.0,20632.51154734219,0
Istanbul,Fatih,istanbul,fatih,0.0,6.45651319444444,6.45651319444444,2188.4573195473577,70649
Istanbul,Gaziosmanpaşa,istanbul,gaziosmanpaşa,0.0,6.458074305555551,6.458074305555551,846.5882702065345,27337
Istanbul,Güngören,istanbul,güngören,0.0,6.45651319444444,6.45651319444444,588.676854927398,19004
Istanbul,Kadıköy,istanbul,kadıköy,0.0,6.452750694444441,6.452750694444441,2978.312159735449,96092
Istanbul,Kartal,istanbul,kartal,37.64,37.375673599085886,0.0,4343.988055219593,0
Istanbul,Kağıthane,istanbul,kağıthane,0.0,6.458074305555551,6.458074305555551,1464.731463454143,47297
Istanbul,Küçükçekmece,istanbul,küçükçekmece,0.0,6.45651319444444,6.45651319444444,3366.3893595283234,108676
Istanbul,Maltepe,istanbul,maltepe,12.05,13.285913145951264,1.2359131459512636,5020.289631199432,31023
Istanbul,Pendik,istanbul,pendik,21.07,20.99877048317162,0.0,18433.21712416903,0
Istanbul,Sancaktepe,istanbul,sancaktepe,0.0,7.118689166666677,7.118689166666677,5491.893847770621,195475
Istanbul,Sarıyer,istanbul,sarıyer,9.62,9.934069791666731,0.3140697916667321,13990.044425567607,21969
Istanbul,Silivri,istanbul,silivri,0.04,9.535567777777787,9.495567777777788,62319.00429553759,2958772
Istanbul,Sultanbeyli,istanbul,sultanbeyli,0.0,7.116205833333343,7.116205833333343,2604.5962213428666,92674
Istanbul,Sultangazi,istanbul,sultangazi,7.8,7.847487222222234,0.04748722222223378,3121.4140415859765,741
Istanbul,Tuzla,istanbul,tuzla,0.0,7.0948731944444505,7.0948731944444505,10634.74996121692,377261
Istanbul,Zeytinburnu,istanbul,zeytinburnu,0.0,6.456421527777773,6.456421527777773,1367.8341126648304,44157
Istanbul,Çatalca,istanbul,çatalca,94.22,86.4991710260549,0.0,93783.19150381915,0
Istanbul,Çekmekoy,istanbul,çekmekoy,92.69,73.12565962005729,0.0,13298.750333402266,0
Istanbul,Ümraniye,istanbul,ümraniye,47.54,72.47880744743824,24.938807447438244,4163.744681875457,519194
Istanbul,Üsküdar,istanbul,üsküdar,3.64,6.494578472222214,2.854578472222214,2147.360912130249,30649
Istanbul,Şile,istanbul,şile,57.6,72.31064916701503,14.710649167015028,66115.3923841978,4863002
Istanbul,Şişli,istanbul,şişli,4.89,6.508628472222213,1.6186284722222135,3026.2874944511645,24492
Izmir,Aliağa,izmir,aliağa,0.0,6.601700416666668,6.601700416666668,28341.30429236434,935504
Izmir,Balçova,izmir,balçova,0.0,6.267506527777782,6.267506527777782,2825.784293281905,88553
Izmir,Bayındır,izmir,bayındır,11.79,12.525315865800803,0.7353158658008034,64519.21239719198,237210
Izmir,Bergama,izmir,bergama,0.22,8.0439702777778,7.823970277777801,169055.11668071672,6613411
Izmir,Beydağ,izmir,beydağ,0.19,6.3055973611111185,6.115597361111118,21719.681387861543,664144
Izmir,Bornova,izmir,bornova,34.98,36.52725696008657,1.547256960086571,27395.473748183715,211939
Izmir,Buca,izmir,buca,0.41,6.706525555555548,6.296525555555548,13250.23428398452,417152
Izmir,Dikili,izmir,dikili,0.0,6.604987916666669,6.604987916666669,45946.0288893401,1517365
Izmir,Foça,izmir,foça,0.0,6.261352361111116,6.261352361111116,22938.090201294144,718117
Izmir,Gaziemir,izmir,gaziemir,6.94,7.212871388888898,0.2728713888888974,4877.419454147283,6655
Izmir,Güzelbahçe,izmir,güzelbahçe,0.0,6.275562083333337,6.275562083333337,10869.19306887683,341051
Izmir,Karaburun,izmir,karaburun,60.38,63.51130089706586,3.131300897065856,42073.40794156236,658723
Izmir,Karşıyaka,izmir,karşıyaka,1.58,6.2596433333333374,4.679643333333337,8495.861135483206,198788
Izmir,Kemalpaşa,izmir,kemalpaşa,1.73,6.768851944444437,5.038851944444437,70873.49171381384,1785605
Izmir,Kiraz,izmir,kiraz,19.59,20.849789223369193,1.259789223369193,79576.23405215464,501246
Izmir,Konak,izmir,konak,0.0,6.257916250000004,6.257916250000004,7619.804502981721,238420
Izmir,Kınık,izmir,kınık,41.93,41.103051767676874,0.0,46963.54489238279,0
Izmir,Menderes,izmir,menderes,0.0,7.269298333333347,7.269298333333347,81992.8473430919,2980152
Izmir,Menemen,izmir,menemen,0.04,6.246732916666669,6.206732916666669,76387.52082144756,2370585
Izmir,Narlıdere,izmir,narlıdere,14.64,15.21977421467427,0.5797742146742699,6735.640729513894,19526
Izmir,Seferihisar,izmir,seferihisar,0.7,7.31454208333335,6.61454208333335,33902.90607431977,1121261
Izmir,Selçuk,izmir,selçuk,0.0,6.73043722222223,6.73043722222223,23942.02200960123,805701
Izmir,Tire,izmir,tire,2.25,6.761115138888896,4.511115138888896,77531.06296351444,1748758
Izmir,Torbalı,izmir,torbalı,0.0,6.72759347222223,6.72759347222223,61601.80902075329,2072160
Izmir,Urla,izmir,urla,14.54,15.190200603563156,0.6502006035631567,78577.66953852323,255456
Izmir,Çeşme,izmir,çeşme,0.0,9.649187222222231,9.649187222222231,21633.903698587237,1043748
Izmir,Çiğli,izmir,çiğli,0.0,6.267991944444448,6.267991944444448,9717.149973044694,304535
Izmir,Ödemiş,izmir,ödemiş,0.07,6.30541958333334,6.23541958333334,97520.12952649735,3040395
Iğdır,Aralık,iğdır,aralık,0.0,6.357811666666662,6.357811666666662,90497.95164336394,2876845
Iğdır,Karakoyunlu,iğdır,karakoyunlu,0.0,6.35806305555555,6.35806305555555,10788.439378415589,342968
Iğdır,Merkez,iğdır,merkez,0.15,7.059491944444455,6.909491944444454,145194.43676479382,5016099
Iğdır,Tuzluca,iğdır,tuzluca,0.0,7.047181527777787,7.047181527777787,146456.374119336,5160523
K. Maras,Afşin,k. maras,afşin,0.0,7.15422597222223,7.15422597222223,150830.12249622832,5395364
K. Maras,Andırın,k. maras,andırın,0.99,6.315904861111109,5.325904861111109,132978.49081107057,3541154
K. Maras,Ekinözü,k. maras,ekinözü,0.0,7.156167638888896,7.156167638888896,58555.05486027317,2095149
K. Maras,Elbistan,k. maras,elbistan,0.0,13.390397083333353,13.390397083333353,260576.01693649063,17446082
K. Maras,Göksun,k. maras,göksun,0.0,7.182156527777785,7.182156527777785,204329.4579648099,7337631
K. Maras,Merkez,k. maras,merkez,2.36,7.030598333333346,4.670598333333347,299369.30406341783,6991169
K. Maras,Nurhak,k. maras,nurhak,0.0,6.613618749999983,6.613618749999983,136217.4359938331,4504451
K. Maras,Pazarcık,k. maras,pazarcık,0.0,6.439252499999989,6.439252499999989,138001.23533245502,4443124
K. Maras,Türkoğlu,k. maras,türkoğlu,0.0,6.849181805555566,6.849181805555566,35476.66252790238,1214931
K. Maras,Çağlayancerit,k. maras,çağlayancerit,0.0,6.437809444444434,6.437809444444434,38942.69305828809,1253528
Karabük,Eflani,karabük,eflani,28.86,29.24026889249652,0.3802688924965203,42947.43769728046,81658
Karabük,Eskipazar,karabük,eskipazar,36.33,35.27803456820951,0.0,57324.00850234814,0
Karabük,Merkez,karabük,merkez,2.42,8.289404027777783,5.869404027777783,75739.83431563138,2222738
Karabük,Ovacık,karabük,ovacık,0.0,17.44122458333336,17.44122458333336,40886.66872345028,3565568
Karabük,Safranbolu,karabük,safranbolu,1.21,20.65796208333336,19.44796208333336,75536.9933844488,7345203
Karabük,Yenice,karabük,yenice,83.74,82.65254883043491,0.0,39171.12245532266,0
Karaman,Ayrancı,karaman,ayrancı,0.0,6.092663611111107,6.092663611111107,234634.93049382776,7147759
Karaman,Başyayla,karaman,başyayla,0.0,6.49727541666666,6.49727541666666,31016.271655762775,1007606
Karaman,Ermenek,karaman,ermenek,0.0,7.1038231944444625,7.1038231944444625,143835.4026587535,5108906
Karaman,Kazımkarabekir,karaman,kazımkarabekir,0.0,6.422036527777765,6.422036527777765,91281.57686155528,2931068
Karaman,Merkez,karaman,merkez,0.0,6.916308333333323,6.916308333333323,294085.78280418646,10169940
Karaman,Sarıveliler,karaman,sarıveliler,0.0,6.497830972222216,6.497830972222216,39156.501526077525,1272162
Kars,Akyaka,kars,akyaka,0.0,0.1223026091269841,0.1223026091269841,33136.549073784634,20263
Kars,Arpaçay,kars,arpaçay,0.0,0.05416399801587282,0.05416399801587282,108629.29257968636,29419
Kars,Digor,kars,digor,0.0,6.598725416666673,6.598725416666673,103344.17432190709,3409699
Kars,Kağızman,kars,kağızman,0.0,13.110291111111161,13.110291111111161,204496.99409925775,13405076
Kars,Merkez,kars,merkez,0.0,6.276107638888878,6.276107638888878,192241.8333347925,6032652
Kars,Sarıkamış,kars,sarıkamış,0.0,6.946339444444456,6.946339444444456,213459.63565591286,7413815
Kars,Selim,kars,selim,0.0,6.409618333333331,6.409618333333331,102559.44848451349,3286835
Kars,Susuz,kars,susuz,0.0,0.05078247023809505,0.05078247023809505,77121.62114987886,19582
Kastamonu,Abana,kastamonu,abana,83.2,80.18774419855944,0.0,4882.111260931738,0
Kastamonu,Araç,kastamonu,araç,54.33,54.94152032738087,0.6115203273808731,189588.00575614392,579685
Kastamonu,Azdavay,kastamonu,azdavay,27.83,28.179227609427798,0.34922760942779973,73831.8331303775,128921
Kastamonu,Ağlı,kastamonu,ağlı,52.98,56.67831680354352,3.69831680354352,18016.952079776274,333162
Kastamonu,Bozkurt,kastamonu,bozkurt,9.62,9.969170972222253,0.3491709722222538,28581.84115459265,49900
Kastamonu,Cide,kastamonu,cide,20.9,21.357741111478546,0.4577411114785477,76347.42798035116,174737
Kastamonu,Daday,kastamonu,daday,80.37,66.65806640526284,0.0,112426.22807677653,0
Kastamonu,Devrekani,kastamonu,devrekani,15.33,16.789541535896145,1.459541535896145,57979.621821504,423118
Kastamonu,Doğanyurt,kastamonu,doğanyurt,26.63,26.76441831055235,0.13441831055235198,29764.314093503017,20004
Kastamonu,Hanönü,kastamonu,hanönü,14.58,15.174357764852257,0.5943577648522567,40724.9926571198,121026
Kastamonu,Küre,kastamonu,küre,50.57,53.422722439663886,2.8527224396638857,52762.55303325615,752585
Kastamonu,Merkez,kastamonu,merkez,0.1,7.309837222222233,7.209837222222234,177435.72511611372,6396413
Kastamonu,Pınarbası,kastamonu,pınarbası,33.49,33.25628515745838,0.0,54291.83881658527,0
Kastamonu,Seydiler,kastamonu,seydiler,0.09,7.309912222222233,7.219912222222233,21283.16214242687,768313
Kastamonu,Taşköprü,kastamonu,taşköprü,0.0,8.023609861111106,8.023609861111106,182998.2708747709,7341534
Kastamonu,Tosya,kastamonu,tosya,0.0,6.595468888888892,6.595468888888892,96266.76501664154,3174622
Kastamonu,Çatalzeytin,kastamonu,çatalzeytin,81.15,81.67689671790313,0.5268967179031279,39138.17192643477,103109
Kastamonu,İhsangazi,kastamonu,i̇hsangazi,30.23,30.22383951023402,0.0,35539.584777128955,0
Kastamonu,İnebolu,kastamonu,i̇nebolu,78.41,80.23307143193365,1.8230714319336556,33253.08567123484,303114
Kastamonu,Şenpazar,kastamonu,şenpazar,95.63,78.93302463204384,0.0,21678.848584941756,0
Kayseri,Akkışla,kayseri,akkışla,0.0,6.5380879166666706,6.5380879166666706,51345.6475452428,1678512
Kayseri,Bünyan,kayseri,bünyan,0.0,5.678014861111101,5.678014861111101,122884.53224602315,3488701
Kayseri,Develi,kayseri,develi,0.0,7.219424305555564,7.219424305555564,184258.53349079104,6651203
Kayseri,Felahiye,kayseri,felahiye,0.0,5.676650972222213,5.676650972222213,39724.540017961015,1127512
Kayseri,Hacılar,kayseri,hacılar,0.0,7.213956250000007,7.213956250000007,16601.028516168342,598795
Kayseri,Kocasinan,kayseri,kocasinan,0.0,5.685507222222213,5.685507222222213,158670.5501147794,4510613
Kayseri,Melikgazi,kayseri,melikgazi,0.0,7.210289583333341,7.210289583333341,15834.545523128858,570858
Kayseri,Pınarbaşı,kayseri,pınarbaşı,0.11,6.537497638888894,6.427497638888894,328670.2004767463,10562635
Kayseri,Sarıoğlan,kayseri,sarıoğlan,0.0,5.6900974999999905,5.6900974999999905,57630.129547109485,1639605
Kayseri,Sarız,kayseri,sarız,0.0,6.796219444444444,6.796219444444444,106597.29269182551,3622293
Kayseri,Talas,kayseri,talas,0.0,7.211895138888898,7.211895138888898,34915.32556477323,1259028
Kayseri,Tomarza,kayseri,tomarza,0.0,6.846698611111112,6.846698611111112,137674.29696923154,4713072
Kayseri,Yahyalı,kayseri,yahyalı,0.0,6.407209444444434,6.407209444444434,135395.68312234152,4337542
Kayseri,Yeşilhisar,kayseri,yeşilhisar,0.0,6.749012499999984,6.749012499999984,96482.67651329483,3255814
Kayseri,Özvatan,kayseri,özvatan,0.0,5.687615555555546,5.687615555555546,26158.505074698438,743898
Kayseri,İncesu,kayseri,i̇ncesu,0.0,6.740206944444428,6.740206944444428,81182.0461540454,2735919
Kilis,Elbeyli,kilis,elbeyli,0.0,6.466268472222223,6.466268472222223,16434.422703086697,531347
Kilis,Merkez,kilis,merkez,0.0,6.211495972222221,6.211495972222221,52602.55264260923,1633703
Kilis,Musabeyli,kilis,musabeyli,0.0,8.213540277777787,8.213540277777787,44830.12198326113,1841070
Kilis,Polateli,kilis,polateli,0.0,8.205295833333343,8.205295833333343,28557.34351963305,1171607
Kinkkale,Bahşılı,kinkkale,bahşılı,0.0,6.826167499999997,6.826167499999997,19203.041199636387,655416
Kinkkale,Balışeyh,kinkkale,balışeyh,0.0,6.5429129166666655,6.5429129166666655,72746.75101026527,2379878
Kinkkale,Delice,kinkkale,delice,0.0,6.535233749999998,6.535233749999998,83405.43770099271,2725370
Kinkkale,Karakeçili,kinkkale,karakeçili,0.0,6.833032083333331,6.833032083333331,17699.00925668094,604689
Kinkkale,Keskin,kinkkale,keskin,0.0,6.802497361111109,6.802497361111109,107338.29235115387,3650842
Kinkkale,Merkez,kinkkale,merkez,0.0,6.809377916666666,6.809377916666666,33604.69552365188,1144135
Kinkkale,Sulakyurt,kinkkale,sulakyurt,0.0,6.536429583333331,6.536429583333331,76691.85374051459,2506455
Kinkkale,Yahşihan,kinkkale,yahşihan,0.0,6.823457777777776,6.823457777777776,23530.080961570962,802783
Kinkkale,Çelebi,kinkkale,çelebi,1.95,6.995832777777781,5.045832777777781,33207.60431885748,837800
Kirklareli,Babaeski,kirklareli,babaeski,0.23,7.2464994444444555,7.016499444444455,66076.97176624535,2318145
Kirklareli,Demirköy,kirklareli,demirköy,76.57,82.92244826858762,6.352448268587622,90482.76567098258,2873935
Kirklareli,Kofçaz,kirklareli,kofçaz,59.98,65.01245503472514,5.032455034725139,44331.823282584104,1115490
Kirklareli,Lüleburgaz,kirklareli,lüleburgaz,0.0,6.872229722222219,6.872229722222219,96976.81905265618,3332235
Kirklareli,Merkez,kirklareli,merkez,0.0,6.207839999999999,6.207839999999999,174144.28683505233,5405299
Kirklareli,Pehlivanköy,kirklareli,pehlivanköy,0.0,7.24000777777779,7.24000777777779,13657.472814626935,494401
Kirklareli,Pınarhisar,kirklareli,pınarhisar,0.0,6.877671388888886,6.877671388888886,65564.07521817237,2254641
Kirklareli,Vize,kirklareli,vize,56.73,56.264683333333195,0.0,84624.5968828598,0
Kirsehir,Akpınar,kirsehir,akpınar,0.0,6.801925833333332,6.801925833333332,59326.716288684474,2017680
Kirsehir,Akçakent,kirsehir,akçakent,35.63,39.081351371941054,3.451351371941051,66399.75385672292,1145844
Kirsehir,Boztepe,kirsehir,boztepe,0.0,6.453428055555552,6.453428055555552,56383.17048772774,1819324
Kirsehir,Kaman,kirsehir,kaman,0.0,6.809220277777777,6.809220277777777,124182.98650536676,4227947
Kirsehir,Merkez,kirsehir,merkez,0.0,7.2808979166666825,7.2808979166666825,173168.744095751,6304120
Kirsehir,Mucur,kirsehir,mucur,0.0,7.253600000000014,7.253600000000014,115461.90693927598,4187572
Kirsehir,Çiçekdağı,kirsehir,çiçekdağı,0.0,6.452133611111107,6.452133611111107,83447.79058792019,2692081
Kocaeli,Derince,kocaeli,derince,1.33,6.631258055555561,5.301258055555561,7456.886518606134,197654
Kocaeli,Gebze,kocaeli,gebze,35.4,36.1890121473663,0.7890121473663001,66139.80533537085,260926
Kocaeli,Gölcük,kocaeli,gölcük,90.68,89.78574795884309,0.0,19668.35157256864,0
Kocaeli,Kandıra,kocaeli,kandıra,8.89,9.148715498066784,0.25871549806678296,101298.7678778864,131038
Kocaeli,Karamürsel,kocaeli,karamürsel,0.4,10.109434444444448,9.709434444444447,33909.926303640335,1646231
Kocaeli,Körfez,kocaeli,körfez,51.16,48.73485459996174,0.0,40334.42398696622,0
Kocaeli,Merkez,kocaeli,merkez,0.0,6.625680972222227,6.625680972222227,135209.86745337187,4479287
Konya,Ahırlı,konya,ahırlı,0.14,6.509870694444445,6.369870694444446,27642.421452219653,880393
Konya,Akören,konya,akören,0.0,20.30254680555558,20.30254680555558,63788.22550512196,6475317
Konya,Akşehir,konya,akşehir,46.26,45.292416525644875,0.0,82008.10070703638,0
Konya,Altınekin,konya,altınekin,0.0,23.365365555555588,23.365365555555588,147647.0743617098,17249139
Konya,Beyşehir,konya,beyşehir,0.0,7.448096527777801,7.448096527777801,201589.26387453996,7507281
Konya,Bozkır,konya,bozkır,0.0,6.414054583333321,6.414054583333321,104851.28776021294,3362609
Konya,Cihanbeyli,konya,cihanbeyli,0.0,23.36547250000003,23.36547250000003,444064.0650180786,51878833
Konya,Derbent,konya,derbent,0.0,6.429254583333321,6.429254583333321,34246.88715027556,1100910
Konya,Derebucak,konya,derebucak,0.0,7.39629513888891,7.39629513888891,34189.39372140827,1264374
Konya,Doğanhisar,konya,doğanhisar,16.15,15.944121583694077,0.0,43256.572375993135,0
Konya,Emirgazi,konya,emirgazi,0.0,23.363759305555586,23.363759305555586,84480.58401540107,9868920
Konya,Ereğli,konya,ereğli,0.0,16.734214166666693,16.734214166666693,286495.9386936065,23971422
Konya,Güneysınır,konya,güneysınır,0.0,20.298737083333357,20.298737083333357,34217.44276043795,3472854
Konya,Hadım,konya,hadım,0.0,6.414054583333321,6.414054583333321,61698.354992215754,1978683
Konya,Halkapınar,konya,halkapınar,0.0,16.741697500000026,16.741697500000026,82189.65283111148,6879972
Konya,Hüyük,konya,hüyük,0.0,6.428784444444432,6.428784444444432,57654.73238003166,1853249
Konya,Ilgın,konya,ilgın,0.0,6.426417777777766,6.426417777777766,171123.06173837135,5498541
Konya,Kadınhanı,konya,kadınhanı,0.0,6.0555177777777764,6.0555177777777764,113574.95251047652,3438776
Konya,Karapınar,konya,karapınar,0.0,6.085448333333331,6.085448333333331,223019.20975295382,6785859
Konya,Karatay,konya,karatay,0.0,6.502613055555557,6.502613055555557,275108.62271747726,8944625
Konya,Kulu,konya,kulu,0.0,6.497311666666667,6.497311666666667,171083.8887084222,5557927
Konya,Meram,konya,meram,0.0,20.299530138888912,20.299530138888912,170489.25923216707,17304259
Konya,Sarayönü,konya,sarayönü,0.0,6.0555177777777764,6.0555177777777764,113234.8112058882,3428477
Konya,Selçuklu,konya,selçuklu,0.0,7.004579166666666,7.004579166666666,190082.19984112875,6657229
Konya,Seydişehir,konya,seydişehir,0.0,7.4397916666666895,7.4397916666666895,133744.42502904736,4975153
Konya,Taşkent,konya,taşkent,0.0,6.414054583333321,6.414054583333321,36559.737772569126,1172481
Konya,Tuzlukçu,konya,tuzlukçu,0.0,6.458934583333326,6.458934583333326,76241.24278283812,2462186
Konya,Yalıhüyük,konya,yalıhüyük,0.0,7.4438194444444665,7.4438194444444665,9285.05433318365,345581
Konya,Yunak,konya,yunak,0.0,6.490875555555557,6.490875555555557,323652.02466625813,10503925
Konya,Çeltik,konya,çeltik,0.0,6.48843388888889,6.48843388888889,72962.47137548402,2367061
Konya,Çumra,konya,çumra,0.0,20.29572041666669,20.29572041666669,221898.88358993974,22517989
Kütahya,Altıntaş,kütahya,altıntaş,25.2,26.640629123561602,1.440629123561603,105172.3156285948,757572
Kütahya,Aslanapa,kütahya,aslanapa,14.28,16.120692927188557,1.8406929271885577,83020.46681701844,764076
Kütahya,Domaniç,kütahya,domaniç,9.59,11.458086567460331,1.868086567460331,50837.41596571798,474843
Kütahya,Dumlupınar,kütahya,dumlupınar,0.0,6.214961111111116,6.214961111111116,34226.97685782752,1063597
Kütahya,Emet,kütahya,emet,0.0,6.900100138888886,6.900100138888886,114976.47474942419,3966746
Kütahya,Gediz,kütahya,gediz,0.0,7.423827083333358,7.423827083333358,155363.10012927483,5766944
Kütahya,Hisarcık,kütahya,hisarcık,0.3,7.4457041666666886,7.145704166666689,39434.83547496683,1408948
Kütahya,Merkez,kütahya,merkez,0.0,6.662689166666666,6.662689166666666,272961.523897347,9093289
Kütahya,Pazarlar,kütahya,pazarlar,0.0,7.450727083333356,7.450727083333356,12099.134077522755,450737
Kütahya,Simav,kütahya,simav,2.81,21.951680833333363,19.141680833333364,126383.27654671184,12095942
Kütahya,Tavşanlı,kütahya,tavşanlı,0.0,6.8828494444444415,6.8828494444444415,180188.2582945538,6201043
Kütahya,Çavdarhisar,kütahya,çavdarhisar,0.0,7.4220951388889125,7.4220951388889125,20910.18676599543,775987
Kütahya,Şaphane,kütahya,şaphane,3.58,7.705535833333355,4.1255358333333545,24413.573232686907,503595
Malatya,Akçadağ,malatya,akçadağ,0.0,7.468790277777783,7.468790277777783,111389.92723993235,4159740
Malatya,Arapkir,malatya,arapkir,0.0,6.297658055555559,6.297658055555559,87725.76098675348,2762334
Malatya,Arguvan,malatya,arguvan,0.0,13.356470694444464,13.356470694444464,106601.211944313,7119080
Malatya,Battalgazi,malatya,battalgazi,0.0,14.32560847222224,14.32560847222224,27580.985870320153,1975572
Malatya,Darende,malatya,darende,0.0,13.39862625000002,13.39862625000002,128552.25577056999,8612118
Malatya,Doğanyol,malatya,doğanyol,0.0,14.315539027777795,14.315539027777795,25992.92781764723,1860514
Malatya,Doğanşehir,malatya,doğanşehir,0.0,6.256316388888881,6.256316388888881,136574.2421118503,4272258
Malatya,Hekimhan,malatya,hekimhan,0.0,13.36665750000002,13.36665750000002,186595.13380544263,12470766
Malatya,Kale,malatya,kale,0.0,14.31989597222224,14.31989597222224,19086.947517371384,1366616
Malatya,Kuluncak,malatya,kuluncak,0.0,18.070213472222257,18.070213472222257,53997.244202901195,4878709
Malatya,Merkez,malatya,merkez,0.0,14.325511250000021,14.325511250000021,91770.21179677796,6573276
Malatya,Pötürge,malatya,pötürge,0.0,17.178498055555576,17.178498055555576,65885.41948823206,5659063
Malatya,Yazıhan,malatya,yazıhan,0.0,7.450170138888896,7.450170138888896,52251.96264626413,1946430
Malatya,Yeşilyurt,malatya,yeşilyurt,0.0,6.249080277777771,6.249080277777771,55654.56980061964,1738949
Manisa,Ahmetli,manisa,ahmetli,0.0,7.176090833333343,7.176090833333343,32272.394890083564,1157948
Manisa,Akhisar,manisa,akhisar,18.94,18.971591008416965,0.03159100841696372,167544.3875088848,26464
Manisa,Alaşehir,manisa,alaşehir,8.58,8.68378462301587,0.10378462301586922,104229.43375059636,54087
Manisa,Demirci,manisa,demirci,84.57,84.47257440991135,0.0,167592.0783443251,0
Manisa,Gölmarmara,manisa,gölmarmara,0.0,7.173396388888898,7.173396388888898,28303.252376215838,1015152
Manisa,Gördes,manisa,gördes,0.0,6.704430555555557,6.704430555555557,91514.34902880885,3067758
Manisa,Kula,manisa,kula,0.0,6.487917361111115,6.487917361111115,93400.61313145416,3029877
Manisa,Köprübaşı,manisa,köprübaşı,0.0,7.172321388888898,7.172321388888898,32192.392576856284,1154471
Manisa,Kırkağaç,manisa,kırkağaç,1.21,8.068566111111133,6.858566111111133,54265.98974517752,1860934
Manisa,Merkez,manisa,merkez,0.0,6.735159583333327,6.735159583333327,117589.95895430872,3959936
Manisa,Salihli,manisa,salihli,0.07,7.175767222222233,7.105767222222233,125292.75305407164,4451506
Manisa,Saruhanlı,manisa,saruhanlı,0.0,8.038368888888911,8.038368888888911,85197.64197062934,3424250
Manisa,Sarıgöl,manisa,sarıgöl,0.0,6.450672777777772,6.450672777777772,31051.51914664979,1001516
Manisa,Selendi,manisa,selendi,0.0,21.952114166666693,21.952114166666693,68044.34010372148,7468586
Manisa,Soma,manisa,soma,0.0,8.024884166666688,8.024884166666688,79955.53058388691,3208169
Manisa,Turgutlu,manisa,turgutlu,0.0,6.728774861111104,6.728774861111104,43444.75331838237,1461650
Mardin,Dargeçit,mardin,dargeçit,0.0,6.97840986111113,6.97840986111113,64670.996763649855,2256504
Mardin,Derik,mardin,derik,0.0,6.428511527777787,6.428511527777787,148062.60921647426,4759111
Mardin,Kızıltepe,mardin,kızıltepe,0.0,6.771861527777782,6.771861527777782,163141.18714651227,5523848
Mardin,Mazıdağı,mardin,mazıdağı,0.0,21.786311250000022,21.786311250000022,98644.29715505562,10745477
Mardin,Merkez,mardin,merkez,0.0,21.817200833333356,21.817200833333356,124168.51872216976,13545048
Mardin,Midyat,mardin,midyat,0.0,6.552614305555569,6.552614305555569,121467.62915981164,3979653
Mardin,Nusaybin,mardin,nusaybin,0.0,6.938985694444467,6.938985694444467,151948.76987926385,5271852
Mardin,Savur,mardin,savur,0.0,21.814184166666692,21.814184166666692,132154.7849949533,14414244
Mardin,Yeşilli,mardin,yeşilli,0.0,21.817200833333356,21.817200833333356,6175.910620492877,673705
Mardin,Ömerli,mardin,ömerli,0.0,6.553397638888902,6.553397638888902,43485.208064565224,1424879
Mersin,Anamur,mersin,anamur,25.83,26.112542794913303,0.28254279491330436,132261.61004806042,186848
Mersin,Aydıncık,mersin,aydıncık,34.36,31.66668818472776,0.0,37084.07506723827,0
Mersin,Bozyazı,mersin,bozyazı,16.98,16.658318783970675,0.0,57878.801320647,0
Mersin,Erdemli,mersin,erdemli,0.0,6.27868375,6.27868375,214832.46736186632,6744326
Mersin,Gülnar,mersin,gülnar,0.31,7.117482916666685,6.807482916666685,131176.84189459527,4464921
Mersin,Merkez,mersin,merkez,18.4,20.660498647972346,2.260498647972348,175843.57326691927,1987471
Mersin,Mut,mersin,mut,0.0,7.093068333333349,7.093068333333349,272453.46999331185,9662655
Mersin,Silifke,mersin,silifke,0.0,7.364784722222243,7.364784722222243,267142.6116649673,9837239
Mersin,Tarsus,mersin,tarsus,0.0,7.366474861111119,7.366474861111119,163668.90927439914,6028315
Mersin,Çamlıyayla,mersin,çamlıyayla,11.77,13.601214269179845,1.8312142691798456,69875.03899224628,639781
Mugla,Bodrum,mugla,bodrum,38.04,38.86115871597174,0.8211587159717411,62857.88444962083,258081
Mugla,Dalaman,mugla,dalaman,28.21,28.978700610778105,0.7687006107781045,62160.79760518987,238915
Mugla,Datça,mugla,datça,0.84,7.94196388888889,7.10196388888889,43591.281578246395,1547919
Mugla,Fethiye,mugla,fethiye,1.33,6.342305277777779,5.012305277777779,286680.1290112053,7184642
Mugla,Kavaklıdere,mugla,kavaklıdere,52.15,51.09168242768564,0.0,40686.18537925909,0
Mugla,Köyceğiz,mugla,köyceğiz,62.67,65.62940440397838,2.9594044039783824,161362.13029159667,2387679
Mugla,Marmaris,mugla,marmaris,58.46,62.13828819462466,3.678288194624656,83283.78735265869,1531709
Mugla,Merkez,mugla,merkez,3.15,8.760738611111119,5.610738611111119,169899.47565971664,4766308
Mugla,Milas,mugla,milas,0.0,9.78799000000001,9.78799000000001,212185.1328598818,10384330
Mugla,Ortaca,mugla,ortaca,72.01,65.65447315397842,0.0,25781.723057196807,0
Mugla,Ula,mugla,ula,61.54,65.10402704286743,3.56402704286743,43076.74190277192,767633
Mugla,Yatağan,mugla,yatağan,1.59,7.460481944444464,5.870481944444464,91692.16101632851,2691386
Mus,Bulanık,mus,bulanık,0.0,7.021091250000013,7.021091250000013,171370.46171729823,6016038
Mus,Hasköy,mus,hasköy,0.0,8.55472763888889,8.55472763888889,37504.26857743698,1604194
Mus,Korkut,mus,korkut,0.0,6.3623316666666625,6.3623316666666625,41314.54607044287,1314284
Mus,Malazgirt,mus,malazgirt,0.0,7.0125120833333465,7.0125120833333465,149168.62878233392,5230234
Mus,Merkez,mus,merkez,0.0,6.359676111111107,6.359676111111107,268080.4811104907,8524525
Mus,Varto,mus,varto,0.0,6.3579441666666625,6.3579441666666625,145589.29271145855,4628243
Nevsehir,Acıgöl,nevsehir,acıgöl,0.0,7.265024305555567,7.265024305555567,66060.09722252404,2399641
Nevsehir,Avanos,nevsehir,avanos,0.0,7.183070833333337,7.183070833333337,84780.06080017981,3044906
Nevsehir,Derinkuyu,nevsehir,derinkuyu,0.0,6.7573902777777635,6.7573902777777635,34698.2970606121,1172350
Nevsehir,Gülşehir,nevsehir,gülşehir,0.0,7.257362500000013,7.257362500000013,101789.7543602206,3693626
Nevsehir,Hacıbektaş,nevsehir,hacıbektaş,0.0,7.239043750000013,7.239043750000013,58418.174313386,2114459
Nevsehir,Kozaklı,nevsehir,kozaklı,0.0,22.853246111111158,22.853246111111158,67188.80364943434,7677411
Nevsehir,Merkez,nevsehir,merkez,0.0,6.754695833333319,6.754695833333319,50919.8819817011,1719742
Nevsehir,Ürgüp,nevsehir,ürgüp,0.0,6.7604958333333185,6.7604958333333185,49965.3510571732,1688953
Nigde,Altunhisar,nigde,altunhisar,0.0,6.712757222222222,6.712757222222222,46800.14956544987,1570790
Nigde,Bor,nigde,bor,0.0,6.71542736111111,6.71542736111111,133291.10309199803,4475534
Nigde,Merkez,nigde,merkez,0.0,18.107653750000022,18.107653750000022,209711.04580806073,18986875
Nigde,Ulukışla,nigde,ulukışla,0.0,16.735819027777804,16.735819027777804,142919.96734888596,11959414
Nigde,Çamardı,nigde,çamardı,0.0,18.102513472222245,18.102513472222245,137787.37432049855,12471489
Nigde,Çiftlik,nigde,çiftlik,0.0,7.26955625000001,7.26955625000001,48368.95267456288,1758104
Ordu,Akkuş,ordu,akkuş,46.73,47.871700943663015,1.141700943663018,77322.33622058059,441395
Ordu,Aybastı,ordu,aybastı,62.22,62.13245409722247,0.0,30774.650479739154,0
Ordu,Fatsa,ordu,fatsa,52.67,52.87435525793683,0.2043552579368253,30129.29845104503,30785
Ordu,Gölköy,ordu,gölköy,80.36,79.29699596627461,0.0,38797.03564469887,0
Ordu,Gülyalı,ordu,gülyalı,60.77,61.35341891527387,0.5834189152738674,8404.997072512428,24518
Ordu,Gürgentepe,ordu,gürgentepe,59.38,59.423009950397066,0.04300995039706379,13833.063685484021,2975
Ordu,Kabadüz,ordu,kabadüz,68.53,66.32548694444475,0.0,34554.74369056129,0
Ordu,Kabataş,ordu,kabataş,75.65,77.00979274738317,1.3597927473831675,11217.813727242888,76270
Ordu,Korgan,ordu,korgan,18.53,20.858402500000068,2.3284025000000668,20617.757404936165,240032
Ordu,Kumru,ordu,kumru,77.53,76.5891495626049,0.0,34662.77908034952,0
Ordu,Merkez,ordu,merkez,73.35,76.67046308080836,3.3204630808083664,30449.729330582344,505536
Ordu,Mesudiye,ordu,mesudiye,0.0,23.933191944444513,23.933191944444513,116621.19896247497,13955588
Ordu,Perşembe,ordu,perşembe,79.58,76.8507837942427,0.0,25687.552264769,0
Ordu,Ulubey,ordu,ulubey,76.63,77.09238987397299,0.46238987397299525,29009.577669479215,67069
Ordu,Çamaş,ordu,çamaş,80.12,77.28754694781506,0.0,9324.69198705971,0
Ordu,Çaybaşı,ordu,çaybaşı,68.1,78.12307672783824,10.023076727838244,17537.71805354533,878909
Ordu,Ünye,ordu,ünye,68.21,76.07821922895718,7.868219228957187,52703.33062946391,2073407
Ordu,İkizce,ordu,i̇kizce,10.3,11.520891388888874,1.220891388888873,9571.582014431879,58429
Osmaniye,Bahçe,osmaniye,bahçe,74.28,71.03657419837916,0.0,19484.683116349992,0
Osmaniye,Düziçi,osmaniye,düziçi,7.47,7.414774583333363,0.0,56837.41425053068,0
Osmaniye,Hasanbeyli,osmaniye,hasanbeyli,0.0,16.881830694444467,16.881830694444467,12360.6691618473,1043354
Osmaniye,Kadirli,osmaniye,kadirli,1.99,6.318306249999997,4.328306249999997,93914.9226851697,2032463
Osmaniye,Merkez,osmaniye,merkez,77.75,72.7671425798299,0.0,45626.915563833216,0
Osmaniye,Sumbas,osmaniye,sumbas,0.0,6.300421527777774,6.300421527777774,43656.18749737722,1375262
Osmaniye,Toprakkale,osmaniye,toprakkale,0.0,16.879549444444464,16.879549444444464,35472.07573786835,2993763
Rize,Ardeşen,rize,ardeşen,52.21,50.27900958333342,0.0,63339.73061039088,0
Rize,Derepazarı,rize,derepazarı,70.9,77.77946237127718,6.879462371277171,2465.8706085658714,84819
Rize,Fındıklı,rize,fındıklı,81.44,82.90547524250407,1.4654752425040698,39573.77390655799,289972
Rize,Güneysu,rize,güneysu,52.44,52.428185952381305,0.0,8129.618069083169,0
Rize,Hemşin,rize,hemşin,85.0,78.20051379076035,0.0,16544.15021553986,0
Rize,Kalkandere,rize,kalkandere,78.42,76.98370844927284,0.0,10052.774162497437,0
Rize,Merkez,rize,merkez,38.6,37.06983027777779,0.0,23431.22645132721,0
Rize,Pazar,rize,pazar,60.14,59.81605586309526,0.0,11093.062571238846,0
Rize,Çamlıhemşin,rize,çamlıhemşin,84.49,83.03690340323217,0.0,62199.77795157949,0
Rize,Çayeli,rize,çayeli,71.12,77.26819443675768,6.148194436757677,44439.65329434856,1366118
Rize,İkizdere,rize,i̇kizdere,1.58,2.046223025793668,0.4662230257936679,79026.76322066745,184220
Rize,İyidere,rize,i̇yidere,85.11,77.94536723512496,0.0,3797.546108499334,0
Sakarya,Akyazı,sakarya,akyazı,33.04,33.6942423304895,0.6542423304895024,61247.26115436742,200353
Sakarya,Ferizli,sakarya,ferizli,3.6,8.871924722222227,5.271924722222227,14150.932062532795,373013
Sakarya,Geyve,sakarya,geyve,1.36,6.344772638888878,4.984772638888877,81468.9808569363,2030522
Sakarya,Hendek,sakarya,hendek,95.8,84.0293336626683,0.0,54612.62244124062,0
Sakarya,Karapürçek,sakarya,karapürçek,4.94,6.395498333333321,1.4554983333333205,15644.75473332281,113855
Sakarya,Karasu,sakarya,karasu,29.16,29.734450432206728,0.5744504322067279,47527.89536143375,136512
Sakarya,Kaynarca,sakarya,kaynarca,95.81,83.58557694704213,0.0,32411.80762398478,0
Sakarya,Kocaali,sakarya,kocaali,57.36,81.99229699263282,24.632296992632817,30008.40874334885,3695880
Sakarya,Merkez,sakarya,merkez,0.79,8.857248333333336,8.067248333333335,45856.8719951575,1849694
Sakarya,Pamukova,sakarya,pamukova,80.63,75.30870261192494,0.0,36471.50255687754,0
Sakarya,Sapanca,sakarya,sapanca,8.86,8.879964067460342,0.01996406746034296,12109.196161716003,1209
Sakarya,Söğütlü,sakarya,söğütlü,9.38,10.310404861111103,0.9304048611111018,8986.618715181852,41806
Sakarya,Taraklı,sakarya,taraklı,0.0,6.308790694444433,6.308790694444433,29501.533480069716,930595
Samsun,Alaçam,samsun,alaçam,73.17,73.1052806450423,0.0,57492.89413106122,0
Samsun,Asarcik,samsun,asarcik,19.47,20.856921664261648,1.3869216642616493,23061.795320310906,159925
Samsun,Ayvacık,samsun,ayvacık,18.59,19.838910992965356,1.2489109929653566,36550.83733255381,228244
Samsun,Bafra,samsun,bafra,0.0,23.648228750000037,23.648228750000037,156831.79466673988,18543971
Samsun,Havza,samsun,havza,0.33,6.776570833333321,6.446570833333321,77133.48036128866,2486232
Samsun,Kavak,samsun,kavak,36.25,30.631802550690026,0.0,70116.91558168417,0
Samsun,Ladik,samsun,ladik,0.0,6.127901388888885,6.127901388888885,41944.16437222354,1285149
Samsun,Merkez,samsun,merkez,0.31,6.127456249999996,5.817456249999997,78896.17695573485,2294875
Samsun,Ondokuz Mayıs,samsun,ondokuz mayıs,0.05,6.860515555555566,6.8105155555555665,26597.05892187921,905698
Samsun,Salıpazarı,samsun,salıpazarı,93.1,78.98386358793128,0.0,48884.72107493751,0
Samsun,Tekkeköy,samsun,tekkeköy,6.16,6.488977361111114,0.32897736111111353,32281.913414995222,53100
Samsun,Terme,samsun,terme,75.07,78.45487110277219,3.3848711027721947,58380.71601564174,988056
Samsun,Vezirköprü,samsun,vezirköprü,1.09,9.394196666666671,8.304196666666671,169856.2125226678,7052597
Samsun,Yakakent,samsun,yakakent,85.51,84.7618627219597,0.0,4162.576217683669,0
Samsun,Çarşamba,samsun,çarşamba,4.41,8.259339305555555,3.8493393055555547,69969.987903394,1346691
Sanliurfa,Akçakale,sanliurfa,akçakale,0.0,9.278440277777797,9.278440277777797,58395.21930805418,2709083
Sanliurfa,Birecik,sanliurfa,birecik,0.0,6.186578611111111,6.186578611111111,75699.67232927142,2341610
Sanliurfa,Bozova,sanliurfa,bozova,0.0,6.369120833333323,6.369120833333323,176579.7527327707,5623289
Sanliurfa,Ceylanpınar,sanliurfa,ceylanpınar,0.0,6.768237916666671,6.768237916666671,217758.4029190802,7369203
Sanliurfa,Halfeti,sanliurfa,halfeti,0.0,6.378195833333323,6.378195833333323,79848.37680835779,2546443
Sanliurfa,Harran,sanliurfa,harran,0.0,6.7730962500000045,6.7730962500000045,102359.93478695779,3466468
Sanliurfa,Hilvan,sanliurfa,hilvan,0.0,6.408512916666669,6.408512916666669,145566.0968357394,4664311
Sanliurfa,Merkez,sanliurfa,merkez,0.0,9.273784722222242,9.273784722222242,378376.4996069219,17544911
Sanliurfa,Siverek,sanliurfa,siverek,0.0,6.617557361111127,6.617557361111127,440814.4533915548,14585575
Sanliurfa,Suruç,sanliurfa,suruç,0.0,6.1839619444444445,6.1839619444444445,64661.0854331893,1999308
Sanliurfa,Viranşehir,sanliurfa,viranşehir,0.0,6.768237916666671,6.768237916666671,222205.48365866384,7519698
Siirt,Aydınlar,siirt,aydınlar,0.04,6.868635277777792,6.828635277777792,6793.277233123769,231944
Siirt,Baykan,siirt,baykan,0.0,6.865268611111125,6.865268611111125,51776.08104273571,1777284
Siirt,Eruh,siirt,eruh,0.0,6.866251944444459,6.866251944444459,120446.40325682743,4135077
Siirt,Kurtalan,siirt,kurtalan,0.0,6.866251944444459,6.866251944444459,74275.3326515216,2549966
Siirt,Merkez,siirt,merkez,0.0,6.865760277777792,6.865760277777792,24849.201672243486,853043
Siirt,Pervari,siirt,pervari,0.0,5.630637083333324,5.630637083333324,131541.55216726707,3703314
Siirt,Şirvan,siirt,şirvan,6.35,6.433605555555553,0.08360555555555305,88530.2057396772,37008
Sinop,Ayancık,sinop,ayancık,98.72,93.5807126729102,0.0,91351.58970747278,0
Sinop,Boyabat,sinop,boyabat,4.69,6.6205665277777745,1.9305665277777742,147920.59787187743,1427853
Sinop,Dikmen,sinop,dikmen,80.63,56.49366326111959,0.0,55943.72553660228,0
Sinop,Durağan,sinop,durağan,18.79,19.248171815685737,0.4581718156857377,106048.38193052767,242942
Sinop,Erfelek,sinop,erfelek,31.23,31.763648562586678,0.5336485625866771,35553.28368516868,94865
Sinop,Gerze,sinop,gerze,7.22,7.363050694444434,0.14305069444443408,56172.27917772276,40177
Sinop,Merkez,sinop,merkez,2.02,6.8076501388888895,4.787650138888889,46199.94404899806,1105946
Sinop,Saraydüzü,sinop,saraydüzü,35.32,53.03000011832832,17.710000118328317,32121.799057871824,2844385
Sinop,Türkeli,sinop,türkeli,95.12,93.49224705843206,0.0,29749.044319581455,0
Sirnak,Beytüşşebap,sirnak,beytüşşebap,0.15,11.008955694444452,10.858955694444452,182273.7824519996,9896515
Sirnak,Cizre,sirnak,cizre,0.0,6.700474166666669,6.700474166666669,63193.773777674316,2117141
Sirnak,Güçlükonak,sirnak,güçlükonak,0.0,6.97840986111113,6.97840986111113,48769.01814579207,1701651
Sirnak,Merkez,sirnak,merkez,3.09,7.004040833333343,3.9140408333333427,263233.8480889519,5151540
Sirnak,Silopi,sirnak,silopi,0.0,6.700474166666669,6.700474166666669,47760.953784124526,1600105
Sirnak,Uludere,sirnak,uludere,0.17,11.011972361111118,10.841972361111118,72058.10128927854,3906260
Sirnak,İdil,sirnak,i̇dil,0.0,6.982114027777796,6.982114027777796,110971.01060115152,3874061
Sivas,Akıncılar,sivas,akıncılar,0.15,6.2772879166666655,6.127287916666665,42235.17849579297,1293935
Sivas,Altınyayla,sivas,altınyayla,0.0,6.732226944444453,6.732226944444453,48916.746392043424,1646593
Sivas,Divriği,sivas,divriği,0.0,6.390041388888884,6.390041388888884,284900.1969261789,9102620
Sivas,Doğanşar,sivas,doğanşar,7.63,7.759957916666676,0.129957916666676,19864.75338393461,12908
Sivas,Gemerek,sivas,gemerek,0.0,6.775215138888899,6.775215138888899,107596.06084370623,3644932
Sivas,Gölova,sivas,gölova,3.4,12.044797361111153,8.644797361111152,36495.759340205404,1577492
Sivas,Gürün,sivas,gürün,0.0,17.929253055555584,17.929253055555584,272628.41107908625,24440119
Sivas,Hafik,sivas,hafik,0.0,6.336713611111109,6.336713611111109,237201.9607046256,7515404
Sivas,Kangal,sivas,kangal,0.0,18.088985694444478,18.088985694444478,373924.0364280441,33819533
Sivas,Koyulhisar,sivas,koyulhisar,0.0,23.930816944444516,23.930816944444516,111656.1704867974,13360117
Sivas,Merkez,sivas,merkez,0.0,6.718903333333342,6.718903333333342,272581.5502456095,9157245
Sivas,Suşehri,sivas,suşehri,0.0,6.2817011111111105,6.2817011111111105,87532.2448414169,2749257
Sivas,Ulaş,sivas,ulaş,0.0,6.7210325000000095,6.7210325000000095,73434.174492372,2467767
Sivas,Yıldızeli,sivas,yıldızeli,0.0,6.152184722222218,6.152184722222218,291747.49483213894,8974422
Sivas,Zara,sivas,zara,0.0,6.301249027777777,6.301249027777777,251319.41492938413,7918131
Sivas,İmranlı,sivas,i̇mranlı,0.0,6.287578888888889,6.287578888888889,121604.30104532652,3822983
Sivas,Şarkışla,sivas,şarkışla,0.0,6.760088055555565,6.760088055555565,201506.7431908321,6811017
Tekirdag,Hayrabolu,tekirdag,hayrabolu,0.0,7.114611388888902,7.114611388888902,114228.41502825804,4063454
Tekirdag,Malkara,tekirdag,malkara,0.59,7.119699583333345,6.529699583333345,124845.79930686262,4076028
Tekirdag,Marmaraereğlisi,tekirdag,marmaraereğlisi,0.0,9.47300111111112,9.47300111111112,21911.054405687726,1037817
Tekirdag,Merkez,tekirdag,merkez,0.0,7.151003055555564,7.151003055555564,110145.93933958173,3938270
Tekirdag,Muratlı,tekirdag,muratlı,0.0,7.167430833333343,7.167430833333343,41295.376669725956,1479909
Tekirdag,Saray,tekirdag,saray,79.04,84.1159777375688,5.075977737568792,61492.296375578284,1560668
Tekirdag,Çerkezköy,tekirdag,çerkezköy,55.42,55.218623333333284,0.0,38906.825642664946,0
Tekirdag,Çorlu,tekirdag,çorlu,0.0,9.525587222222232,9.525587222222232,97902.88599261804,4662912
Tekirdag,Şarköy,tekirdag,şarköy,43.8,49.48785481882999,5.68785481882999,50363.737223010925,1432308
Tokat,Almus,tokat,almus,0.0,6.608544027777774,6.608544027777774,90099.94606353642,2977147
Tokat,Artova,tokat,artova,0.0,6.150329861111107,6.150329861111107,34191.42935822981,1051443
Tokat,Başçiftlik,tokat,başçiftlik,18.8,18.09900367706776,0.0,22317.569348704485,0
Tokat,Erbaa,tokat,erbaa,0.0,6.6184548611111085,6.6184548611111085,118694.51148174456,3927871
Tokat,Merkez,tokat,merkez,0.85,6.641832916666665,5.7918329166666656,181445.39973773618,5254507
Tokat,Niksar,tokat,niksar,15.52,16.08062380573539,0.5606238057353892,90445.63196969694,253530
Tokat,Pazar,tokat,pazar,13.05,13.940716607744086,0.8907166077440856,21190.446537942236,94373
Tokat,Reşadiye,tokat,reşadiye,0.0,17.94667388888892,17.94667388888892,133752.349588567,12002049
Tokat,Sulusaray,tokat,sulusaray,0.46,6.14902083333333,5.68902083333333,25649.66044826527,729607
Tokat,Turhal,tokat,turhal,1.42,6.1959004166666585,4.7759004166666585,110069.23932781542,2628399
Tokat,Yeşilyurt,tokat,yeşilyurt,0.0,6.152832638888885,6.152832638888885,16193.246273573479,498172
Tokat,Zile,tokat,zile,0.04,5.6512377777777685,5.611237777777768,139762.08471254268,3921191
Trabzon,Akçaabat,trabzon,akçaabat,1.64,6.724911805555577,5.084911805555578,39623.01359112137,1007398
Trabzon,Araklı,trabzon,araklı,73.17,67.19792624137803,0.0,38096.10800759375,0
Trabzon,Arsin,trabzon,arsin,63.57,70.63168378326154,7.061683783261536,17892.979639259644,631773
Trabzon,Beşikdüzü,trabzon,beşikdüzü,13.79,14.685268696397625,0.8952686963976255,7535.908987667906,33733
Trabzon,Dernekpazarı,trabzon,dernekpazarı,22.35,22.509941321615642,0.15994132161564067,8384.633863187753,6705
Trabzon,Düzköy,trabzon,düzköy,3.78,6.764687361111135,2.9846873611111353,10388.353737562487,155030
Trabzon,Hayrat,trabzon,hayrat,71.19,76.62572303610959,5.435723036109593,34658.65631307795,941974
Trabzon,Köprübaşı,trabzon,köprübaşı,75.46,66.84413422884191,0.0,25338.22757419001,0
Trabzon,Maçka,trabzon,maçka,54.75,59.44815198590572,4.698151985905717,104071.20175944941,2444712
Trabzon,Merkez,trabzon,merkez,39.3,39.4870938471018,0.18709384710179933,20237.143052021955,18931
Trabzon,Of,trabzon,of,71.3,70.49660632841977,0.0,17756.35557036917,0
Trabzon,Sürmene,trabzon,sürmene,75.3,70.86926146288516,0.0,23917.055620263483,0
Trabzon,Tonya,trabzon,tonya,63.05,64.12243936082383,1.0724393608238358,27175.29159162395,145719
Trabzon,Vakfıkebir,trabzon,vakfıkebir,8.04,8.114278472222265,0.07427847222226625,15961.467222918052,5928
Trabzon,Yomra,trabzon,yomra,29.31,28.985302324200813,0.0,24121.223886407417,0
Trabzon,Çarşıbaşı,trabzon,çarşıbaşı,70.14,65.12780134224523,0.0,6402.12859165064,0
Trabzon,Çaykara,trabzon,çaykara,50.56,62.48390061928225,11.92390061928225,68642.9819981191,4092460
Trabzon,Şalpazarı,trabzon,şalpazarı,15.19,15.251567898168087,0.06156789816808761,12987.850964861267,3998
Tunceli,Hozat,tunceli,hozat,0.0,6.670150555555568,6.670150555555568,80783.66605902828,2694196
Tunceli,Mazgirt,tunceli,mazgirt,0.0,6.237806111111111,6.237806111111111,60324.602842088374,1881466
Tunceli,Merkez,tunceli,merkez,0.0,6.669621388888901,6.669621388888901,92519.96812730678,3085366
Tunceli,Nazımiye,tunceli,nazımiye,0.0,6.2299074999999995,6.2299074999999995,55707.57252676569,1735265
Tunceli,Ovacık,tunceli,ovacık,0.17,6.461321388888886,6.291321388888886,175753.06005585537,5528595
Tunceli,Pertek,tunceli,pertek,0.0,6.6723158333333465,6.6723158333333465,107299.83996183323,3579692
Tunceli,Pülümür,tunceli,pülümür,0.0,6.189358194444444,6.189358194444444,143915.526633507,4453724
Tunceli,Çemişgezek,tunceli,çemişgezek,0.0,6.289909444444446,6.289909444444446,88541.40496513821,2784587
Usak,Banaz,usak,banaz,22.89,27.366838054680848,4.476838054680847,93629.24100894082,2095815
Usak,Eşme,usak,eşme,0.0,6.490656944444448,6.490656944444448,121713.73380071865,3950010
Usak,Karahallı,usak,karahallı,0.0,6.261845972222226,6.261845972222226,31412.662313190373,983506
Usak,Merkez,usak,merkez,0.0,6.253586250000004,6.253586250000004,122214.60419804802,3821398
Usak,Sivaslı,usak,sivaslı,2.67,6.253177500000006,3.583177500000006,44649.09961511725,799928
Usak,Ulubey,usak,ulubey,0.0,6.2648709722222256,6.2648709722222256,78253.81777943773,2451250
Van,Bahçesaray,van,bahçesaray,0.0,6.324009027777764,6.324009027777764,46454.22214967736,1468885
Van,Başkale,van,başkale,0.0,23.0869231944445,23.0869231944445,221508.89294846653,25569794
Van,Edremit,van,edremit,0.0,7.046555138888901,7.046555138888901,84691.13919987284,2983904
Van,Erciş,van,erciş,0.0,6.1167486111111105,6.1167486111111105,215833.91290912032,6601009
Van,Gevaş,van,gevaş,0.0,7.0503301388889,7.0503301388889,153629.9024907958,5415708
Van,Gürpınar,van,gürpınar,0.0,3.7642016666666693,3.7642016666666693,411977.2885216805,7753828
Van,Merkez,van,merkez,0.0,11.871206388888924,11.871206388888924,267360.94151185703,15869485
Van,Muradiye,van,muradiye,0.0,6.184526250000001,6.184526250000001,119371.91460338859,3691294
Van,Saray,van,saray,0.0,6.459946388888886,6.459946388888886,86368.33329733636,2789674
Van,Çaldıran,van,çaldıran,0.0,6.18129152777778,6.18129152777778,154464.09945350073,4773938
Van,Çatak,van,çatak,0.0,6.324009027777764,6.324009027777764,191119.5231580638,6043208
Van,Özalp,van,özalp,0.0,11.871206388888924,11.871206388888924,158124.12614755504,9385621
Yalova,Altınova,yalova,altınova,0.0,10.109434444444448,10.109434444444448,4739.1347679327655,239550
Yalova,Armutlu,yalova,armutlu,96.83,91.42723079183286,0.0,20592.252723967977,0
Yalova,Merkez,yalova,merkez,34.89,33.821218090936924,0.0,13800.373325897428,0
Yalova,Termal,yalova,termal,96.12,86.3894864772812,0.0,2996.8473864225793,0
Yalova,Çiftlikköy,yalova,çiftlikköy,0.0,10.109434444444448,10.109434444444448,7494.10249702059,378806
Yalova,Çınarcık,yalova,çınarcık,86.88,91.28595383067993,4.405953830679934,15380.356292605578,338826
Yozgat,Akdağmadeni,yozgat,akdağmadeni,2.14,7.283591944444458,5.1435919444444576,171978.43382437716,4422934
Yozgat,Aydıncık,yozgat,aydıncık,0.42,8.037621666666665,7.617621666666665,35336.18274135973,1345888
Yozgat,Boğazlıyan,yozgat,boğazlıyan,0.0,7.165888194444445,7.165888194444445,156145.10755023506,5594592
Yozgat,Kadışehri,yozgat,kadışehri,0.0,5.654225277777768,5.654225277777768,49477.04795651001,1398772
Yozgat,Merkez,yozgat,merkez,0.0,8.03395708333333,8.03395708333333,200531.81742750906,8055320
Yozgat,Saraykent,yozgat,saraykent,0.0,5.666038472222213,5.666038472222213,18409.919204077796,521557
Yozgat,Sarıkaya,yozgat,sarıkaya,0.0,7.196525000000005,7.196525000000005,93582.2224246284,3367334
Yozgat,Sorgun,yozgat,sorgun,0.0,8.009840416666664,8.009840416666664,169903.9434229386,6804517
Yozgat,Yenifakılı,yozgat,yenifakılı,0.0,22.850378055555602,22.850378055555602,42512.37716406935,4857119
Yozgat,Yerköy,yozgat,yerköy,0.0,6.303396249999991,6.303396249999991,109751.51022454917,3459036
Yozgat,Çandır,yozgat,çandır,0.0,7.1974465277777835,7.1974465277777835,11353.155931024956,408569
Yozgat,Çayıralan,yozgat,çayıralan,0.23,7.199163194444451,6.969163194444451,112945.390856056,3935674
Yozgat,Çekerek,yozgat,çekerek,0.0,5.661450972222212,5.661450972222212,77670.5377584857,2198640
Yozgat,Şefaatli,yozgat,şefaatli,0.0,22.872485000000047,22.872485000000047,66147.68097149604,7564809
Zinguldak,Alaplı,zinguldak,alaplı,46.32,46.74677359126985,0.4267735912698498,13746.748851122074,29334
Zinguldak,Devrek,zinguldak,devrek,81.77,82.85878055356112,1.0887805535611221,80591.14440532064,438730
Zinguldak,Ereğli,zinguldak,ereğli,11.58,11.464654523809564,0.0,90025.71512038558,0
Zinguldak,Gökçebey,zinguldak,gökçebey,86.44,87.01070308047875,0.5707030804787507,27454.828437117612,78343
Zinguldak,Merkez,zinguldak,merkez,51.56,66.21137253763811,14.65137253763811,63842.28151378646,4676885
Zinguldak,Çaycuma,zinguldak,çaycuma,0.4,7.186496666666677,6.786496666666677,30281.1519443348,1027515
Çanakkale,Ayvacık,çanakkale,ayvacık,9.1,10.218766752645505,1.1187667526455058,96724.27864622856,541060
Çanakkale,Bayramiç,çanakkale,bayramiç,0.0,22.358941805555585,22.358941805555585,130499.72699171255,14589179
Çanakkale,Biga,çanakkale,biga,0.89,7.499113888888902,6.609113888888903,124620.83893127149,4118167
Çanakkale,Bozcaada,çanakkale,bozcaada,0.0,6.978009444444462,6.978009444444462,4021.6997506486973,140317
Çanakkale,Eceabat,çanakkale,eceabat,27.11,26.3705615955573,0.0,45956.37455429447,0
Çanakkale,Ezine,çanakkale,ezine,0.0,6.978442777777795,6.978442777777795,65823.58781068,2296731
Çanakkale,Gelibolu,çanakkale,gelibolu,0.0,7.115657222222238,7.115657222222238,96196.82573237467,3422518
Çanakkale,Gökçeada,çanakkale,gökçeada,15.06,14.938629212662311,0.0,28694.39703827514,0
Çanakkale,Lapseki,çanakkale,lapseki,29.77,29.21615560425689,0.0,85103.91270922309,0
Çanakkale,Merkez,çanakkale,merkez,1.53,7.007901111111126,5.477901111111126,92631.22728752447,2537124
Çanakkale,Yenice,çanakkale,yenice,15.75,16.152084605045015,0.4020846050450153,117313.3835062115,235850
Çanakkale,Çan,çanakkale,çan,1.32,22.359341805555587,21.039341805555587,90142.82405552558,9482728
Çankiri,Atkaracalar,çankiri,atkaracalar,0.0,17.193064166666684,17.193064166666684,39848.17699375775,3425561
Çankiri,Bayramören,çankiri,bayramören,94.73,86.79664772209053,0.0,29565.075311934896,0
Çankiri,Eldivan,çankiri,eldivan,24.23,24.39210174684115,0.16210174684114875,42116.62562247342,34136
Çankiri,Ilgaz,çankiri,ilgaz,33.35,35.98605365456595,2.6360536545659485,67602.32991794562,891017
Çankiri,Korgun,çankiri,korgun,0.0,6.951436805555553,6.951436805555553,62354.60245251454,2167270
Çankiri,Kurşunlu,çankiri,kurşunlu,0.0,17.193064166666684,17.193064166666684,51597.60440594811,4435605
Çankiri,Kızılırmak,çankiri,kızılırmak,14.57,15.132329469307921,0.5623294693079206,47740.93127896129,134231
Çankiri,Merkez,çankiri,merkez,0.0,6.946724999999997,6.946724999999997,145221.12165277827,5044056
Çankiri,Orta,çankiri,orta,0.0,6.7460561111111055,6.7460561111111055,55971.84477446394,1887946
Çankiri,Yapraklı,çankiri,yapraklı,0.0,6.950381944444442,6.950381944444442,55187.51014225912,1917871
Çankiri,Çerkeş,çankiri,çerkeş,0.0,17.190516250000016,17.190516250000016,136127.3133294514,11700494
Çankiri,Şabanözü,çankiri,şabanözü,0.0,6.739018611111106,6.739018611111106,58735.87424280381,1979111
Çorum,Alaca,çorum,alaca,0.0,8.020679999999997,8.020679999999997,119024.9262621362,4773304
Çorum,Bayat,çorum,bayat,0.0,6.424047083333324,6.424047083333324,102327.69940726823,3286790
Çorum,Boğazkale,çorum,boğazkale,0.0,6.299550416666656,6.299550416666656,26076.469928617702,821350
Çorum,Dodurga,çorum,dodurga,0.04,9.348013333333334,9.308013333333335,21585.863110285074,1004608
Çorum,Kargı,çorum,kargı,8.8,8.886882678571462,0.08688267857146137,113996.9785781734,49522
Çorum,Laçin,çorum,laçin,2.46,9.373849444444447,6.913849444444447,28492.60254301649,984968
Çorum,Mecitözü,çorum,mecitözü,0.0,22.869687777777827,22.869687777777827,86089.92875852122,9844249
Çorum,Merkez,çorum,merkez,0.0,22.86463083333338,22.86463083333338,214358.50905946243,24506141
Çorum,Ortaköy,çorum,ortaköy,0.0,22.869687777777827,22.869687777777827,16675.039973260587,1906765
Çorum,Osmancık,çorum,osmancık,0.0,9.37410152777778,9.37410152777778,111860.03741159437,5242937
Çorum,Oğuzlar,çorum,oğuzlar,0.4,6.409628194444431,6.0096281944444305,29832.2867913081,896405
Çorum,Sungurlu,çorum,sungurlu,0.0,6.297100416666657,6.297100416666657,199460.82065825592,6280124
Çorum,Uğurludağ,çorum,uğurludağ,0.0,6.424069305555546,6.424069305555546,52939.96419042588,1700450
Çorum,İskilip,çorum,i̇skilip,34.8,34.30439526445369,0.0,108560.76509668918,0
