province_name,district_name,trees_needed,treecover_pct,potential_treecover_pct_model,treecover_gap_pct
Adana,Aladağ,0,54.58,5.2372200666637525,0.0
Adana,Ceyhan,8240123,0.05,10.968685380559878,10.918685380559877
Adana,Feke,0,15.07,1.902584690147867,0.0
Adana,Karaisali,0,8.33,1.2017344742923581,0.0
Adana,Karataş,2857708,0.0,12.63979289789446,12.63979289789446
Adana,Kozan,4785105,0.59,4.883428235644501,4.293428235644501
Adana,Pozantı,0,4.73,0.0,0.0
Adana,Saimbeyli,0,43.16,0.7584095027871527,0.0
Adana,Seyhan,3774417,0.0,12.14484289949712,12.14484289949712
Adana,Tufanbeyli,1183466,0.0,2.044236060684275,2.044236060684275
Adana,Yumurtalık,2953775,0.23,12.74039918329962,12.51039918329962
Adana,Yüreğir,8730851,0.0,11.509174148399289,11.509174148399289
Adana,İmamoğlu,769312,0.0,5.127459807518592,5.127459807518592
Adiyaman,Besni,1825885,0.0,4.103877206020874,4.103877206020874
Adiyaman,Gerger,390087,0.0,0.9324422335327378,0.9324422335327378
Adiyaman,Gölbaşı,933731,0.0,2.752862808092674,2.752862808092674
Adiyaman,Kahta,604238,0.0,0.9175193332778434,0.9175193332778434
Adiyaman,Merkez,2797118,0.0,3.5121517067709993,3.5121517067709993
Adiyaman,Samsat,462041,0.0,3.0531345833678456,3.0531345833678456
Adiyaman,Sincik,303319,0.23,1.1421331746051657,0.9121331746051657
Adiyaman,Tut,231979,0.07,1.002783588667493,0.9327835886674929
Adiyaman,Çelikhan,0,0.0,0.0,0.0
Afyon,Bayat,2273050,0.0,6.791637198486288,6.791637198486288
Afyon,Başmakçı,1631868,0.56,6.460978519260074,5.900978519260073
Afyon,Bolvadin,2898500,0.0,5.015818242628185,5.015818242628185
Afyon,Dazkırı,616756,0.0,3.4546522245539344,3.4546522245539344
Afyon,Dinar,1948247,0.0,2.8541459560219145,2.8541459560219145
Afyon,Emirdağ,6029881,0.0,6.3931857685732005,6.3931857685732005
Afyon,Evciler,69613,0.0,0.9562068266593903,0.9562068266593903
Afyon,Hocalar,674395,0.0,2.1044250679536205,2.1044250679536205
Afyon,Kızılören,196871,0.0,1.6442402074728568,1.6442402074728568
Afyon,Merkez,241657,0.0,0.46770930682922324,0.46770930682922324
Afyon,Sandıklı,350771,0.0,0.5839063782614443,0.5839063782614443
Afyon,Sincanlı,877129,0.75,2.7928948747651665,2.0428948747651665
Afyon,Sultandağı,3150621,0.0,7.5993909969416364,7.5993909969416364
Afyon,Çay,3232301,0.0,7.5993909969416364,7.5993909969416364
Afyon,Çobanlar,1283692,0.0,6.625197107246442,6.625197107246442
Afyon,İhsaniye,1167997,0.0,2.7247299351631,2.7247299351631
Afyon,İscehisar,1854836,0.0,7.180681470110821,7.180681470110821
Afyon,Şuhut,1033431,0.0,1.7226947513573345,1.7226947513573345
Agri,Diyadin,0,0.0,0.0,0.0
Agri,Doğubeyazıt,0,0.0,0.0,0.0
Agri,Eleşkirt,0,0.0,0.0,0.0
Agri,Hamur,0,0.0,0.0,0.0
Agri,Merkez,0,0.0,0.0,0.0
Agri,Patnos,0,0.0,0.0,0.0
Agri,Taşlıçay,0,0.0,0.0,0.0
Agri,Tutak,0,1.37,0.0,0.0
Aksaray,Ağaçören,1042098,0.0,3.0676183830449295,3.0676183830449295
Aksaray,Eskil,0,0.0,0.0,0.0
Aksaray,Gülağaç,353289,0.0,4.340364940995547,4.340364940995547
Aksaray,Güzelyurt,317353,0.0,4.224167869563323,4.224167869563323
Aksaray,Merkez,7051614,0.0,3.373712625723336,3.373712625723336
Aksaray,Ortaköy,136617,0.0,0.3840603844218704,0.3840603844218704
Aksaray,Sarıyahşi,0,0.0,0.0,0.0
Amasya,Göynücek,0,12.33,1.7263214464517513,0.0
Amasya,Gümüşhacıköy,5268194,0.0,13.878391864007982,13.878391864007982
Amasya,Hamamözü,0,81.68,45.81208094868144,0.0
Amasya,Merkez,13821844,0.0,15.522799932599105,15.522799932599105
Amasya,Merzifon,5899235,0.0,11.648754438359537,11.648754438359537
Amasya,Suluova,8580131,0.0,31.48509709857807,31.48509709857807
Amasya,Taşova,5838687,0.0,11.029418594596757,11.029418594596757
Ankara,Akyurt,417961,0.0,3.518154755604117,3.518154755604117
Ankara,Altındağ,369601,0.0,5.271919513962972,5.271919513962972
Ankara,Ayaş,0,0.0,0.0,0.0
Ankara,Bala,0,0.0,0.0,0.0
Ankara,Beypazarı,7325813,0.0,7.793160560264894,7.793160560264894
Ankara,Elmadağ,480395,0.91,2.144014711163444,1.2340147111634439
Ankara,Etimesgut,0,0.0,0.0,0.0
Ankara,Evren,15575,0.0,0.08281514675880147,0.08281514675880147
Ankara,Gölbaşı,392056,0.0,1.0038319743023654,1.0038319743023654
Ankara,Güdül,1627069,0.0,8.156658964712088,8.156658964712088
Ankara,Haymana,0,0.0,0.0,0.0
Ankara,Kalecik,0,0.0,0.0,0.0
Ankara,Kazan,321521,0.0,1.5475840913725176,1.5475840913725176
Ankara,Keçiören,750774,0.0,8.226852112198761,8.226852112198761
Ankara,Kızılcahamam,0,23.4,3.7199316646723344,0.0
Ankara,Mamak,232812,0.0,1.3713493664489527,1.3713493664489527
Ankara,Nallıhan,2016953,6.68,8.457415555863166,1.7774155558631666
Ankara,Polatlı,6663526,0.0,3.944387299348346,3.944387299348346
Ankara,Sincan,225699,0.0,1.2613075141584218,1.2613075141584218
Ankara,Yenimahalle,377358,0.0,1.3928762459268997,1.3928762459268997
Ankara,Çamlıdere,3763859,2.07,20.640164631165003,18.570164631165003
Ankara,Çankaya,795676,0.0,8.226852112198761,8.226852112198761
Ankara,Çubuk,1357041,0.0,1.7857490912238967,1.7857490912238967
Ankara,Şultan Koçhisar,0,0.0,0.0,0.0
Antalya,Akseki,6822072,0.0,10.126646588874324,10.126646588874324
Antalya,Alanya,2434741,12.96,16.07366871894649,3.1136687189464887
Antalya,Elmalı,9112138,0.0,9.808475990851624,9.808475990851624
Antalya,Finike,3849799,0.0,11.258266772969485,11.258266772969485
Antalya,Gazipaşa,0,47.36,11.10279645282335,0.0
Antalya,Gündoğmuş,0,42.22,15.859317997707546,0.0
Antalya,Kale,0,38.4,12.308337559648415,0.0
Antalya,Kaş,0,11.96,11.111876329494434,0.0
Antalya,Kemer,0,38.91,13.201784493136952,0.0
Antalya,Korkuteli,6054649,0.0,4.977791032645053,4.977791032645053
Antalya,Kumluca,0,24.42,8.166576457030715,0.0
Antalya,Manavgat,0,36.43,15.090272701675792,0.0
Antalya,Merkez,11094884,0.62,12.311082968501223,11.691082968501224
Antalya,Serik,0,16.9,9.191505990077188,0.0
Antalya,İbradi,5743410,0.0,9.566165825134963,9.566165825134963
Ardahan,Damal,5592927,0.0,33.74319945881484,33.74319945881484
Ardahan,Göle,10331996,0.0,15.882774397378276,15.882774397378276
Ardahan,Hanak,7632397,0.0,27.759308658298867,27.759308658298867
Ardahan,Merkez,7124533,0.0,12.27390612852065,12.27390612852065
Ardahan,Posof,6224017,0.0,19.21951704040292,19.21951704040292
Ardahan,Çıldır,4601321,3.69,15.255282677214147,11.565282677214148
Artvin,Ardanuç,7100485,2.46,17.320494189815523,14.860494189815523
Artvin,Arhavi,0,86.83,49.87941761824208,0.0
Artvin,Borçka,0,91.96,20.551582295828233,0.0
Artvin,Hopa,0,59.95,50.64525455859787,0.0
Artvin,Merkez,0,26.75,20.507262522482392,0.0
Artvin,Murgul,0,91.3,50.56126299895082,0.0
Artvin,Yusufeli,0,64.99,35.75284699785623,0.0
Artvin,Şavşat,0,35.19,16.848350489034875,0.0
Aydin,Bozdoğan,7050142,0.0,16.955753221818657,16.955753221818657
Aydin,Buharkent,100038,10.6,12.354936573508512,1.7549365735085125
Aydin,Didim,1500726,0.14,9.974962054302729,9.834962054302729
Aydin,Germencik,2248714,0.07,11.078848345638148,11.008848345638148
Aydin,Karacasu,6623416,0.0,18.20394414941816,18.20394414941816
Aydin,Karpuzlu,1398100,3.38,14.181872632786842,10.801872632786843
Aydin,Koçarlı,0,60.31,16.106122527734176,0.0
Aydin,Kuyucak,4570105,0.0,18.333321908952072,18.333321908952072
Aydin,Kuşadası,1114786,0.17,10.507619797179284,10.337619797179284
Aydin,Köşk,1253838,0.0,12.669908079704852,12.669908079704852
Aydin,Merkez,2978423,2.32,11.114819335427258,8.794819335427258
Aydin,Nazilli,4608949,0.0,16.122382848105822,16.122382848105822
Aydin,Sultanhisar,1784579,1.07,15.590222257308033,14.520222257308033
Aydin,Söke,2365403,3.86,8.235225962116276,4.375225962116277
Aydin,Yenipazar,838122,7.21,16.027553014687552,8.817553014687551
Aydin,Çine,4352825,0.07,9.261299772008257,9.191299772008257
Aydin,İncirliova,0,34.67,13.909478861647562,0.0
Balikesir,Ayvalık,2156844,0.0,11.181808504860633,11.181808504860633
Balikesir,Balya,3412691,4.09,10.192599195631391,6.102599195631392
Balikesir,Bandırma,4943065,0.0,14.994592457503536,14.994592457503536
Balikesir,Bigadiç,1345721,13.3,15.958547376421079,2.658547376421078
Balikesir,Burhaniye,0,14.3,9.692212298166522,0.0
Balikesir,Dursunbey,11359330,4.58,16.140624072701648,11.560624072701648
Balikesir,Edremit,0,91.3,14.628455914882167,0.0
Balikesir,Erdek,0,94.09,22.053763100447252,0.0
Balikesir,Gömeç,0,25.31,10.801000176010225,0.0
Balikesir,Gönen,7532624,0.3,13.957352361745107,13.657352361745106
Balikesir,Havran,0,71.62,14.075328440826068,0.0
Balikesir,Kepsut,0,82.72,22.407945051284923,0.0
Balikesir,Manyas,0,32.17,18.01471295490733,0.0
Balikesir,Marmara,0,24.15,20.015101774011715,0.0
Balikesir,Merkez,9570779,0.0,13.503980064239492,13.503980064239492
Balikesir,Savaştepe,1482415,0.0,8.1349786319081,8.1349786319081
Balikesir,Susurluk,0,40.06,24.390171322822688,0.0
Balikesir,Sındırgı,10315317,1.11,15.630365762911948,14.520365762911949
Balikesir,İvrindi,2888215,0.91,8.962639252321022,8.052639252321022
Bartın,Amasra,3784521,0.0,35.34965994686971,35.34965994686971
Bartın,Kurucaşile,1000087,25.31,34.87218543039318,9.562185430393182
Bartın,Merkez,9861239,2.16,17.11382365406958,14.95382365406958
Bartın,Ulus,7418165,0.86,18.463984832238275,17.603984832238275
Batman,Beşiri,1278565,0.0,3.2360724734476682,3.2360724734476682
Batman,Gercüş,1057106,0.0,2.942933974180775,2.942933974180775
Batman,Hasankeyf,813471,0.0,3.748572147329637,3.748572147329637
Batman,Kozluk,507224,0.0,0.9108477989011386,0.9108477989011386
Batman,Merkez,838562,0.0,3.6262488195312037,3.6262488195312037
Batman,Sason,192740,0.0,0.46634022606917325,0.46634022606917325
Bayburt,Aydıntepe,599550,0.0,2.8600592602248938,2.8600592602248938
Bayburt,Demirözü,857181,0.0,3.515074571701357,3.515074571701357
Bayburt,Merkez,2725713,0.0,2.1940627949126794,2.1940627949126794
Bilecik,Bozüyük,0,3.89,2.0516695883439606,0.0
Bilecik,Gölpazarı,2064718,0.0,5.973966909739183,5.973966909739183
Bilecik,Merkez,2447072,0.0,5.650461989559349,5.650461989559349
Bilecik,Osmaneli,2326089,0.15,9.871181865535242,9.721181865535241
Bilecik,Pazaryeri,537688,0.0,3.235804201176516,3.235804201176516
Bilecik,Söğüt,1579936,0.0,5.347949534160754,5.347949534160754
Bilecik,Yenipazar,480789,0.41,3.235804201176516,2.8258042011765157
Bilecik,İnhisar,1112422,0.0,5.592382147690818,5.592382147690818
Bingöl,Adaklı,884982,0.0,1.9833693702318778,1.9833693702318778
Bingöl,Genç,1543448,0.0,1.8240285717551923,1.8240285717551923
Bingöl,Karlıova,572090,0.0,0.7836677766121787,0.7836677766121787
Bingöl,Kiğı,297431,0.0,2.3574699690798213,2.3574699690798213
Bingöl,Merkez,1654770,0.0,1.791821960260074,1.791821960260074
Bingöl,Solhan,188910,0.05,0.38588217695363836,0.33588217695363837
Bingöl,Yayladere,0,4.64,0.0,0.0
Bingöl,Yedisu,364222,0.0,1.2948995634203346,1.2948995634203346
Bitlis,Adilcevaz,0,0.0,0.0,0.0
Bitlis,Ahlat,0,0.0,0.0,0.0
Bitlis,Güroymak,0,0.0,0.0,0.0
Bitlis,Hizan,0,0.0,0.0,0.0
Bitlis,Merkez,0,0.0,0.0,0.0
Bitlis,Mutki,0,13.22,0.0,0.0
Bitlis,Tatvan,0,0.0,0.0,0.0
Bolu,Dörtdivan,2797173,37.84,52.661728822284196,14.821728822284193
Bolu,Gerede,0,59.1,33.4075504390628,0.0
Bolu,Göynük,0,31.19,8.375947847202001,0.0
Bolu,Kıbrıscık,0,57.57,22.877132893626406,0.0
Bolu,Mengen,0,89.31,32.32532023470527,0.0
Bolu,Merkez,22366726,0.0,31.11184244219624,31.11184244219624
Bolu,Mudurnu,9311013,0.0,14.387220184590987,14.387220184590987
Bolu,Seben,3771509,0.0,11.958820232698878,11.958820232698878
Bolu,Yeniçağa,1409395,24.37,46.4242990097725,22.054299009772496
Burdur,Altınyayla,0,11.01,6.786107463599963,0.0
Burdur,Ağlasun,630451,1.65,5.228517639005652,3.578517639005652
Burdur,Bucak,0,13.7,6.76173490396002,0.0
Burdur,Gölhisar,692403,0.0,4.561350633944844,4.561350633944844
Burdur,Karamanlı,493017,0.0,2.597287300717839,2.597287300717839
Burdur,Kemer,916977,0.0,3.2198364270079685,3.2198364270079685
Burdur,Merkez,695187,0.0,1.085125747474888,1.085125747474888
Burdur,Tefenni,910316,0.0,2.8307921553834356,2.8307921553834356
Burdur,Yeşilova,719634,0.0,1.313360385902839,1.313360385902839
Burdur,Çavdır,1255345,0.0,4.966057828023386,4.966057828023386
Burdur,Çeltikçi,136243,3.41,4.99729345830459,1.5872934583045897
Bursa,Büyükorhan,0,23.27,20.219119151847572,0.0
Bursa,Gemlik,2461713,0.0,13.857764904206917,13.857764904206917
Bursa,Gürsu,650923,0.0,11.267543987095667,11.267543987095667
Bursa,Harmancık,0,61.33,14.419580844145504,0.0
Bursa,Karacabey,9954349,0.07,16.08356214968249,16.01356214968249
Bursa,Keles,0,35.15,15.045598219723932,0.0
Bursa,Kestel,815952,11.1,14.966674649914063,3.8666746499140636
Bursa,Mudanya,3110620,0.22,18.90378334542048,18.68378334542048
Bursa,Mustafa Kemalpaşa,0,31.78,18.486269991227594,0.0
Bursa,Nilüfer,6759353,0.0,19.439157151194614,19.439157151194614
Bursa,Orhaneli,0,33.83,21.164518344341765,0.0
Bursa,Orhangazi,5018203,0.0,20.622023632460103,20.622023632460103
Bursa,Osmangazi,0,24.81,14.722368596973897,0.0
Bursa,Yenişehir,2880744,0.0,6.987816689407944,6.987816689407944
Bursa,Yıldırım,109540,0.0,3.09634925584874,3.09634925584874
Bursa,İnegöl,1280660,0.53,2.977006467462477,2.4470064674624767
Bursa,İznik,4521835,0.7,12.991550433431938,12.291550433431938
Denizli,Acıpayam,0,19.35,11.310658639238552,0.0
Denizli,Akköy,919864,0.0,10.5300815315761,10.5300815315761
Denizli,Babadağ,0,29.73,14.062228500369772,0.0
Denizli,Baklan,217603,0.0,1.1880474412523039,1.1880474412523039
Denizli,Bekilli,188732,0.0,1.6741507964071876,1.6741507964071876
Denizli,Beyağaç,783389,0.0,13.450403273147597,13.450403273147597
Denizli,Bozkurt,0,8.2,3.8001107310178797,0.0
Denizli,Buldan,3704421,0.0,17.537207911533077,17.537207911533077
Denizli,Güney,2675296,1.51,11.8144119042186,10.3044119042186
Denizli,Honaz,0,48.68,12.074129272661901,0.0
Denizli,Kale,2872077,9.6,17.540550255014942,7.9405502550149425
Denizli,Merkez,3946435,1.14,12.095201696137085,10.955201696137085
Denizli,Sarayköy,2636920,0.0,14.620155652794239,14.620155652794239
Denizli,Serinhisar,1466456,0.0,14.613596482567115,14.613596482567115
Denizli,Tavas,9784961,0.0,13.325771623829691,13.325771623829691
Denizli,Çal,1249393,0.0,3.026831855057879,3.026831855057879
Denizli,Çameli,4406094,0.0,17.196495826552738,17.196495826552738
Denizli,Çardak,759805,0.0,4.621226957415113,4.621226957415113
Denizli,Çivril,3293202,0.0,4.469818615661723,4.469818615661723
Diyarbakir,Bismil,3792747,0.0,4.5601010680158085,4.5601010680158085
Diyarbakir,Dicle,555446,0.0,1.36911931743809,1.36911931743809
Diyarbakir,Ergani,0,0.0,0.0,0.0
Diyarbakir,Eğil,145772,0.0,0.6065995863861485,0.6065995863861485
Diyarbakir,Hani,283669,0.0,1.4161387285703397,1.4161387285703397
Diyarbakir,Hazro,297990,0.0,1.4161387285703397,1.4161387285703397
Diyarbakir,Kocaköy,367040,0.0,4.497739985854232,4.497739985854232
Diyarbakir,Kulp,0,0.0,0.0,0.0
Diyarbakir,Lice,180439,0.0,0.35779639572821353,0.35779639572821353
Diyarbakir,Merkez,0,53.16,2.8215785105457956,0.0
Diyarbakir,Silvan,457373,0.0,0.7351804411071986,0.7351804411071986
Diyarbakir,Çermik,390305,0.0,0.828374179408489,0.828374179408489
Diyarbakir,Çüngüş,0,0.15,0.0,0.0
Diyarbakir,Çınar,2786196,0.0,3.3946437358982933,3.3946437358982933
Düzce,Akçakoca,0,95.9,55.685241068188134,0.0
Düzce,Cumayeri,0,94.28,44.2162752861446,0.0
Düzce,Gölyaka,0,91.56,57.94044877796075,0.0
Düzce,Gümüşova,4899452,3.96,60.634511783645095,56.674511783645094
Düzce,Kaynaşlı,0,83.57,52.085564718871524,0.0
Düzce,Merkez,0,79.75,59.0566953107266,0.0
Düzce,Yığılca,4841801,33.75,50.11304828483955,16.36304828483955
Düzce,Çilimli,280543,49.46,54.97324455224742,5.513244552247421
Edirne,Enez,6221910,0.07,27.796527011813858,27.726527011813857
Edirne,Havsa,4341215,0.0,14.158894035438578,14.158894035438578
Edirne,Keşan,5889284,0.0,9.630781173861909,9.630781173861909
Edirne,Lalapaşa,5961092,0.0,23.453381487028203,23.453381487028203
Edirne,Meriç,2515620,0.07,12.622145063007673,12.552145063007673
Edirne,Merkez,4487458,0.21,11.022804372353985,10.812804372353984
Edirne,Süleoğlu,3424376,0.0,25.732446061005486,25.732446061005486
Edirne,Uzunköprü,3424647,0.0,5.955292997222001,5.955292997222001
Edirne,İpsala,3578143,0.04,10.465329944906001,10.425329944906002
Elazığ,Alacakaya,630237,0.0,7.431801757573625,7.431801757573625
Elazığ,Aricak,362301,0.0,1.7380386165232982,1.7380386165232982
Elazığ,Ağın,0,0.0,0.0,0.0
Elazığ,Baskil,760088,0.0,1.1745445361805318,1.1745445361805318
Elazığ,Karakoçan,0,0.0,0.0,0.0
Elazığ,Keban,0,0.0,0.0,0.0
Elazığ,Kovancılar,599391,0.0,1.36911931743809,1.36911931743809
Elazığ,Maden,0,0.0,0.0,0.0
Elazığ,Merkez,0,0.0,0.0,0.0
Elazığ,Palu,0,1.86,1.36911931743809,0.0
Elazığ,Sivrice,0,0.0,0.0,0.0
Erzincan,Kemah,0,0.0,0.0,0.0
Erzincan,Kemaliye,0,1.04,0.0,0.0
Erzincan,Merkez,2172836,0.0,2.514403835624332,2.514403835624332
Erzincan,Otlukbeli,789946,0.0,3.515074571701357,3.515074571701357
Erzincan,Refahiye,3181184,0.0,4.032695372376846,4.032695372376846
Erzincan,Tercan,2049586,0.0,2.514403835624332,2.514403835624332
Erzincan,Çayırlı,784087,0.0,1.4903949846652258,1.4903949846652258
Erzincan,Üzümlü,1071718,0.0,3.6047993397858056,3.6047993397858056
Erzincan,İliç,0,0.0,0.0,0.0
Erzurum,Aşkale,677090,0.0,0.9590235687050753,0.9590235687050753
Erzurum,Horasan,0,0.0,0.0,0.0
Erzurum,Hınıs,0,0.0,0.0,0.0
Erzurum,Ilıca,1971889,0.0,2.4246790675398846,2.4246790675398846
Erzurum,Karayazı,0,0.0,0.0,0.0
Erzurum,Karaçoban,0,0.0,0.0,0.0
Erzurum,Köprüköy,0,0.0,0.0,0.0
Erzurum,Merkez,616803,0.0,0.8692988006206259,0.8692988006206259
Erzurum,Narman,0,0.0,0.0,0.0
Erzurum,Oltu,12997401,0.0,19.870097669432347,19.870097669432347
Erzurum,Olur,7594627,0.0,21.212420599370766,21.212420599370766
Erzurum,Pasinler,0,0.0,0.0,0.0
Erzurum,Pazaryolu,797039,0.22,2.8600592602248938,2.6400592602248936
Erzurum,Tekman,2535879,0.0,2.283787562997127,2.283787562997127
Erzurum,Tortum,1881391,0.0,2.4246790675398846,2.4246790675398846
Erzurum,Uzundere,5447203,3.23,39.490517734720385,36.26051773472039
Erzurum,Çat,285857,0.59,1.1346909264990153,0.5446909264990153
Erzurum,İspir,13091984,22.04,34.693582208615446,12.653582208615447
Erzurum,Şenkaya,14682230,0.51,20.510346854104434,20.000346854104432
Eskisehir,Alpu,4530860,0.0,10.49865074799008,10.49865074799008
Eskisehir,Beylikova,2553623,0.0,10.440570906121556,10.440570906121556
Eskisehir,Günyüzü,2173848,0.0,4.3845084530927005,4.3845084530927005
Eskisehir,Han,723667,0.0,6.334539258217106,6.334539258217106
Eskisehir,Mahmudiye,2078145,0.0,5.892772622715546,5.892772622715546
Eskisehir,Merkez,4559758,0.0,3.1481989442080676,3.1481989442080676
Eskisehir,Mihalgazi,0,24.88,3.950122433805645,0.0
Eskisehir,Mihalıçcık,0,24.17,8.321883605332776,0.0
Eskisehir,Sarıcakaya,0,21.62,6.600805806662555,0.0
Eskisehir,Seyitgazi,3291004,0.0,3.7445193401237393,3.7445193401237393
Eskisehir,Sivrihisar,8048051,0.0,5.682701481431356,5.682701481431356
Eskisehir,Çifteler,2545981,0.0,5.490730027864242,5.490730027864242
Eskisehir,İnönü,915031,0.0,4.815125175955074,4.815125175955074
Gaziantep,Araban,1025308,0.0,3.364381127948896,3.364381127948896
Gaziantep,Karkamış,1586350,0.0,15.804967971347173,15.804967971347173
Gaziantep,Nizip,3771474,0.0,6.558018402728069,6.558018402728069
Gaziantep,Nurdağı,1540949,0.0,3.3909161317590177,3.3909161317590177
Gaziantep,Oğuzeli,2595687,0.0,8.190702064642593,8.190702064642593
Gaziantep,Yavuzeli,854079,0.0,3.4593204461220792,3.4593204461220792
Gaziantep,İslahiye,3768165,0.0,7.379285796757518,7.379285796757518
Gaziantep,Şahinbey,2679792,0.0,7.9710326054672285,7.9710326054672285
Gaziantep,Şehitkamil,1011087,0.0,1.3842805802567042,1.3842805802567042
Giresun,Alucra,613005,0.0,1.0975334390485763,1.0975334390485763
Giresun,Bulancak,0,74.26,54.18289565943578,0.0
Giresun,Dereli,0,96.02,40.16456835858219,0.0
Giresun,Doğankent,0,88.36,62.72130160071318,0.0
Giresun,Espiye,0,80.84,66.87586581751043,0.0
Giresun,Eynesil,0,54.68,52.91776890809078,0.0
Giresun,Görele,1627628,41.89,56.557656540540606,14.667656540540605
Giresun,Güce,11428516,0.0,53.93075302816039,53.93075302816039
Giresun,Keşap,0,80.68,61.09727131945782,0.0
Giresun,Merkez,0,59.0,57.35562773393512,0.0
Giresun,Piraziz,0,69.8,59.66532799715566,0.0
Giresun,Tirebolu,0,64.73,60.27391308159974,0.0
Giresun,Yağlıdere,0,72.12,60.62468835480842,0.0
Giresun,Çamoluk,711624,0.1,3.567641852335367,3.4676418523353667
Giresun,Çanakçı,0,83.2,60.22822897865828,0.0
Giresun,Şultan Karahisar,1954325,0.69,3.48684404714715,2.79684404714715
Gümüshane,Kelkit,859612,0.0,1.2250028587868373,1.2250028587868373
Gümüshane,Köse,928227,0.0,3.515074571701357,3.515074571701357
Gümüshane,Kürtün,0,50.19,41.224137063292616,0.0
Gümüshane,Merkez,2325881,0.0,2.1940627949126794,2.1940627949126794
Gümüshane,Torul,0,26.74,11.170404550980958,0.0
Gümüshane,Şiran,1810965,0.0,4.256111659146916,4.256111659146916
Hakkari,Merkez,0,0.0,0.0,0.0
Hakkari,Yüksekova,0,0.0,0.0,0.0
Hakkari,Çukurca,0,1.33,0.0,0.0
Hakkari,Şemdinli,0,0.0,0.0,0.0
Hatay,Altınözü,2953602,0.0,13.069060223314056,13.069060223314056
Hatay,Belen,1016180,1.35,15.207099385047377,13.857099385047377
Hatay,Dörtyol,0,64.86,12.6690495430899,0.0
Hatay,Erzin,1943720,1.69,12.263526990148776,10.573526990148777
Hatay,Hassa,3729008,0.0,12.21176301586477,12.21176301586477
Hatay,Kumlu,1658082,0.0,13.75484222190709,13.75484222190709
Hatay,Kırıkhan,5596703,0.0,12.554968096964165,12.554968096964165
Hatay,Merkez,4540802,1.63,11.324380191307549,9.694380191307548
Hatay,Reyhanlı,1643434,0.15,11.141878265259203,10.991878265259203
Hatay,Samandağ,0,29.7,13.065171321214978,0.0
Hatay,Yayladağı,0,36.63,11.904236154535305,0.0
Hatay,İskenderun,0,39.23,13.069060223314056,0.0
Isparta,Aksu,0,50.7,9.285826809917445,0.0
Isparta,Atabey,57295,3.81,4.420566072594626,0.6105660725946263
Isparta,Eğirdir,0,51.21,8.173998792865508,0.0
Isparta,Gelendost,2256252,0.0,6.791637198486288,6.791637198486288
Isparta,Gönen,94025,0.04,1.0828966439984995,1.0428966439984995
Isparta,Keçiborlu,1637690,0.0,6.460978519260074,6.460978519260074
Isparta,Merkez,1344438,0.0,4.018712836485802,4.018712836485802
Isparta,Senirkent,988070,0.0,3.3038189846125126,3.3038189846125126
Isparta,Sütçüler,4587788,0.0,7.547160906247555,7.547160906247555
Isparta,Uluborlu,0,2.96,0.6291785602698918,0.0
Isparta,Yalvaç,3696264,0.42,5.802645251403197,5.382645251403197
Isparta,Yenişarbademli,1301836,1.43,8.302647998665055,6.872647998665055
Isparta,Şarkikaraağaç,2493166,1.41,7.483193925509415,6.073193925509415
Istanbul,Adalar,0,29.54,27.46718591097516,0.0
Istanbul,Arnavutkoy,5181716,4.43,24.940946642109836,20.510946642109836
Istanbul,Atasehir,191980,2.96,19.550405235365965,16.590405235365964
Istanbul,Avcılar,94219,0.0,3.848541046821172,3.848541046821172
Istanbul,Bahçelievler,27022,0.0,3.848541046821172,3.848541046821172
Istanbul,Bakırköy,69167,0.0,3.6092421916336748,3.6092421916336748
Istanbul,Basaksehir,133416,0.0,2.968721461006123,2.968721461006123
Istanbul,Bayrampaşa,10986,0.0,2.968721461006123,2.968721461006123
Istanbul,Bağcılar,27405,0.0,2.968721461006123,2.968721461006123
Istanbul,Beykoz,0,92.25,42.35970195007889,0.0
Istanbul,Beylikduzu,74030,0.0,3.6092421916336748,3.6092421916336748
Istanbul,Beyoğlu,28514,0.0,5.720419784038274,5.720419784038274
Istanbul,Beşiktaş,62051,0.0,4.840600198223227,4.840600198223227
Istanbul,Büyükçekmece,1073211,0.0,14.255269943155119,14.255269943155119
Istanbul,Esenler,24885,0.0,2.968721461006123,2.968721461006123
Istanbul,Esenyurt,72221,0.0,3.848541046821172,3.848541046821172
Istanbul,Eyüp,0,58.74,28.548713673530198,0.0
Istanbul,Fatih,62594,0.0,5.720419784038274,5.720419784038274
Istanbul,Gaziosmanpaşa,20490,0.0,4.840600198223227,4.840600198223227
Istanbul,Güngören,11328,0.0,3.848541046821172,3.848541046821172
Istanbul,Kadıköy,83125,0.0,5.581995319131012,5.581995319131012
Istanbul,Kartal,0,37.64,20.060667394238106,0.0
Istanbul,Kağıthane,35451,0.0,4.840600198223227,4.840600198223227
Istanbul,Küçükçekmece,64778,0.0,3.848541046821172,3.848541046821172
Istanbul,Maltepe,174134,12.05,18.98721671111358,6.937216711113578
Istanbul,Pendik,1177578,21.07,33.84670058222974,12.776700582229736
Istanbul,Sancaktepe,519745,0.0,18.92772954848594,18.92772954848594
Istanbul,Sarıyer,781400,9.62,20.790805103916938,11.170805103916939
Istanbul,Silivri,7290098,0.04,23.43606826559354,23.39606826559354
Istanbul,Sultanbeyli,239161,0.0,18.364541024233553,18.364541024233553
Istanbul,Sultangazi,0,7.8,2.968721461006123,0.0
Istanbul,Tuzla,1350688,0.0,25.40140748770208,25.40140748770208
Istanbul,Zeytinburnu,39123,0.0,5.720419784038274,5.720419784038274
Istanbul,Çatalca,0,94.22,35.04727764716502,0.0
Istanbul,Çekmekoy,0,92.69,29.334458444819855,0.0
Istanbul,Ümraniye,0,47.54,19.550405235365965,0.0
Istanbul,Üsküdar,133898,3.64,16.11093872554663,12.470938725546631
Istanbul,Şile,0,57.6,26.092577496212918,0.0
Istanbul,Şişli,0,4.89,4.840600198223227,0.0
Izmir,Aliağa,1659707,0.0,11.712283400255888,11.712283400255888
Izmir,Balçova,19581,0.0,1.3858806883805823,1.3858806883805823
Izmir,Bayındır,361240,11.79,12.90978896110639,1.1197889611063907
Izmir,Bergama,6661530,0.22,8.100896877043542,7.880896877043543
Izmir,Beydağ,1672440,0.19,15.590222257308033,15.400222257308034
Izmir,Bornova,0,34.98,9.831058276967546,0.0
Izmir,Buca,448796,0.41,7.184162263305674,6.774162263305674
Izmir,Dikili,2977320,0.0,12.96007346892649,12.96007346892649
Izmir,Foça,1222770,0.0,10.661481636311915,10.661481636311915
Izmir,Gaziemir,0,6.94,1.3858806883805823,0.0
Izmir,Güzelbahçe,390430,0.0,7.184162263305674,7.184162263305674
Izmir,Karaburun,0,60.38,12.485401839949665,0.0
Izmir,Karşıyaka,0,1.58,1.3858806883805823,0.0
Izmir,Kemalpaşa,2624164,1.73,9.135206434189238,7.405206434189237
Izmir,Kiraz,0,19.59,15.67630277394621,0.0
Izmir,Konak,52801,0.0,1.3858806883805823,1.3858806883805823
Izmir,Kınık,0,41.93,10.894698148154808,0.0
Izmir,Menderes,4028621,0.0,9.826763161212366,9.826763161212366
Izmir,Menemen,4011017,0.04,10.541759928500754,10.501759928500755
Izmir,Narlıdere,0,14.64,1.3858806883805823,0.0
Izmir,Seferihisar,1359891,0.7,8.722270399123882,8.022270399123883
Izmir,Selçuk,1107908,0.0,9.254928142000399,9.254928142000399
Izmir,Tire,3645170,2.25,11.653121697498364,9.403121697498364
Izmir,Torbalı,3184649,0.0,10.339465733710737,10.339465733710737
Izmir,Urla,0,14.54,9.135206434189238,0.0
Izmir,Çeşme,1001101,0.0,9.254928142000399,9.254928142000399
Izmir,Çiğli,349048,0.0,7.184162263305674,7.184162263305674
Izmir,Ödemiş,3906183,0.07,8.081029859255256,8.011029859255256
Iğdır,Aralık,0,0.0,0.0,0.0
Iğdır,Karakoyunlu,108441,0.0,2.0103093252913116,2.0103093252913116
Iğdır,Merkez,0,0.15,0.0,0.0
Iğdır,Tuzluca,0,0.0,0.0,0.0
K. Maras,Afşin,1111764,0.0,1.4741941981801998,1.4741941981801998
K. Maras,Andırın,779077,0.99,2.161734436736153,1.171734436736153
K. Maras,Ekinözü,151476,0.0,0.5173787718164083,0.5173787718164083
K. Maras,Elbistan,98954,0.0,0.0759499562329147,0.0759499562329147
K. Maras,Göksun,0,0.0,0.0,0.0
K. Maras,Merkez,878964,2.36,2.947210417941205,0.587210417941205
K. Maras,Nurhak,0,0.0,0.0,0.0
K. Maras,Pazarcık,698585,0.0,1.0124334318061037,1.0124334318061037
K. Maras,Türkoğlu,641221,0.0,3.6148905748613935,3.6148905748613935
K. Maras,Çağlayancerit,736814,0.0,3.784092584037435,3.784092584037435
Karabük,Eflani,1589627,28.86,36.26266197231137,7.402661972311371
Karabük,Eskipazar,0,36.33,29.98559737714546,0.0
Karabük,Merkez,5469629,2.42,16.863202261134436,14.443202261134436
Karabük,Ovacık,6678630,0.0,32.66898400324327,32.66898400324327
Karabük,Safranbolu,6596742,1.21,18.67625441108655,17.46625441108655
Karabük,Yenice,0,83.74,51.77139395192796,0.0
Karaman,Ayrancı,1139291,0.0,0.9711182016651526,0.9711182016651526
Karaman,Başyayla,1606586,0.0,10.359630345402206,10.359630345402206
Karaman,Ermenek,5089229,0.0,7.076462601092166,7.076462601092166
Karaman,Kazımkarabekir,1518545,0.0,3.327166582312542,3.327166582312542
Karaman,Merkez,5050305,0.0,3.4345795115657154,3.4345795115657154
Karaman,Sarıveliler,2319871,0.0,11.849226552096315,11.849226552096315
Kars,Akyaka,5757793,0.0,34.75191542984107,34.75191542984107
Kars,Arpaçay,7154658,0.0,13.172613092899034,13.172613092899034
Kars,Digor,0,0.0,0.0,0.0
Kars,Kağızman,0,0.0,0.0,0.0
Kars,Merkez,20144105,0.0,20.957046437095606,20.957046437095606
Kars,Sarıkamış,0,0.0,0.0,0.0
Kars,Selim,0,0.0,0.0,0.0
Kars,Susuz,6684632,0.0,17.335299634659034,17.335299634659034
Kastamonu,Abana,0,83.2,37.310817195391444,0.0
Kastamonu,Araç,0,54.33,19.70178385169281,0.0
Kastamonu,Azdavay,0,27.83,20.698198391292838,0.0
Kastamonu,Ağlı,0,52.98,41.40432286445738,0.0
Kastamonu,Bozkurt,4650216,9.62,42.159656392707404,32.53965639270741
Kastamonu,Cide,2235200,20.9,26.755339059690666,5.855339059690667
Kastamonu,Daday,0,80.37,18.77104368933716,0.0
Kastamonu,Devrekani,3691372,15.33,28.063342376097484,12.733342376097484
Kastamonu,Doğanyurt,2519576,26.63,43.56018225656957,16.93018225656957
Kastamonu,Hanönü,3309389,14.58,30.832374600242886,16.252374600242888
Kastamonu,Küre,0,50.57,39.528858529131924,0.0
Kastamonu,Merkez,13009795,0.1,14.764234033019235,14.664234033019236
Kastamonu,Pınarbası,686311,33.49,36.018229358781326,2.5282293587813243
Kastamonu,Seydiler,4083210,0.09,38.460327425179514,38.37032742517951
Kastamonu,Taşköprü,13509146,0.0,14.764234033019235,14.764234033019235
Kastamonu,Tosya,6463079,0.0,13.427435051003112,13.427435051003112
Kastamonu,Çatalzeytin,0,81.15,41.0194723682857,0.0
Kastamonu,İhsangazi,910871,30.23,35.355951449343415,5.125951449343415
Kastamonu,İnebolu,0,78.41,41.345924982676145,0.0
Kastamonu,Şenpazar,0,95.63,43.95786036487122,0.0
Kayseri,Akkışla,578898,0.0,2.254907761674574,2.254907761674574
Kayseri,Bünyan,0,0.0,0.0,0.0
Kayseri,Develi,1100998,0.0,1.1950573426143787,1.1950573426143787
Kayseri,Felahiye,150459,0.0,0.7575138700193478,0.7575138700193478
Kayseri,Hacılar,605895,0.0,7.29949189842442,7.29949189842442
Kayseri,Kocasinan,718127,0.0,0.9051801137004198,0.9051801137004198
Kayseri,Melikgazi,343971,0.0,4.344559300188623,4.344559300188623
Kayseri,Pınarbaşı,3906175,0.11,2.4869569535028013,2.3769569535028015
Kayseri,Sarıoğlan,218278,0.0,0.7575138700193478,0.7575138700193478
Kayseri,Sarız,1089550,0.0,2.044236060684275,2.044236060684275
Kayseri,Talas,0,0.0,0.0,0.0
Kayseri,Tomarza,1023843,0.0,1.487340382241894,1.487340382241894
Kayseri,Yahyalı,0,0.0,0.0,0.0
Kayseri,Yeşilhisar,0,0.0,0.0,0.0
Kayseri,Özvatan,173022,0.0,1.3228736583453735,1.3228736583453735
Kayseri,İncesu,389438,0.0,0.9594200400127746,0.9594200400127746
Kilis,Elbeyli,1028908,0.0,12.521374333096954,12.521374333096954
Kilis,Merkez,2745781,0.0,10.439726873609285,10.439726873609285
Kilis,Musabeyli,2164024,0.0,9.654329874891197,9.654329874891197
Kilis,Polateli,1461819,0.0,10.237777790930448,10.237777790930448
Kinkkale,Bahşılı,567874,0.0,5.914421232629351,5.914421232629351
Kinkkale,Balışeyh,372421,0.0,1.0238832021079118,1.0238832021079118
Kinkkale,Delice,677967,0.0,1.6257151610465888,1.6257151610465888
Kinkkale,Karakeçili,523397,0.0,5.914421232629351,5.914421232629351
Kinkkale,Keskin,0,0.0,0.0,0.0
Kinkkale,Merkez,41687,0.0,0.24810340495369204,0.24810340495369204
Kinkkale,Sulakyurt,358212,0.0,0.9341584340234625,0.9341584340234625
Kinkkale,Yahşihan,308161,0.0,2.6192901798333774,2.6192901798333774
Kinkkale,Çelebi,0,1.95,0.0,0.0
Kirklareli,Babaeski,3825044,0.23,11.807540851143088,11.577540851143088
Kirklareli,Demirköy,0,76.57,30.92278076650495,0.0
Kirklareli,Kofçaz,0,59.98,23.697814100558272,0.0
Kirklareli,Lüleburgaz,7892464,0.0,16.277011136922997,16.277011136922997
Kirklareli,Merkez,11089680,0.0,12.736197079028868,12.736197079028868
Kirklareli,Pehlivanköy,631284,0.0,9.244525447076887,9.244525447076887
Kirklareli,Pınarhisar,6420885,0.0,19.586595926501385,19.586595926501385
Kirklareli,Vize,0,56.73,30.92278076650495,0.0
Kirsehir,Akpınar,0,0.0,0.0,0.0
Kirsehir,Akçakent,0,35.63,2.038944849310872,0.0
Kirsehir,Boztepe,217950,0.0,0.7731046560464074,0.7731046560464074
Kirsehir,Kaman,0,0.0,0.0,0.0
Kirsehir,Merkez,0,0.0,0.0,0.0
Kirsehir,Mucur,0,0.0,0.0,0.0
Kirsehir,Çiçekdağı,448789,0.0,1.0756171114449975,1.0756171114449975
Kocaeli,Derince,1076814,1.33,30.211052949297237,28.881052949297235
Kocaeli,Gebze,0,35.4,33.38445526710351,0.0
Kocaeli,Gölcük,0,90.68,52.07638414916926,0.0
Kocaeli,Kandıra,10483998,8.89,29.589161285302673,20.699161285302672
Kocaeli,Karamürsel,6668357,0.4,39.72982061076058,39.32982061076058
Kocaeli,Körfez,0,51.16,50.90659839041707,0.0
Kocaeli,Merkez,19772396,0.0,29.246971760039855,29.246971760039855
Konya,Ahırlı,1311948,0.14,9.632279592645807,9.492279592645806
Konya,Akören,553947,0.0,1.7368329552771447,1.7368329552771447
Konya,Akşehir,0,46.26,7.5993909969416364,0.0
Konya,Altınekin,2626679,0.0,3.5580507963638794,3.5580507963638794
Konya,Beyşehir,8211792,0.0,8.147052701096753,8.147052701096753
Konya,Bozkır,1741474,0.0,3.3217984970821886,3.3217984970821886
Konya,Cihanbeyli,7446203,0.0,3.3536613979177914,3.3536613979177914
Konya,Derbent,840580,0.0,4.908940222418411,4.908940222418411
Konya,Derebucak,1184534,0.0,6.92924886340316,6.92924886340316
Konya,Doğanhisar,0,16.15,6.914195724730698,0.0
Konya,Emirgazi,1861754,0.0,4.407531125619369,4.407531125619369
Konya,Ereğli,2678712,0.0,1.8699827774358935,1.8699827774358935
Konya,Güneysınır,19440,0.0,0.11362554755705043,0.11362554755705043
Konya,Hadım,2920943,0.0,9.468463509221678,9.468463509221678
Konya,Halkapınar,926871,0.0,2.2554452617806153,2.2554452617806153
Konya,Hüyük,2064497,0.0,7.1615871108660984,7.1615871108660984
Konya,Ilgın,5732074,0.0,6.699358651207787,6.699358651207787
Konya,Kadınhanı,1602333,0.0,2.8216310693031197,2.8216310693031197
Konya,Karapınar,1082890,0.0,0.9711182016651526,0.9711182016651526
Konya,Karatay,933544,0.0,0.6786732027203317,0.6786732027203317
Konya,Kulu,0,0.0,0.0,0.0
Konya,Meram,4967771,0.0,5.8276639211013554,5.8276639211013554
Konya,Sarayönü,0,0.0,0.0,0.0
Konya,Selçuklu,530338,0.0,0.5580090635428685,0.5580090635428685
Konya,Seydişehir,4148363,0.0,6.203417828992332,6.203417828992332
Konya,Taşkent,1446583,0.0,7.91352890387529,7.91352890387529
Konya,Tuzlukçu,2005702,0.0,5.261462833180061,5.261462833180061
Konya,Yalıhüyük,0,0.0,0.0,0.0
Konya,Yunak,8544414,0.0,5.280000573895884,5.280000573895884
Konya,Çeltik,1814542,0.0,4.973906331217482,4.973906331217482
Konya,Çumra,1055203,0.0,0.9510669738596064,0.9510669738596064
Kütahya,Altıntaş,0,25.2,0.5157414386593787,0.0
Kütahya,Aslanapa,0,14.28,2.7247299351631,0.0
Kütahya,Domaniç,0,9.59,6.4527359494481695,0.0
Kütahya,Dumlupınar,44844,0.0,0.2620400149501053,0.2620400149501053
Kütahya,Emet,3503969,0.0,6.095106009312923,6.095106009312923
Kütahya,Gediz,753705,0.0,0.9702493655610597,0.9702493655610597
Kütahya,Hisarcık,2060409,0.3,10.749692059424138,10.449692059424137
Kütahya,Merkez,2236234,0.0,1.6384976687045987,1.6384976687045987
Kütahya,Pazarlar,361158,0.0,5.9699772334859516,5.9699772334859516
Kütahya,Simav,6901695,2.81,13.731849061292584,10.921849061292583
Kütahya,Tavşanlı,874138,0.0,0.9702493655610597,0.9702493655610597
Kütahya,Çavdarhisar,79336,0.0,0.7588225380598745,0.7588225380598745
Kütahya,Şaphane,742065,3.58,9.659117234000353,6.079117234000353
Malatya,Akçadağ,0,0.0,0.0,0.0
Malatya,Arapkir,0,0.0,0.0,0.0
Malatya,Arguvan,0,0.0,0.0,0.0
Malatya,Battalgazi,446004,0.0,3.234137614646403,3.234137614646403
Malatya,Darende,0,0.0,0.0,0.0
Malatya,Doğanyol,294336,0.0,2.264741368330818,2.264741368330818
Malatya,Doğanşehir,0,0.0,0.0,0.0
Malatya,Hekimhan,286019,0.0,0.30656622886011975,0.30656622886011975
Malatya,Kale,714269,0.0,7.484369038207635,7.484369038207635
Malatya,Kuluncak,453189,0.0,1.6785620687994625,1.6785620687994625
Malatya,Merkez,861580,0.0,1.8776909598445384,1.8776909598445384
Malatya,Pötürge,0,0.0,0.0,0.0
Malatya,Yazıhan,58122,0.0,0.22246913839410365,0.22246913839410365
Malatya,Yeşilyurt,0,0.0,0.0,0.0
Manisa,Ahmetli,1821467,0.0,11.288081183414283,11.288081183414283
Manisa,Akhisar,0,18.94,12.361748308476885,0.0
Manisa,Alaşehir,2485436,8.58,13.349163074202997,4.7691630742029965
Manisa,Demirci,0,84.57,20.45572115999404,0.0
Manisa,Gölmarmara,1953409,0.0,13.803422555569503,13.803422555569503
Manisa,Gördes,7479366,0.0,16.34577737212063,16.34577737212063
Manisa,Kula,7411855,0.0,15.8711057431438,15.8711057431438
Manisa,Köprübaşı,2798050,0.0,17.383297456749283,17.383297456749283
Manisa,Kırkağaç,3402033,1.21,13.748360869952268,12.538360869952268
Manisa,Merkez,4990676,0.0,8.488268336368362,8.488268336368362
Manisa,Salihli,9401352,0.07,15.077016476285555,15.007016476285555
Manisa,Saruhanlı,4257578,0.0,9.994591512123026,9.994591512123026
Manisa,Sarıgöl,2356908,0.0,15.180629965018781,15.180629965018781
Manisa,Selendi,6510197,0.0,19.135161832814106,19.135161832814106
Manisa,Soma,4014817,0.0,10.042623643953181,10.042623643953181
Manisa,Turgutlu,2953540,0.0,13.59676360894727,13.59676360894727
Mardin,Dargeçit,249583,0.0,0.7718536524522392,0.7718536524522392
Mardin,Derik,655786,0.0,0.8858220441997333,0.8858220441997333
Mardin,Kızıltepe,5085751,0.0,6.234784333191325,6.234784333191325
Mardin,Mazıdağı,902216,0.0,1.8292310247518582,1.8292310247518582
Mardin,Merkez,1026603,0.0,1.6535636669579177,1.6535636669579177
Mardin,Midyat,1004272,0.0,1.6535636669579177,1.6535636669579177
Mardin,Nusaybin,4736839,0.0,6.234784333191325,6.234784333191325
Mardin,Savur,1092632,0.0,1.6535636669579177,1.6535636669579177
Mardin,Yeşilli,8967,0.0,0.2903715320421365,0.2903715320421365
Mardin,Ömerli,815037,0.0,3.748572147329637,3.748572147329637
Mersin,Anamur,0,25.83,9.785788510511043,0.0
Mersin,Aydıncık,0,34.36,13.559971331281702,0.0
Mersin,Bozyazı,0,16.98,12.349437738521782,0.0
Mersin,Erdemli,10714536,0.0,9.974782407377711,9.974782407377711
Mersin,Gülnar,4451167,0.31,7.096513828897713,6.786513828897713
Mersin,Merkez,0,18.4,10.22939370327751,0.0
Mersin,Mut,11557207,0.0,8.483802066818832,8.483802066818832
Mersin,Silifke,12636345,0.0,9.4603739702032,9.4603739702032
Mersin,Tarsus,5770687,0.0,7.051659869759573,7.051659869759573
Mersin,Çamlıyayla,0,11.77,4.547591711082478,0.0
Mugla,Bodrum,0,38.04,12.036299978610883,0.0
Mugla,Dalaman,0,28.21,18.83325237887689,0.0
Mugla,Datça,3925319,0.84,18.849651304955586,18.009651304955586
Mugla,Fethiye,17647939,1.33,13.641937558698753,12.311937558698753
Mugla,Kavaklıdere,0,52.15,18.046276589732493,0.0
Mugla,Köyceğiz,0,62.67,19.733022113760708,0.0
Mugla,Marmaris,0,58.46,20.90284372101133,0.0
Mugla,Merkez,11756613,3.15,16.989493336539276,13.839493336539276
Mugla,Milas,12691799,0.0,11.962948640884726,11.962948640884726
Mugla,Ortaca,0,72.01,21.586526809217226,0.0
Mugla,Ula,0,61.54,20.245741286296184,0.0
Mugla,Yatağan,4563879,1.59,11.544786062242466,9.954786062242466
Mus,Bulanık,0,0.0,0.0,0.0
Mus,Hasköy,0,0.0,0.0,0.0
Mus,Korkut,0,0.0,0.0,0.0
Mus,Malazgirt,0,0.0,0.0,0.0
Mus,Merkez,2173460,0.0,1.6214980803534111,1.6214980803534111
Mus,Varto,153025,0.0,0.21021481915969814,0.21021481915969814
Nevsehir,Acıgöl,126855,0.0,0.3840603844218704,0.3840603844218704
Nevsehir,Avanos,25669,0.0,0.06055546424203196,0.06055546424203196
Nevsehir,Derinkuyu,0,0.0,0.0,0.0
Nevsehir,Gülşehir,0,0.0,0.0,0.0
Nevsehir,Hacıbektaş,0,0.0,0.0,0.0
Nevsehir,Kozaklı,89987,0.0,0.26786331298964894,0.26786331298964894
Nevsehir,Merkez,167248,0.0,0.656907584614185,0.656907584614185
Nevsehir,Ürgüp,164113,0.0,0.656907584614185,0.656907584614185
Nigde,Altunhisar,153717,0.0,0.656907584614185,0.656907584614185
Nigde,Bor,124164,0.0,0.18630574510290412,0.18630574510290412
Nigde,Merkez,2933876,0.0,2.7980173580304446,2.7980173580304446
Nigde,Ulukışla,327787,0.0,0.45869951624218136,0.45869951624218136
Nigde,Çamardı,1402049,0.0,2.035090112388038,2.035090112388038
Nigde,Çiftlik,186971,0.0,0.7731046560464074,0.7731046560464074
Ordu,Akkuş,0,46.73,35.84414847583432,0.0
Ordu,Aybastı,0,62.22,58.43138117888569,0.0
Ordu,Fatsa,115326,52.67,53.43553975774441,0.7655397577444063
Ordu,Gölköy,0,80.36,58.79067201449915,0.0
Ordu,Gülyalı,0,60.77,43.64486912177557,0.0
Ordu,Gürgentepe,143930,59.38,61.46095662880339,2.080956628803385
Ordu,Kabadüz,0,68.53,60.019608579613774,0.0
Ordu,Kabataş,0,75.65,61.00635635712102,0.0
Ordu,Korgan,4775261,18.53,64.85183060560192,46.32183060560192
Ordu,Kumru,0,77.53,58.0976788565617,0.0
Ordu,Merkez,0,73.35,54.83706963818537,0.0
Ordu,Mesudiye,8070488,0.0,13.840517078141485,13.840517078141485
Ordu,Perşembe,0,79.58,55.19350088295003,0.0
Ordu,Ulubey,0,76.63,60.188651884676545,0.0
Ordu,Çamaş,0,80.12,53.47410352238058,0.0
Ordu,Çaybaşı,0,68.1,57.185840006712894,0.0
Ordu,Ünye,0,68.21,52.06212848107613,0.0
Ordu,İkizce,2004884,10.3,52.19242854132333,41.892428541323326
Osmaniye,Bahçe,0,74.28,12.869015525553484,0.0
Osmaniye,Düziçi,0,7.47,5.008632131276297,0.0
Osmaniye,Hasanbeyli,545000,0.0,8.818290954505894,8.818290954505894
Osmaniye,Kadirli,598216,1.99,3.2639520992697846,1.2739520992697846
Osmaniye,Merkez,0,77.75,8.685925355898389,0.0
Osmaniye,Sumbas,1021548,0.0,4.67997109126186,4.67997109126186
Osmaniye,Toprakkale,1209332,0.0,6.818502807270026,6.818502807270026
Rize,Ardeşen,0,52.21,41.7894867275444,0.0
Rize,Derepazarı,0,70.9,43.50231917135418,0.0
Rize,Fındıklı,0,81.44,47.50191025534072,0.0
Rize,Güneysu,0,52.44,44.14132870148142,0.0
Rize,Hemşin,0,85.0,53.987509013628646,0.0
Rize,Kalkandere,0,78.42,55.22836380866311,0.0
Rize,Merkez,1316461,38.6,49.836811319572206,11.236811319572205
Rize,Pazar,0,60.14,51.868973339653586,0.0
Rize,Çamlıhemşin,0,84.49,45.465833771545675,0.0
Rize,Çayeli,0,71.12,45.48593790899424,0.0
Rize,İkizdere,14072748,1.58,37.19514457811136,35.61514457811136
Rize,İyidere,0,85.11,43.363894706446914,0.0
Sakarya,Akyazı,3758038,33.04,45.311693789873125,12.271693789873126
Sakarya,Ferizli,2084282,3.6,33.057881719168414,29.457881719168412
Sakarya,Geyve,4321922,1.36,11.96998064237757,10.60998064237757
Sakarya,Hendek,0,95.8,50.64869236168732,0.0
Sakarya,Karapürçek,2788327,4.94,40.58551855030259,35.64551855030259
Sakarya,Karasu,2998637,29.16,41.778430974441086,12.618430974441086
Sakarya,Kaynarca,0,95.81,40.856560678921035,0.0
Sakarya,Kocaali,0,57.36,47.13453131666764,0.0
Sakarya,Merkez,9993555,0.79,44.37585548228325,43.58585548228325
Sakarya,Pamukova,0,80.63,47.70778266600503,0.0
Sakarya,Sapanca,1885208,8.86,39.996798338055285,31.136798338055286
Sakarya,Söğütlü,918726,9.38,29.826538377535893,20.446538377535894
Sakarya,Taraklı,853844,0.0,5.788471691837782,5.788471691837782
Samsun,Alaçam,0,73.17,33.037803215135284,0.0
Samsun,Asarcik,1210961,19.47,29.971877738694293,10.501877738694294
Samsun,Ayvacık,1788936,18.59,28.378755950576505,9.788755950576505
Samsun,Bafra,15345371,0.0,19.569209073768356,19.569209073768356
Samsun,Havza,3759949,0.33,10.07920170426423,9.74920170426423
Samsun,Kavak,0,36.25,12.863659314333072,0.0
Samsun,Ladik,5614702,0.0,26.772266368900336,26.772266368900336
Samsun,Merkez,5027084,0.31,13.053543829569499,12.743543829569498
Samsun,Ondokuz Mayıs,4399943,0.05,33.13593852830835,33.085938528308354
Samsun,Salıpazarı,0,93.1,49.24779533683673,0.0
Samsun,Tekkeköy,3827266,6.16,29.871518502335352,23.711518502335352
Samsun,Terme,0,75.07,46.62657017068946,0.0
Samsun,Vezirköprü,8620796,1.09,11.240698022105121,10.150698022105122
Samsun,Yakakent,0,85.51,37.01089731744699,0.0
Samsun,Çarşamba,7651532,4.41,26.28089620072894,21.87089620072894
Sanliurfa,Akçakale,2595703,0.0,8.890123189962424,8.890123189962424
Sanliurfa,Birecik,1987477,0.0,5.250953833044759,5.250953833044759
Sanliurfa,Bozova,3013308,0.0,3.4129711716515434,3.4129711716515434
Sanliurfa,Ceylanpınar,8525812,0.0,7.830524413567565,7.830524413567565
Sanliurfa,Halfeti,1638440,0.0,4.103877206020874,4.103877206020874
Sanliurfa,Harran,3387553,0.0,6.618903533440394,6.618903533440394
Sanliurfa,Hilvan,161191,0.0,0.221467954183763,0.221467954183763
Sanliurfa,Merkez,5554141,0.0,2.9357750454903235,2.9357750454903235
Sanliurfa,Siverek,0,0.0,0.0,0.0
Sanliurfa,Suruç,3114753,0.0,9.634088700460424,9.634088700460424
Sanliurfa,Viranşehir,3261727,0.0,2.9357750454903235,2.9357750454903235
Siirt,Aydınlar,0,0.04,0.0,0.0
Siirt,Baykan,0,0.0,0.0,0.0
Siirt,Eruh,0,0.0,0.0,0.0
Siirt,Kurtalan,0,0.0,0.0,0.0
Siirt,Merkez,172853,0.0,1.3912136505501753,1.3912136505501753
Siirt,Pervari,0,0.0,0.0,0.0
Siirt,Şirvan,0,6.35,0.0,0.0
Sinop,Ayancık,0,98.72,20.675115483830233,0.0
Sinop,Boyabat,4334227,4.69,10.550207144389978,5.860207144389977
Sinop,Dikmen,0,80.63,24.119407571162043,0.0
Sinop,Durağan,0,18.79,10.527636003905576,0.0
Sinop,Erfelek,1256517,31.23,38.29835927384079,7.068359273840787
Sinop,Gerze,4718135,7.22,24.01880128575688,16.79880128575688
Sinop,Merkez,7960549,2.02,36.48129282029658,34.46129282029658
Sinop,Saraydüzü,0,35.32,30.002692086272866,0.0
Sinop,Türkeli,0,95.12,42.92338840542252,0.0
Sirnak,Beytüşşebap,0,0.15,0.0,0.0
Sirnak,Cizre,0,0.0,0.0,0.0
Sirnak,Güçlükonak,277978,0.0,1.1399775084726056,1.1399775084726056
Sirnak,Merkez,0,3.09,0.0,0.0
Sirnak,Silopi,0,0.0,0.0,0.0
Sirnak,Uludere,0,0.17,0.0,0.0
Sirnak,İdil,0,0.0,0.0,0.0
Sivas,Akıncılar,1048963,0.15,5.117245535982247,4.967245535982246
Sivas,Altınyayla,0,0.0,0.0,0.0
Sivas,Divriği,22304,0.0,0.01565756351237281,0.01565756351237281
Sivas,Doğanşar,442501,7.63,12.08513508060617,4.45513508060617
Sivas,Gemerek,59207,0.0,0.11005348723584622,0.11005348723584622
Sivas,Gölova,166368,3.4,4.311712302816959,0.9117123028169591
Sivas,Gürün,2740096,0.0,2.010132529681346,2.010132529681346
Sivas,Hafik,4968308,0.0,4.189095304810212,4.189095304810212
Sivas,Kangal,3645460,0.0,1.9498401369608063,1.9498401369608063
Sivas,Koyulhisar,2074057,0.0,3.7150786855751003,3.7150786855751003
Sivas,Merkez,224589,0.0,0.16478648142415117,0.16478648142415117
Sivas,Suşehri,2540936,0.0,5.80571534279379,5.80571534279379
Sivas,Ulaş,0,0.0,0.0,0.0
Sivas,Yıldızeli,2015886,0.0,1.3819386351928398,1.3819386351928398
Sivas,Zara,5264005,0.0,4.189095304810212,4.189095304810212
Sivas,İmranlı,1741575,0.0,2.8643313105181543,2.8643313105181543
Sivas,Şarkışla,1242097,0.0,1.2328097172810653,1.2328097172810653
Tekirdag,Hayrabolu,3723159,0.0,6.518795985618826,6.518795985618826
Tekirdag,Malkara,3709300,0.59,6.532209788399276,5.942209788399276
Tekirdag,Marmaraereğlisi,1897614,0.0,17.3210662242835,17.3210662242835
Tekirdag,Merkez,3526323,0.0,6.403002191910878,6.403002191910878
Tekirdag,Muratlı,2606181,0.0,12.622145063007673,12.622145063007673
Tekirdag,Saray,0,79.04,34.058870429589554,0.0
Tekirdag,Çerkezköy,0,55.42,36.960802404247204,0.0
Tekirdag,Çorlu,7177512,0.0,14.66251291321348,14.66251291321348
Tekirdag,Şarköy,0,43.8,25.66126097973396,0.0
Tokat,Almus,258148,0.0,0.5730260499577047,0.5730260499577047
Tokat,Artova,274711,0.0,1.6069019686848782,1.6069019686848782
Tokat,Başçiftlik,303895,18.8,21.523372621318078,2.7233726213180773
Tokat,Erbaa,9314926,0.0,15.695630120545298,15.695630120545298
Tokat,Merkez,478987,0.85,1.3779676711443558,0.5279676711443558
Tokat,Niksar,6466640,15.52,29.81950777294031,14.29950777294031
Tokat,Pazar,0,13.05,6.972583021221948,0.0
Tokat,Reşadiye,2331868,0.0,3.48684404714715,3.48684404714715
Tokat,Sulusaray,454899,0.46,4.007018031205394,3.5470180312053943
Tokat,Turhal,0,1.42,0.0,0.0
Tokat,Yeşilyurt,485752,0.0,5.999443765077635,5.999443765077635
Tokat,Zile,0,0.04,0.0,0.0
Trabzon,Akçaabat,9209914,1.64,48.1276998321151,46.4876998321151
Trabzon,Araklı,0,73.17,57.3233587124387,0.0
Trabzon,Arsin,0,63.57,56.6605664402537,0.0
Trabzon,Beşikdüzü,1219087,13.79,46.14408109447504,32.35408109447504
Trabzon,Dernekpazarı,1077178,22.35,48.044096052094936,25.694096052094935
Trabzon,Düzköy,2809537,3.78,57.870125731783965,54.090125731783964
Trabzon,Hayrat,0,71.19,51.82671899644849,0.0
Trabzon,Köprübaşı,0,75.46,57.77907664093753,0.0
Trabzon,Maçka,0,54.75,35.469300610246265,0.0
Trabzon,Merkez,1057247,39.3,49.748580694328766,10.448580694328768
Trabzon,Of,0,71.3,60.3263528194387,0.0
Trabzon,Sürmene,0,75.3,52.36820199853757,0.0
Trabzon,Tonya,0,63.05,56.20227262244083,0.0
Trabzon,Vakfıkebir,3603750,8.04,53.1956261169145,45.1556261169145
Trabzon,Yomra,2701644,29.31,51.71055092256869,22.400550922568694
Trabzon,Çarşıbaşı,0,70.14,46.14408109447504,0.0
Trabzon,Çaykara,0,50.56,41.17156978265861,0.0
Trabzon,Şalpazarı,2771616,15.19,57.870125731783965,42.68012573178397
Tunceli,Hozat,0,0.0,0.0,0.0
Tunceli,Mazgirt,0,0.0,0.0,0.0
Tunceli,Merkez,0,0.0,0.0,0.0
Tunceli,Nazımiye,0,0.0,0.0,0.0
Tunceli,Ovacık,1929131,0.17,2.3652749177125525,2.1952749177125526
Tunceli,Pertek,0,0.0,0.0,0.0
Tunceli,Pülümür,819866,0.0,1.1393718347783903,1.1393718347783903
Tunceli,Çemişgezek,0,0.0,0.0,0.0
Usak,Banaz,0,22.89,1.6992955528907376,0.0
Usak,Eşme,5675591,0.0,9.326130101939565,9.326130101939565
Usak,Karahallı,47806,0.0,0.30437397693406915,0.30437397693406915
Usak,Merkez,88496,0.0,0.1448200466030407,0.1448200466030407
Usak,Sivaslı,0,2.67,2.6609519234483785,0.0
Usak,Ulubey,3142295,0.0,8.031032555741202,8.031032555741202
Van,Bahçesaray,0,0.0,0.0,0.0
Van,Başkale,0,0.0,0.0,0.0
Van,Edremit,0,0.0,0.0,0.0
Van,Erciş,0,0.0,0.0,0.0
Van,Gevaş,0,0.0,0.0,0.0
Van,Gürpınar,0,0.0,0.0,0.0
Van,Merkez,0,0.0,0.0,0.0
Van,Muradiye,0,0.0,0.0,0.0
Van,Saray,0,0.0,0.0,0.0
Van,Çaldıran,0,0.0,0.0,0.0
Van,Çatak,0,0.0,0.0,0.0
Van,Özalp,0,0.0,0.0,0.0
Yalova,Altınova,571835,0.0,24.132474899822412,24.132474899822412
Yalova,Armutlu,0,96.83,37.65567494128556,0.0
Yalova,Merkez,372441,34.89,40.28755581209388,5.397555812093877
Yalova,Termal,0,96.12,29.62368301682503,0.0
Yalova,Çiftlikköy,904256,0.0,24.132474899822412,24.132474899822412
Yalova,Çınarcık,0,86.88,42.19727814892159,0.0
Yozgat,Akdağmadeni,0,2.14,1.2838938678056115,0.0
Yozgat,Aydıncık,149075,0.42,1.263751565582996,0.8437515655829961
Yozgat,Boğazlıyan,0,0.0,0.0,0.0
Yozgat,Kadışehri,574595,0.0,2.3226735668239025,2.3226735668239025
Yozgat,Merkez,955205,0.0,0.9526713097732433,0.9526713097732433
Yozgat,Saraykent,813165,0.0,8.833984932688127,8.833984932688127
Yozgat,Sarıkaya,40623,0.0,0.08681843416880539,0.08681843416880539
Yozgat,Sorgun,1005226,0.0,1.183287582400449,1.183287582400449
Yozgat,Yenifakılı,139634,0.0,0.656907584614185,0.656907584614185
Yozgat,Yerköy,0,0.0,0.0,0.0
Yozgat,Çandır,220817,0.0,3.889959028506248,3.889959028506248
Yozgat,Çayıralan,0,0.23,0.0,0.0
Yozgat,Çekerek,750930,0.0,1.9336292951993652,1.9336292951993652
Yozgat,Şefaatli,88593,0.0,0.26786331298964894,0.26786331298964894
Zinguldak,Alaplı,450978,46.32,52.88123099496125,6.5612309949612495
Zinguldak,Devrek,0,81.77,33.28772966324447,0.0
Zinguldak,Ereğli,10023540,11.58,33.8481705726016,22.268170572601605
Zinguldak,Gökçebey,0,86.44,51.27310019300192,0.0
Zinguldak,Merkez,0,51.56,43.26298794961514,0.0
Zinguldak,Çaycuma,7453980,0.4,49.63181556386611,49.231815563866114
Çanakkale,Ayvacık,1071300,9.1,11.315162147176196,2.215162147176196
Çanakkale,Bayramiç,6019777,0.0,9.225730814677991,9.225730814677991
Çanakkale,Biga,4514541,0.89,8.135242218819508,7.2452422188195085
Çanakkale,Bozcaada,51535,0.0,2.5628259944722966,2.5628259944722966
Çanakkale,Eceabat,0,27.11,13.840139033624872,0.0
Çanakkale,Ezine,4402813,0.0,13.377614297824145,13.377614297824145
Çanakkale,Gelibolu,7361192,0.0,15.304438709745751,15.304438709745751
Çanakkale,Gökçeada,69445,15.06,15.544034254883014,0.48403425488301366
Çanakkale,Lapseki,0,29.77,12.58805384919909,0.0
Çanakkale,Merkez,4545969,1.53,11.345198647087958,9.815198647087959
Çanakkale,Yenice,0,15.75,10.192599195631391,0.0
Çanakkale,Çan,4162570,1.32,10.555498828428641,9.235498828428641
Çankiri,Atkaracalar,7178619,0.0,36.029849293813776,36.029849293813776
Çankiri,Bayramören,0,94.73,38.25961225065982,0.0
Çankiri,Eldivan,0,24.23,15.909218880461049,0.0
Çankiri,Ilgaz,0,33.35,20.517643598190954,0.0
Çankiri,Korgun,9091788,0.0,29.161560731161565,29.161560731161565
Çankiri,Kurşunlu,9107455,0.0,35.301852780807806,35.301852780807806
Çankiri,Kızılırmak,0,14.57,1.3232027056479976,0.0
Çankiri,Merkez,9818699,0.0,13.522411952879242,13.522411952879242
Çankiri,Orta,9167202,0.0,32.756476663146195,32.756476663146195
Çankiri,Yapraklı,8232496,0.0,29.834635868585465,29.834635868585465
Çankiri,Çerkeş,11263158,0.0,16.547976255894742,16.547976255894742
Çankiri,Şabanözü,4351580,0.0,14.817452844304322,14.817452844304322
Çorum,Alaca,0,0.0,0.0,0.0
Çorum,Bayat,7211569,0.0,14.095048018702647,14.095048018702647
Çorum,Boğazkale,390280,0.0,2.9933489092614356,2.9933489092614356
Çorum,Dodurga,3726355,0.04,34.56588356855507,34.525883568555074
Çorum,Kargı,1709364,8.8,11.79896431964113,2.9989643196411286
Çorum,Laçin,4606816,2.46,34.79692450468131,32.336924504681306
Çorum,Mecitözü,3087558,0.0,7.172868030317186,7.172868030317186
Çorum,Merkez,5596212,0.0,5.2213576062746885,5.2213576062746885
Çorum,Ortaköy,736535,0.0,8.833984932688127,8.833984932688127
Çorum,Osmancık,5015553,0.0,8.967550202649862,8.967550202649862
Çorum,Oğuzlar,4983431,0.4,33.80964481483084,33.40964481483084
Çorum,Sungurlu,687408,0.0,0.6892663842070601,0.6892663842070601
Çorum,Uğurludağ,4211167,0.0,15.909218880461049,15.909218880461049
Çorum,İskilip,0,34.8,13.416386034980034,0.0
