province_name,district_name,lat,lon
Adana,Aladağ,37.66664161425269,35.387781159274844
Adana,Ceyhan,37.01188762408269,35.768197774868256
Adana,Feke,37.87149501654729,35.82175412166473
Adana,İmamoğlu,37.259450755722085,35.60816661152585
Adana,Karaisali,37.25914702378393,35.14288805669741
Adana,Karataş,36.675979449634504,35.229132124491095
Adana,Kozan,37.53681464962676,35.840943226510305
Adana,Pozantı,37.54648277891881,34.98430156975578
Adana,Saimbeyli,37.989007528768724,36.13436444012252
Adana,Seyhan,36.912762856941804,35.17898024007434
Adana,Tufanbeyli,38.27092830135996,36.261242486083596
Adana,Yumurtalık,36.710570748576025,35.61362903076997
Adana,Yüreğir,36.9702209447011,35.42196564547398
Adiyaman,Besni,37.580984234646984,37.9021105320502
Adiyaman,Çelikhan,38.05858677551078,38.32101454195479
Adiyaman,Gerger,38.02434275066536,38.99318871698758
Adiyaman,Gölbaşı,37.69827262449037,37.59807051058772
Adiyaman,Kahta,37.799513596831254,38.694339858723005
Adiyaman,Merkez,37.70841704317855,38.261284947937625
Adiyaman,Samsat,37.56570577274376,38.49118352181627
Adiyaman,Sincik,38.040170204711785,38.55041496078256
Adiyaman,Tut,37.79475172793583,37.9227827564413
Afyon,Başmakçı,37.867487273557046,30.009480465472784
Afyon,Bayat,39.025107370010666,30.925424100508373
Afyon,Bolvadin,38.774912464189356,31.219356309714346
Afyon,Çay,38.52005533784735,30.98298966884557
Afyon,Çobanlar,38.68505194274979,30.8276650025872
Afyon,Dazkırı,37.91931503587757,29.78324080300375
Afyon,Dinar,38.13963427758678,30.25053730612807
Afyon,Emirdağ,39.028268571268626,31.340214629467827
Afyon,Evciler,38.03260230243983,29.871175212743633
Afyon,Hocalar,38.580242283688726,29.949283400245342
Afyon,İhsaniye,39.02955785163041,30.469943449400898
Afyon,İscehisar,38.92538934713586,30.782993569198254
Afyon,Kızılören,38.26199409344205,30.156001670512172
Afyon,Merkez,38.7853757954168,30.536704399875866
Afyon,Sandıklı,38.45140090878305,30.180279604536608
Afyon,Sincanlı,38.74613600480689,30.254204005116105
Afyon,Şuhut,38.45333192690092,30.600052697924678
Afyon,Sultandağı,38.607430862405145,31.414961415445124
Agri,Diyadin,39.47784231622719,43.61747733837812
Agri,Doğubeyazıt,39.57772620465168,44.0361939897038
Agri,Eleşkirt,39.82510285619879,42.691230264416106
Agri,Hamur,39.50133553495088,43.08810174876008
Agri,Merkez,39.81191794435278,43.17243541088944
Agri,Patnos,39.216612516116705,42.91331429708272
Agri,Taşlıçay,39.58959087812761,43.38477277992072
Agri,Tutak,39.50821002149996,42.72018174758034
Aksaray,Ağaçören,38.65139432761589,33.840663178323666
Aksaray,Eskil,38.21935992680877,33.422025001399746
Aksaray,Gülağaç,38.36295091512031,34.320609678027004
Aksaray,Güzelyurt,38.230928268045155,34.32282038107879
Aksaray,Merkez,38.284408606216736,33.86553589635082
Aksaray,Ortaköy,38.61718846424526,34.13302931631731
Aksaray,Sarıyahşi,38.85773237788003,34.037252769632495
Amasya,Göynücek,40.35867238447269,35.538375598933854
Amasya,Gümüşhacıköy,40.909698544032864,35.21062233479086
Amasya,Hamamözü,40.76004829681186,35.12070432415393
Amasya,Merkez,40.608305141592574,35.897315177085645
Amasya,Merzifon,40.817841695127036,35.45417707392841
Amasya,Suluova,40.77809402019211,35.74691043699064
Amasya,Taşova,40.7649725578992,36.285497775480664
Ankara,Akyurt,40.06083150250431,33.16136031074967
Ankara,Altındağ,39.983391752880046,32.99614538832616
Ankara,Ayaş,40.00834633116306,32.291128093221246
Ankara,Bala,39.50941940602818,33.09593000372795
Ankara,Beypazarı,40.148626921507464,31.928691301037116
Ankara,Çamlıdere,40.46454722820688,32.44177848760462
Ankara,Çankaya,39.87827862418089,32.83355417906906
Ankara,Çubuk,40.267140359722305,33.023156870220085
Ankara,Elmadağ,39.877574921492126,33.30015144879477
Ankara,Etimesgut,39.910108075926935,32.62595591899054
Ankara,Evren,38.97881429988725,33.822783442093375
Ankara,Gölbaşı,39.64262116121575,32.81282201919034
Ankara,Güdül,40.214076700269146,32.241936758790615
Ankara,Haymana,39.3185192771997,32.59356523139481
Ankara,Kalecik,40.15854406716938,33.4550388144467
Ankara,Kazan,40.14352830725688,32.649665570911395
Ankara,Keçiören,40.05386004648713,32.8264983455073
Ankara,Kızılcahamam,40.44366479041166,32.663697410896276
Ankara,Mamak,39.8676408733446,33.0102161889436
Ankara,Nallıhan,40.1817599533106,31.31642733462549
Ankara,Polatlı,39.514738402315544,32.169318837639516
Ankara,Sincan,39.95395828425514,32.50073789721857
Ankara,Şultan Koçhisar,38.95369175839502,33.54901653806994
Ankara,Yenimahalle,39.884264645349155,32.656541104633305
Antalya,Akseki,37.05337569574966,31.847930223531673
Antalya,Alanya,36.58755447429034,32.20195394994232
Antalya,Elmalı,36.736003924888614,29.888323981747423
Antalya,Finike,36.433421276640615,30.030913037455424
Antalya,Gazipaşa,36.324611298064006,32.48116908352812
Antalya,Gündoğmuş,36.82195222023363,32.07490729446956
Antalya,İbradi,37.14851236840038,31.562885254674363
Antalya,Kale,36.27521195349218,29.91074540485377
Antalya,Kaş,36.380762183330084,29.598792609594234
Antalya,Kemer,36.53692594043173,30.47499352810554
Antalya,Korkuteli,37.052451088405626,30.17773457501594
Antalya,Kumluca,36.52403466324749,30.285552538674835
Antalya,Manavgat,37.02317371687421,31.369192334049977
Antalya,Merkez,36.9786028896458,30.636246147678914
Antalya,Serik,37.09598692978779,31.015402418068366
Ardahan,Çıldır,41.15692433888374,43.096649142856286
Ardahan,Damal,41.36154681558827,42.84665621766167
Ardahan,Göle,40.83735017508182,42.62810865420469
Ardahan,Hanak,41.26082553068453,42.77275395307841
Ardahan,Merkez,41.06458364029876,42.69550814036295
Ardahan,Posof,41.46922105274512,42.68965833449572
Artvin,Ardanuç,41.08845699117457,42.139992832460976
Artvin,Arhavi,41.234358992715286,41.354120682807874
Artvin,Borçka,41.38063140246368,41.78063321095909
Artvin,Hopa,41.39857627073446,41.47175452158588
Artvin,Merkez,41.143545773569386,41.82901130223146
Artvin,Murgul,41.198400289469106,41.535772043828715
Artvin,Şavşat,41.32293418726509,42.303279598551924
Artvin,Yusufeli,40.832995051529046,41.580932988190895
Aydin,Bozdoğan,37.666451459721365,28.410586895115692
Aydin,Buharkent,37.99635726879021,28.79191954779428
Aydin,Çine,37.61060540977861,28.03408165824508
Aydin,Didim,37.43872549178572,27.306272881738938
Aydin,Germencik,37.89078950931182,27.558021996713787
Aydin,İncirliova,37.8822378565446,27.74127118760321
Aydin,Karacasu,37.73597394836834,28.677807129558605
Aydin,Karpuzlu,37.54116061913673,27.81128830620832
Aydin,Koçarlı,37.69146602471111,27.692614036388225
Aydin,Köşk,37.942655785720724,28.106744916294183
Aydin,Kuşadası,37.808131915523795,27.310280668342575
Aydin,Kuyucak,37.95516177755434,28.64135225677836
Aydin,Merkez,37.86075951401231,27.948734337676992
Aydin,Nazilli,37.96473526911057,28.43721646850949
Aydin,Söke,37.647109966191024,27.384176272092937
Aydin,Sultanhisar,37.920347795438154,28.231412165090305
Aydin,Yenipazar,37.791417287230395,28.195918284164623
Balikesir,Ayvalık,39.28466087583266,26.792423761682546
Balikesir,Balya,39.78847988083118,27.57191199218876
Balikesir,Bandırma,40.27576757832982,27.990252716855252
Balikesir,Bigadiç,39.41755345537736,28.221024615823275
Balikesir,Burhaniye,39.45920996324414,27.02603342384482
Balikesir,Dursunbey,39.51932445034296,28.63440987235684
Balikesir,Edremit,39.67256717145215,26.936136500967603
Balikesir,Erdek,40.46009732666961,27.85331402063123
Balikesir,Gömeç,39.37739701505705,26.91375543929803
Balikesir,Gönen,40.11830801899844,27.649882885351342
Balikesir,Havran,39.60364307800635,27.20732911027484
Balikesir,İvrindi,39.52020781909714,27.422197693918246
Balikesir,Kepsut,39.69367118029154,28.24739263244854
Balikesir,Manyas,40.04799126617292,27.93686534874738
Balikesir,Marmara,40.585202255536935,27.604060493151678
Balikesir,Merkez,39.63927431501591,27.86980579209771
Balikesir,Savaştepe,39.440114418326694,27.64335058865109
Balikesir,Sındırgı,39.222190787600496,28.262462628161344
Balikesir,Susurluk,39.90541501642517,28.132483443950196
Bartın,Amasra,41.69962438705989,32.39816122067383
Bartın,Kurucaşile,41.77097556484541,32.60701297194384
Bartın,Merkez,41.519958718205665,32.35264385246661
Bartın,Ulus,41.49845072851228,32.62726106699648
Batman,Beşiri,37.90578816185334,41.41578840592358
Batman,Gercüş,37.646208635038064,41.32341591074757
Batman,Hasankeyf,37.7209098769813,41.53311306910117
Batman,Kozluk,38.184063339961206,41.474146344108355
Batman,Merkez,37.84771126621445,41.21536293987241
Batman,Sason,38.394355443438904,41.428198324322395
Bayburt,Aydıntepe,40.40667921617266,40.15511795744583
Bayburt,Demirözü,40.08685141603207,39.84707324466413
Bayburt,Merkez,40.2352630521446,40.31728489231579
Bilecik,Bozüyük,39.84992848888314,29.925561875402074
Bilecik,Gölpazarı,40.28690173180294,30.328222695855157
Bilecik,İnhisar,40.054477028029766,30.433291267840495
Bilecik,Merkez,40.1837370283268,29.950545143641925
Bilecik,Osmaneli,40.39133380080488,29.984592922439184
Bilecik,Pazaryeri,40.02805292032088,29.836646567904165
Bilecik,Söğüt,40.03626354266386,30.22700251571993
Bilecik,Yenipazar,40.222568681356066,30.562069341546472
Bingöl,Adaklı,39.265352976556414,40.59994391949918
Bingöl,Genç,38.679996049071654,40.67194136696366
Bingöl,Karlıova,39.28813763980579,40.97943516388019
Bingöl,Kiğı,39.280683666876456,40.34613229747032
Bingöl,Merkez,38.95653538140768,40.5767001518924
Bingöl,Solhan,38.94082309267707,41.08241219833148
Bingöl,Yayladere,39.21425852114746,40.139037385952065
Bingöl,Yedisu,39.45507218598347,40.64170454260995
Bitlis,Adilcevaz,38.84378505707948,42.884090501124774
Bitlis,Ahlat,38.8080426986623,42.33104847259745
Bitlis,Güroymak,38.58513433949118,42.06813446575023
Bitlis,Hizan,38.17296920802111,42.57945685936583
Bitlis,Merkez,38.30170763734375,42.086734338299166
Bitlis,Mutki,38.42641169336891,41.781486870676034
Bitlis,Tatvan,38.51799967914113,42.518284975602484
Bolu,Dörtdivan,40.62557023633769,32.015302273920305
Bolu,Gerede,40.67750222558938,32.289424493167886
Bolu,Göynük,40.35526736058966,30.831437477465787
Bolu,Kıbrıscık,40.45772979471433,31.88822325927627
Bolu,Mengen,40.93990906222086,31.990957250994988
Bolu,Merkez,40.72073195594632,31.673141976646576
Bolu,Mudurnu,40.51828726530535,31.217153176573294
Bolu,Seben,40.43696945302324,31.584044874139128
Bolu,Yeniçağa,40.80937533872298,31.99219570377489
Burdur,Ağlasun,37.631947177072746,30.593209660332683
Burdur,Altınyayla,37.04173890420034,29.5441406747095
Burdur,Bucak,37.378590722548694,30.588776374774806
Burdur,Çavdır,37.129992894606076,29.719406047971436
Burdur,Çeltikçi,37.544296263046704,30.446935392977203
Burdur,Gölhisar,37.18845572099243,29.52214544826325
Burdur,Karamanlı,37.40390578319255,29.85091477079453
Burdur,Kemer,37.373950183680115,30.104810447855442
Burdur,Merkez,37.628217417969715,30.226163400073304
Burdur,Tefenni,37.2930474558543,29.773586929586024
Burdur,Yeşilova,37.59087483186178,29.78477474607546
Bursa,Büyükorhan,39.74222592946965,28.84076119702224
Bursa,Gemlik,40.43308628997939,29.15077065434237
Bursa,Gürsu,40.26506435710233,29.179195644003936
Bursa,Harmancık,39.654208919373616,29.110398587566632
Bursa,İnegöl,40.0349870607832,29.522770543575465
Bursa,İznik,40.489658157507016,29.681730234274216
Bursa,Karacabey,40.2506147447206,28.366260752503567
Bursa,Keles,39.89087917800992,29.222322089412927
Bursa,Kestel,40.189204642800526,29.254841897213446
Bursa,Mudanya,40.329420837948334,28.76125777747832
Bursa,Mustafa Kemalpaşa,39.975895156889386,28.512530197711737
Bursa,Nilüfer,40.22204261687022,28.890598728375533
Bursa,Orhaneli,39.92629502402387,28.916652404445635
Bursa,Orhangazi,40.46876919313118,29.350114594256453
Bursa,Osmangazi,40.081832405102254,29.070189737070855
Bursa,Yenişehir,40.280319560486575,29.591409411245856
Bursa,Yıldırım,40.184490589049894,29.08512512822974
Çanakkale,Ayvacık,39.586787543162686,26.371420366197356
Çanakkale,Bayramiç,39.84608290314919,26.685069277992156
Çanakkale,Biga,40.27712729839052,27.22471955345804
Çanakkale,Bozcaada,39.82570681379318,26.033950596135274
Çanakkale,Çan,40.039921613613885,26.995281790417074
Çanakkale,Eceabat,40.23705377484916,26.32878444433767
Çanakkale,Ezine,39.7982110334579,26.291049625036806
Çanakkale,Gelibolu,40.54595869892671,26.75946735682376
Çanakkale,Gökçeada,40.16148758566151,25.839946595793297
Çanakkale,Lapseki,40.26930252455806,26.786739180265368
Çanakkale,Merkez,40.051362018967694,26.49063137622703
Çanakkale,Yenice,39.953529136827726,27.28701330683691
Çankiri,Atkaracalar,40.854304922089554,33.133748881522905
Çankiri,Bayramören,41.0001410314044,33.22357399902238
Çankiri,Çerkeş,40.83111254275211,32.81619634601364
Çankiri,Eldivan,40.50778080478367,33.50606842367421
Çankiri,Ilgaz,40.932345353961736,33.697422077235494
Çankiri,Kızılırmak,40.368500435969366,33.9952849542275
Çankiri,Korgun,40.71809812293938,33.49732370486053
Çankiri,Kurşunlu,40.8353723778876,33.35167261689867
Çankiri,Merkez,40.520493896493576,33.77204892329665
Çankiri,Orta,40.63803171594383,33.09373290936319
Çankiri,Şabanözü,40.47935194484709,33.2725376007997
Çankiri,Yapraklı,40.724058598855315,33.951223939992595
Çorum,Alaca,40.15899445480406,34.9114473180059
Çorum,Bayat,40.670881431372344,34.21243326562259
Çorum,Boğazkale,40.05695932229837,34.5917298617765
Çorum,Dodurga,40.841556572932326,34.77285015478549
Çorum,İskilip,40.79475404017048,34.44576684481841
Çorum,Kargı,41.13507828874499,34.50404949077588
Çorum,Laçin,40.76479887239133,34.92092028962781
Çorum,Mecitözü,40.48318037093678,35.275709351222815
Çorum,Merkez,40.48975217910049,34.875468919946535
Çorum,Oğuzlar,40.78869540381118,34.658254903967546
Çorum,Ortaköy,40.270835320527496,35.26329676387318
Çorum,Osmancık,41.00692975662824,34.844932177816304
Çorum,Sungurlu,40.19507484008395,34.32267601283664
Çorum,Uğurludağ,40.464284947492736,34.44794945672919
Denizli,Acıpayam,37.33933383939545,29.33396507387319
Denizli,Akköy,37.94103850464806,29.086027955019617
Denizli,Babadağ,37.77111400029565,28.898037396240795
Denizli,Baklan,37.92459317400562,29.54562852887636
Denizli,Bekilli,38.18746994776894,29.436349283272563
Denizli,Beyağaç,37.24500268960412,28.922546358305198
Denizli,Bozkurt,37.740664155312416,29.541026087153085
Denizli,Buldan,38.09587092586782,28.876152875964728
Denizli,Çal,38.02226458442735,29.352446079966764
Denizli,Çameli,37.01755459625872,29.233624784482405
Denizli,Çardak,37.75051688722983,29.69483873165797
Denizli,Çivril,38.22227530807361,29.778093222564106
Denizli,Güney,38.142722497048815,29.063872953575608
Denizli,Honaz,37.734171775458215,29.329039908395
Denizli,Kale,37.43766297456657,28.74912834300417
Denizli,Merkez,37.79372417019381,29.132340880595557
Denizli,Sarayköy,37.89836458698163,28.912885148733352
Denizli,Serinhisar,37.552817219173086,29.281140957698554
Denizli,Tavas,37.46421051239274,29.01421998591196
Diyarbakir,Bismil,37.89940003676535,40.80332630683015
Diyarbakir,Çermik,38.088946634460925,39.4631838299742
Diyarbakir,Çınar,37.712549490921035,40.18711926362229
Diyarbakir,Çüngüş,38.26689127466445,39.30862010536757
Diyarbakir,Dicle,38.382471319032874,40.114641788175916
Diyarbakir,Eğil,38.216758677039486,40.139863645280656
Diyarbakir,Ergani,38.159198774234284,39.75665517759505
Diyarbakir,Hani,38.39594303975099,40.42532191536514
Diyarbakir,Hazro,38.26052010485517,40.783690953678175
Diyarbakir,Kocaköy,38.25372461152036,40.53853481913383
Diyarbakir,Kulp,38.51204705807711,41.141721602528456
Diyarbakir,Lice,38.46391255755479,40.68807787732522
Diyarbakir,Merkez,38.011024710800115,40.21933226021625
Diyarbakir,Silvan,38.16098998503084,40.98316542366104
Düzce,Akçakoca,41.045781575012136,31.20331535525017
Düzce,Çilimli,40.909439777811,31.092615059456218
Düzce,Cumayeri,40.91700443544357,30.978270178383166
Düzce,Gölyaka,40.7516337344745,31.044692126761472
Düzce,Gümüşova,40.840283603853095,30.9661187582642
Düzce,Kaynaşlı,40.73727736076305,31.276537562994076
Düzce,Merkez,40.89086619807287,31.26042024552148
Düzce,Yığılca,40.96771380981594,31.533375821316614
Edirne,Enez,40.683573045048824,26.20099290352894
Edirne,Havsa,41.56683790153863,26.839268464265242
Edirne,İpsala,40.925673775274454,26.402864671082135
Edirne,Keşan,40.79108325519056,26.577594258606638
Edirne,Lalapaşa,41.90005539069267,26.763840264450554
Edirne,Meriç,41.18595682542997,26.430161618688413
Edirne,Merkez,41.69692646782676,26.58610117041742
Edirne,Süleoğlu,41.79834487990778,26.887079499801484
Edirne,Uzunköprü,41.23960793303152,26.720059014763873
Elazığ,Ağın,38.936466589585024,38.696779330751454
Elazığ,Alacakaya,38.50053253041583,39.85328384188119
Elazığ,Aricak,38.5449679461262,40.136525060343914
Elazığ,Baskil,38.56088294896374,38.64336950938127
Elazığ,Karakoçan,38.99503194877698,40.11136508785218
Elazığ,Keban,38.76359890770932,38.75631265855217
Elazığ,Kovancılar,38.74977258541836,39.8337368411011
Elazığ,Maden,38.45017084855697,39.56469161870266
Elazığ,Merkez,38.66470595655887,39.20746626635856
Elazığ,Palu,38.683891493216144,40.071355126229285
Elazığ,Sivrice,38.421141931396306,39.12886769213131
Erzincan,Çayırlı,39.81310673034024,39.93193177634769
Erzincan,İliç,39.52388791883921,38.566615766883395
Erzincan,Kemah,39.60381991193078,39.02807984171855
Erzincan,Kemaliye,39.22161286874497,38.597820713163976
Erzincan,Merkez,39.709070470902674,39.46140511571247
Erzincan,Otlukbeli,39.98395877449107,40.09016155507552
Erzincan,Refahiye,39.87494518479539,38.75901587965283
Erzincan,Tercan,39.70640038835201,40.35403373045475
Erzincan,Üzümlü,39.6721184494603,39.835222873478344
Erzurum,Aşkale,39.915141833741195,40.63284600712492
Erzurum,Çat,39.64434908406401,40.92674632515045
Erzurum,Hınıs,39.35478320127616,41.71943713681075
Erzurum,Horasan,40.03768146720374,42.20933963497644
Erzurum,Ilıca,40.06051189027708,40.96586411948908
Erzurum,İspir,40.53903127305815,41.010440924012286
Erzurum,Karaçoban,39.327010525542356,42.04459222035834
Erzurum,Karayazı,39.641627960139026,42.131674523471595
Erzurum,Köprüköy,39.93353079704202,41.93307892221484
Erzurum,Merkez,40.01693654095463,41.295639655990534
Erzurum,Narman,40.30387369662182,41.876795644186885
Erzurum,Oltu,40.54118481933966,41.9584050237501
Erzurum,Olur,40.849712765087446,42.145239424823885
Erzurum,Pasinler,40.00175713156368,41.65538810715601
Erzurum,Pazaryolu,40.44410649105653,40.65849911750096
Erzurum,Şenkaya,40.566457453774156,42.348716120422495
Erzurum,Tekman,39.60753193621327,41.429223468255955
Erzurum,Tortum,40.375904530236475,41.392980117006964
Erzurum,Uzundere,40.57650451547059,41.617590577405295
Eskisehir,Alpu,39.83988312055947,31.072498827591932
Eskisehir,Beylikova,39.7313679564012,31.284178134182092
Eskisehir,Çifteler,39.324684194608636,31.079276786337147
Eskisehir,Günyüzü,39.4335074401434,31.874961295634886
Eskisehir,Han,39.21412280379657,30.78813344360013
Eskisehir,İnönü,39.78025420854546,30.142653494305435
Eskisehir,Mahmudiye,39.54338396933078,31.028086769753877
Eskisehir,Merkez,39.76893817537347,30.586076717492112
Eskisehir,Mihalgazi,40.01225192040028,30.615698309231338
Eskisehir,Mihalıçcık,39.874863842655174,31.530774746308815
Eskisehir,Sarıcakaya,40.09445525583495,30.71246732768952
Eskisehir,Seyitgazi,39.38052733519961,30.622506372961663
Eskisehir,Sivrihisar,39.400504259595266,31.544173630328824
Gaziantep,Araban,37.43818854151698,37.79557725264918
Gaziantep,İslahiye,36.978422767614965,36.687675004544474
Gaziantep,Karkamış,36.819220074033495,37.87956431534849
Gaziantep,Nizip,37.005112141082805,37.77127482802177
Gaziantep,Nurdağı,37.164145566714105,36.8617928569572
Gaziantep,Oğuzeli,36.83216573670972,37.53786597505074
Gaziantep,Şahinbey,36.9848777203703,37.27574881932845
Gaziantep,Şehitkamil,37.18123112482387,37.348052764578604
Gaziantep,Yavuzeli,37.29676474471246,37.64446922572372
Giresun,Alucra,40.38300992492985,38.77761314507524
Giresun,Bulancak,40.74680260913492,38.19549424051211
Giresun,Çamoluk,40.127689039216236,38.76856973995934
Giresun,Çanakçı,40.83607572978308,39.0175361684549
Giresun,Dereli,40.61246224068168,38.41243565736755
Giresun,Doğankent,40.75586227509237,38.94067236805108
Giresun,Espiye,40.872741186142626,38.73074961805524
Giresun,Eynesil,40.99567250576602,39.10455368617882
Giresun,Görele,40.93177975042658,38.85131419626621
Giresun,Güce,40.66755698293265,38.80471169514468
Giresun,Keşap,40.85842518009639,38.55598510480113
Giresun,Merkez,40.80986585295606,38.383896371892824
Giresun,Piraziz,40.85906200672639,38.12087716720453
Giresun,Şultan Karahisar,40.32327665105763,38.43147719535128
Giresun,Tirebolu,40.96485667487345,39.00478628619495
Giresun,Yağlıdere,40.75016807456692,38.68191738035266
Gümüshane,Kelkit,40.04567172458867,39.43654363730852
Gümüshane,Köse,40.187759985737785,39.67972403749734
Gümüshane,Kürtün,40.626054578382295,39.02396728252227
Gümüshane,Merkez,40.44555134314321,39.68167430901277
Gümüshane,Şiran,40.181826235154276,39.09087130593334
Gümüshane,Torul,40.495090761274305,39.21107124554808
Hakkari,Çukurca,37.30133061417332,43.67580408541689
Hakkari,Merkez,37.51429578294851,43.715555805753276
Hakkari,Şemdinli,37.26871304501031,44.484067066453825
Hakkari,Yüksekova,37.55132641531982,44.225456659119544
Hatay,Altınözü,36.077362500758845,36.27738870510159
Hatay,Belen,36.463036453427264,36.16665447695214
Hatay,Dörtyol,36.821034067384296,36.29969350038391
Hatay,Erzin,36.956907222636524,36.11736068446133
Hatay,Hassa,36.76514947160238,36.506102239837396
Hatay,İskenderun,36.47368683565411,36.05519234519519
Hatay,Kırıkhan,36.49365230933255,36.40729317118653
Hatay,Kumlu,36.34933386810197,36.54898577987408
Hatay,Merkez,36.24125769712964,36.136416775852645
Hatay,Reyhanlı,36.26471058756778,36.476622426828754
Hatay,Samandağ,36.17747158776889,35.953866701866424
Hatay,Yayladağı,35.93607206824389,36.08127499398871
Iğdır,Aralık,39.81909803789586,44.45019438381413
Iğdır,Karakoyunlu,40.004531962289164,44.24665510497954
Iğdır,Merkez,39.861036652191466,44.03699765698201
Iğdır,Tuzluca,39.9899571445607,43.5646862523151
Isparta,Aksu,37.71958423413392,31.22850716642059
Isparta,Atabey,37.95374904227972,30.61521940737025
Isparta,Eğirdir,37.82205114130962,30.91082815075846
Isparta,Gelendost,38.07833468362622,31.054916897244574
Isparta,Gönen,37.945537916034624,30.44781907299732
Isparta,Keçiborlu,37.87842901793429,30.250525092170108
Isparta,Merkez,37.80207146777093,30.601775144646975
Isparta,Şarkikaraağaç,38.058740307391524,31.374744423455674
Isparta,Senirkent,38.12715507056526,30.67740919674908
Isparta,Sütçüler,37.516368465260534,31.084157244337096
Isparta,Uluborlu,38.08199843581524,30.47692246009521
Isparta,Yalvaç,38.29591231571657,31.097060581917326
Isparta,Yenişarbademli,37.80004196343562,31.364197813179263
Istanbul,Adalar,40.870840199799005,29.09589199563971
Istanbul,Arnavutkoy,41.22317279987966,28.692440992349574
Istanbul,Atasehir,41.00336548670554,29.117406215912766
Istanbul,Avcılar,41.021664733808755,28.726502530152345
Istanbul,Bağcılar,41.04588412173794,28.838456582007097
Istanbul,Bahçelievler,41.013296627028936,28.83592824502312
Istanbul,Bakırköy,40.98364353516592,28.827035969402267
Istanbul,Basaksehir,41.09465405294947,28.77343939805951
Istanbul,Bayrampaşa,41.05509608673799,28.895123272774008
Istanbul,Beşiktaş,41.07073951360178,29.018757944667957
Istanbul,Beykoz,41.152105583299985,29.2022041944512
Istanbul,Beylikduzu,40.986155998030455,28.64918154538088
Istanbul,Beyoğlu,41.040733141941466,28.966952511595764
Istanbul,Büyükçekmece,41.04887474327648,28.5547952712492
Istanbul,Çatalca,41.303680786419086,28.403950627033687
Istanbul,Çekmekoy,41.08152979037292,29.278654285926937
Istanbul,Esenler,41.064986635032284,28.867542858845773
Istanbul,Esenyurt,41.04567353283205,28.67143399099698
Istanbul,Eyüp,41.19085996166908,28.89908925594364
Istanbul,Fatih,41.01406336197062,28.941286725740135
Istanbul,Gaziosmanpaşa,41.07521172730295,28.90479607199568
Istanbul,Güngören,41.02401986029414,28.874405665972372
Istanbul,Kadıköy,40.99514327048232,29.0487947318557
Istanbul,Kağıthane,41.08529370921891,28.969511875681288
Istanbul,Kartal,40.93256571728403,29.17954287028946
Istanbul,Küçükçekmece,41.029751786033096,28.779733067186466
Istanbul,Maltepe,40.96717477627857,29.137476253659297
Istanbul,Pendik,40.970641870947084,29.32430391148227
Istanbul,Sancaktepe,41.023229585430045,29.24680873364361
Istanbul,Sarıyer,41.1918629624813,29.027881280850682
Istanbul,Şile,41.1071150031493,29.581913800310474
Istanbul,Silivri,41.16277749487677,28.26095576819644
Istanbul,Şişli,41.10578926660864,28.988598793102064
Istanbul,Sultanbeyli,40.982527371781714,29.256979074047102
Istanbul,Sultangazi,41.11716969056438,28.880871033192278
Istanbul,Tuzla,40.9199190412752,29.34862551544422
Istanbul,Ümraniye,41.037285834365676,29.123291376221548
Istanbul,Üsküdar,41.04382254154166,29.056958353129833
Istanbul,Zeytinburnu,41.00642581236035,28.899326167797426
Izmir,Aliağa,38.80984645537967,27.0366243323014
Izmir,Balçova,38.38425724016951,27.06149863200663
Izmir,Bayındır,38.26169206311682,27.650937876039823
Izmir,Bergama,39.17315026306584,27.190280508803692
Izmir,Beydağ,38.08007767245198,28.230194250830934
Izmir,Bornova,38.485143757967315,27.261047357052266
Izmir,Buca,38.34707608465182,27.260325161790636
Izmir,Çeşme,38.28010311355429,26.379489247397444
Izmir,Çiğli,38.486650496230666,26.99132528919394
Izmir,Dikili,39.06938533634467,26.907662798468042
Izmir,Foça,38.68366951144227,26.83164010258421
Izmir,Gaziemir,38.318739444378345,27.150788156781367
Izmir,Güzelbahçe,38.333506743031485,26.89707340663368
Izmir,Karaburun,38.554937233660304,26.47724517819197
Izmir,Karşıyaka,38.49771662354196,27.127157893379895
Izmir,Kemalpaşa,38.422561395690074,27.486768909352
Izmir,Kınık,39.060858645640046,27.369724603612266
Izmir,Kiraz,38.20993273150171,28.314340876911736
Izmir,Konak,38.384473643877186,27.130677990594947
Izmir,Menderes,38.15616779636554,27.11301236225148
Izmir,Menemen,38.63050696319171,27.065105117551457
Izmir,Narlıdere,38.366242949954476,27.000088042200314
Izmir,Ödemiş,38.21616808631224,27.985920019960016
Izmir,Seferihisar,38.17087635037506,26.875362993764405
Izmir,Selçuk,37.96023968098233,27.357522865184666
Izmir,Tire,38.064870398198636,27.69794212876306
Izmir,Torbalı,38.18078158026846,27.35728581417505
Izmir,Urla,38.305129994547244,26.628831322169063
K. Maras,Afşin,38.39502181678711,36.86916151565376
K. Maras,Andırın,37.601448239993914,36.410449783125216
K. Maras,Çağlayancerit,37.73564987333556,37.27938712946656
K. Maras,Ekinözü,38.01214733018902,37.10210282089438
K. Maras,Elbistan,38.290124742715975,37.36584503436358
K. Maras,Göksun,38.09481454692206,36.61979168350132
K. Maras,Merkez,37.663446446223325,36.847968986621595
K. Maras,Nurhak,37.928518271182476,37.39155216744869
K. Maras,Pazarcık,37.457507003529535,37.30149729062399
K. Maras,Türkoğlu,37.37613537699893,36.78514751468361
Karabük,Eflani,41.417562152581944,32.901875855141505
Karabük,Eskipazar,40.96750057723487,32.520815995349075
Karabük,Merkez,41.11644535700007,32.54151572491861
Karabük,Ovacık,41.083980391464806,32.91549842350588
Karabük,Safranbolu,41.291671614529974,32.708259566328955
Karabük,Yenice,41.12443053602763,32.23257393496578
Karaman,Ayrancı,37.29748360435355,33.714947105302535
Karaman,Başyayla,36.710817393365346,32.71356906949194
Karaman,Ermenek,36.6047431893838,32.8891579394211
Karaman,Kazımkarabekir,37.07092534017522,32.792583879808724
Karaman,Merkez,37.13511034870772,33.17993087230495
Karaman,Sarıveliler,36.650539131478084,32.57587805318054
Kars,Akyaka,40.84302254538761,43.62180045229728
Kars,Arpaçay,40.96470193254656,43.35864185008969
Kars,Digor,40.40381560687182,43.4557782026965
Kars,Kağızman,40.18341220192082,43.11255528603342
Kars,Merkez,40.622435773810025,43.26038325865019
Kars,Sarıkamış,40.19680465045524,42.5622000060736
Kars,Selim,40.501653222856156,42.77289360363134
Kars,Susuz,40.834153565226785,43.0522554373577
Kastamonu,Abana,41.95182748333961,33.98623153859628
Kastamonu,Ağlı,41.675876020872366,33.55078237488371
Kastamonu,Araç,41.194805355516095,33.285543390515365
Kastamonu,Azdavay,41.71397896056427,33.33726627946292
Kastamonu,Bozkurt,41.87419739065382,33.95704133708591
Kastamonu,Çatalzeytin,41.85386828106279,34.144230824299875
Kastamonu,Cide,41.82858910874938,32.98224052250757
Kastamonu,Daday,41.4702747290469,33.3234094741664
Kastamonu,Devrekani,41.66486687461592,33.90800868299882
Kastamonu,Doğanyurt,41.9471924980133,33.41351062821061
Kastamonu,Hanönü,41.64965200515454,34.440398344150665
Kastamonu,İhsangazi,41.18031064916876,33.64330541856923
Kastamonu,İnebolu,41.91298834206647,33.71829021256155
Kastamonu,Küre,41.799941459565694,33.66256395700428
Kastamonu,Merkez,41.31151494459038,33.859158039636974
Kastamonu,Pınarbası,41.635977567222945,33.00607773052715
Kastamonu,Şenpazar,41.81584733949298,33.202466193132814
Kastamonu,Seydiler,41.61465876724663,33.68441354008949
Kastamonu,Taşköprü,41.466813350042585,34.217867658873026
Kastamonu,Tosya,40.999952237588765,34.057429339221834
Kayseri,Akkışla,39.02101655593809,36.18818206901898
Kayseri,Bünyan,38.836125348556855,35.908011422283806
Kayseri,Develi,38.34155780038354,35.67977561338044
Kayseri,Felahiye,39.07515952405515,35.492419036519415
Kayseri,Hacılar,38.68805138410284,35.408237795817875
Kayseri,İncesu,38.68818288046348,35.21346174195317
Kayseri,Kocasinan,38.903984951106914,35.38692989423443
Kayseri,Melikgazi,38.73986797145639,35.4628611173308
Kayseri,Özvatan,39.17704181576203,35.72907104068133
Kayseri,Pınarbaşı,38.88360341490513,36.49520831901496
Kayseri,Sarıoğlan,39.108292754697054,35.906872816256964
Kayseri,Sarız,38.55438985249052,36.53860965614989
Kayseri,Talas,38.67658400695092,35.64836255811835
Kayseri,Tomarza,38.50005173368307,35.94598679412606
Kayseri,Yahyalı,38.13542303708428,35.464857253146825
Kayseri,Yeşilhisar,38.425474014151625,35.134583423333886
Kilis,Elbeyli,36.70656393961672,37.41855746501786
Kilis,Merkez,36.738730163316994,37.15574732437857
Kilis,Musabeyli,36.90707259418199,37.012327554874275
Kilis,Polateli,36.84004315450963,37.16552577132454
Kinkkale,Bahşılı,39.52007963732624,33.36030063208494
Kinkkale,Balışeyh,39.88863270010308,33.73086506032924
Kinkkale,Çelebi,39.30544537902712,33.46108592745908
Kinkkale,Delice,39.992474158765305,33.99996060680521
Kinkkale,Karakeçili,39.39222741353078,33.3406152393033
Kinkkale,Keskin,39.5860255047836,33.69578909155509
Kinkkale,Merkez,39.67372996803031,33.528296800201964
Kinkkale,Sulakyurt,40.14055730814778,33.7702916314762
Kinkkale,Yahşihan,39.71111747157372,33.407742318472074
Kirklareli,Babaeski,41.4891757023664,27.11704832313898
Kirklareli,Demirköy,41.858903144431174,27.813727934139447
Kirklareli,Kofçaz,42.00959251408447,27.152962384957853
Kirklareli,Lüleburgaz,41.408734253327836,27.44797403061313
Kirklareli,Merkez,41.79679164619043,27.24409889272693
Kirklareli,Pehlivanköy,41.38203876352067,26.9547054686771
Kirklareli,Pınarhisar,41.636847569310774,27.548721332237697
Kirklareli,Vize,41.621980429682715,27.864879549390896
Kirsehir,Akçakent,39.658011295846876,34.07340287001202
Kirsehir,Akpınar,39.469317629716926,33.97461834759443
Kirsehir,Boztepe,39.35482538239514,34.41616640625469
Kirsehir,Çiçekdağı,39.58560528717742,34.38960608600167
Kirsehir,Kaman,39.2740813827992,33.783678531692594
Kirsehir,Merkez,39.14276997215997,34.151790560061265
Kirsehir,Mucur,39.12749158770858,34.47687633199949
Kocaeli,Derince,40.92600433466427,29.872957132492918
Kocaeli,Gebze,40.892828128045956,29.515156327598778
Kocaeli,Gölcük,40.66098435326528,29.787858646313175
Kocaeli,Kandıra,41.03665775752437,30.140092299546495
Kocaeli,Karamürsel,40.63211886278607,29.555430423265953
Kocaeli,Körfez,40.90041555918955,29.730606295701126
Kocaeli,Merkez,40.77605737856626,30.045464850878933
Konya,Ahırlı,37.23831890824377,32.083100411080174
Konya,Akören,37.411556698888134,32.33093449278149
Konya,Akşehir,38.34847070999706,31.480696777778707
Konya,Altınekin,38.2799675304721,32.90091978625551
Konya,Beyşehir,37.688985068127764,31.685684457583136
Konya,Bozkır,37.148767608002,32.34499113718936
Konya,Çeltik,39.01507920448279,31.90400523018877
Konya,Cihanbeyli,38.68253065488768,32.918607177383706
Konya,Çumra,37.48230572250795,32.76686116715732
Konya,Derbent,37.97709786720253,32.06683773688085
Konya,Derebucak,37.397430403771104,31.51839217373538
Konya,Doğanhisar,38.11808182319965,31.669181782290753
Konya,Emirgazi,37.89559389867141,33.887236856925576
Konya,Ereğli,37.6128726817497,34.100274073132965
Konya,Güneysınır,37.262233362587004,32.73956402992996
Konya,Hadım,36.95720628842321,32.46229990016329
Konya,Halkapınar,37.32917479360458,34.26514075535089
Konya,Hüyük,37.913990516495865,31.592019338962547
Konya,Ilgın,38.22752452189029,31.938845120069576
Konya,Kadınhanı,38.35367404500432,32.23500259201729
Konya,Karapınar,37.67785755469574,33.443256217669926
Konya,Karatay,37.881286516808686,32.99467643107432
Konya,Kulu,39.01796694643443,33.10920081993712
Konya,Meram,37.69899989029624,32.25729975466512
Konya,Sarayönü,38.37737470486467,32.45987588098039
Konya,Selçuklu,38.01834468476292,32.56531521025059
Konya,Seydişehir,37.45269788090661,31.912295349691483
Konya,Taşkent,36.84685829698951,32.5470541623155
Konya,Tuzlukçu,38.48928912748504,31.68455028302206
Konya,Yalıhüyük,37.282557404956954,32.0482470532628
Konya,Yunak,38.76669278015189,32.076160994819176
Kütahya,Altıntaş,39.01348945332598,29.999869297558956
Kütahya,Aslanapa,39.180232673157924,29.785952141559157
Kütahya,Çavdarhisar,39.16429472320813,29.592592327700935
Kütahya,Domaniç,39.81556528903673,29.544204456914937
Kütahya,Dumlupınar,38.83111820887628,29.991126615495254
Kütahya,Emet,39.32469872113378,29.330828104163977
Kütahya,Gediz,38.950282207396214,29.3950878892225
Kütahya,Hisarcık,39.200596723493966,29.180616207334175
Kütahya,Merkez,39.41431914168413,30.058179936765583
Kütahya,Pazarlar,38.930833018732564,29.070723006718197
Kütahya,Şaphane,38.94075098054272,29.15393100459662
Kütahya,Simav,39.20476557325831,28.930882658768187
Kütahya,Tavşanlı,39.563194529869726,29.447977252977708
Malatya,Akçadağ,38.35524229056682,37.93119431747869
Malatya,Arapkir,38.96181195935843,38.48807456296204
Malatya,Arguvan,38.84986408530041,38.2857051146808
Malatya,Battalgazi,38.420846230359935,38.46679162949347
Malatya,Darende,38.57286880461476,37.5382087613363
Malatya,Doğanşehir,38.004506787240615,37.893164596364
Malatya,Doğanyol,38.26085968126248,39.032141934884486
Malatya,Hekimhan,38.78035248926875,37.95128721123495
Malatya,Kale,38.34974907243714,38.767691232712565
Malatya,Kuluncak,38.86313755806931,37.68729950346901
Malatya,Merkez,38.3184971952432,38.44440313253644
Malatya,Pötürge,38.1843652278076,38.83577327257186
Malatya,Yazıhan,38.561741391766574,38.193982780925616
Malatya,Yeşilyurt,38.21792874055504,38.175075442753474
Manisa,Ahmetli,38.524368686810256,27.911618670120983
Manisa,Akhisar,38.96036564707824,27.88654442339508
Manisa,Alaşehir,38.32673241395126,28.538968128757695
Manisa,Demirci,38.93423047348449,28.660218026866648
Manisa,Gölmarmara,38.69794540632812,27.98171618266756
Manisa,Gördes,38.93364467673309,28.285064979391432
Manisa,Kırkağaç,39.180883827606124,27.79327336795698
Manisa,Köprübaşı,38.73699562193105,28.352091940616507
Manisa,Kula,38.54330420006076,28.66972729961144
Manisa,Merkez,38.71060284103788,27.40009429364583
Manisa,Salihli,38.54121156209489,28.206730719712525
Manisa,Sarıgöl,38.22687803124673,28.764900254208925
Manisa,Saruhanlı,38.78219029813072,27.635533750654687
Manisa,Selendi,38.762969428396154,28.85793820035384
Manisa,Soma,39.23535062803184,27.590108834159917
Manisa,Turgutlu,38.49454075013268,27.772654140700567
Mardin,Dargeçit,37.59892431523612,41.787857806758794
Mardin,Derik,37.34625906041294,40.17238488492183
Mardin,Kızıltepe,37.14421679204911,40.498084187463974
Mardin,Mazıdağı,37.498282302026446,40.42914052522698
Mardin,Merkez,37.28546789729628,40.91295750834781
Mardin,Midyat,37.43933841392414,41.46039500586316
Mardin,Nusaybin,37.2142241261676,41.497901602015574
Mardin,Ömerli,37.404682448870716,41.085700460278765
Mardin,Savur,37.62015056096718,40.84575577755323
Mardin,Yeşilli,37.40003393683931,40.90782057130607
Mersin,Anamur,36.25212330657917,32.7938936555715
Mersin,Aydıncık,36.21515182520446,33.30417106119087
Mersin,Bozyazı,36.21449129407862,33.05500382055722
Mersin,Çamlıyayla,37.16286333664461,34.56423315043107
Mersin,Erdemli,36.82097454787196,34.103664429792346
Mersin,Gülnar,36.35867141263686,33.35835893875683
Mersin,Merkez,36.959120808114974,34.426262992314086
Mersin,Mut,36.71847838339097,33.39806491811672
Mersin,Silifke,36.5823700740844,33.81624708981756
Mersin,Tarsus,37.05973893131646,34.81905843349686
Mugla,Bodrum,37.058254943713486,27.488792876906977
Mugla,Dalaman,36.84324447726233,28.944802880130904
Mugla,Datça,36.74167091298765,27.679896518349743
Mugla,Fethiye,36.711272275022594,29.32294560257271
Mugla,Kavaklıdere,37.473031005591864,28.35724963915983
Mugla,Köyceğiz,36.99849654723355,28.726183825323837
Mugla,Marmaris,36.81415331005424,28.187309554082166
Mugla,Merkez,37.22794935067296,28.437919159017532
Mugla,Milas,37.28438891645066,27.731959788039855
Mugla,Ortaca,36.78387375955048,28.70036755283864
Mugla,Ula,37.07318447056209,28.450613734854347
Mugla,Yatağan,37.35391340329978,28.126101751686445
Mus,Bulanık,39.07172371311799,42.19975746875146
Mus,Hasköy,38.670405076211416,41.85750068830133
Mus,Korkut,38.81947823534126,41.948815172293536
Mus,Malazgirt,39.210883868372136,42.505286479747774
Mus,Merkez,38.848864699962455,41.54248649743613
Mus,Varto,39.19038117011303,41.48454601706278
Nevsehir,Acıgöl,38.541768049548125,34.49634744824882
Nevsehir,Avanos,38.93468155878,34.87396028557973
Nevsehir,Derinkuyu,38.43244246616864,34.75116566588555
Nevsehir,Gülşehir,38.762159060978796,34.46834194744593
Nevsehir,Hacıbektaş,39.01078281205235,34.652287120787754
Nevsehir,Kozaklı,39.283024368076866,34.77845703304824
Nevsehir,Merkez,38.61920133473421,34.72063294290639
Nevsehir,Ürgüp,38.633439157785176,34.94941317984889
Nigde,Altunhisar,38.058824828431945,34.35938340716272
Nigde,Bor,37.8558641745533,34.566635493106155
Nigde,Çamardı,37.97380558292353,35.107384608476146
Nigde,Çiftlik,38.28881585097615,34.48722027727221
Nigde,Merkez,38.16510290174786,34.81151311059958
Nigde,Ulukışla,37.56177279359066,34.6464955695093
Ordu,Akkuş,40.81664535166597,36.98346289530018
Ordu,Aybastı,40.65476070261048,37.44529381980585
Ordu,Çamaş,40.883262975684154,37.55283054843706
Ordu,Çaybaşı,40.97452990588806,37.04444376790641
Ordu,Fatsa,40.96791883549378,37.532272581498496
Ordu,Gölköy,40.67646914367819,37.6594423863165
Ordu,Gülyalı,40.93277742058096,38.05069604369467
Ordu,Gürgentepe,40.81578965925254,37.604505222541505
Ordu,İkizce,41.0490350817516,37.066818540184705
Ordu,Kabadüz,40.72532424313874,37.98332470341959
Ordu,Kabataş,40.78862001970443,37.48447494597251
Ordu,Korgan,40.7794622768025,37.36957541176251
Ordu,Kumru,40.83618003785275,37.27488190564304
Ordu,Merkez,40.9191066875618,37.8868144809844
Ordu,Mesudiye,40.51999568707511,37.86182981612889
Ordu,Perşembe,41.03273746981066,37.724843984109505
Ordu,Ulubey,40.82093963342631,37.777923817452894
Ordu,Ünye,41.02634864227907,37.27054967737633
Osmaniye,Bahçe,37.239839503104065,36.60046325639051
Osmaniye,Düziçi,37.28654132024345,36.43251423726141
Osmaniye,Hasanbeyli,37.14032481257178,36.51093136662881
Osmaniye,Kadirli,37.3551504929279,36.12098466181666
Osmaniye,Merkez,37.05551763654233,36.348905195179164
Osmaniye,Sumbas,37.42870364047124,36.01035273738327
Osmaniye,Toprakkale,37.12934916780117,36.160929865616204
Rize,Ardeşen,41.03269916020601,41.12437343473351
Rize,Çamlıhemşin,40.88486827195794,40.97096307968468
Rize,Çayeli,40.95082456597754,40.76421443475466
Rize,Derepazarı,41.006538741709605,40.44962918337612
Rize,Fındıklı,41.1561630903633,41.23699064852412
Rize,Güneysu,40.94743863853946,40.641803406698344
Rize,Hemşin,41.000814126956755,40.86974401737566
Rize,İkizdere,40.70986896964304,40.6432959422176
Rize,İyidere,40.992305244610776,40.3948861809386
Rize,Kalkandere,40.91725459142249,40.48595569515576
Rize,Merkez,40.94759873398601,40.59072291408524
Rize,Pazar,41.138655638913264,40.86774455782292
Sakarya,Akyazı,40.642213275364355,30.75022877366203
Sakarya,Ferizli,40.987122977609474,30.543968884116474
Sakarya,Geyve,40.50950100011149,30.320781139157706
Sakarya,Hendek,40.80408160828496,30.77690279853078
Sakarya,Karapürçek,40.631471591484285,30.5765192433276
Sakarya,Karasu,41.03826894855067,30.67113438083818
Sakarya,Kaynarca,41.041056133466,30.402083202534122
Sakarya,Kocaali,40.98274115313361,30.907510553991465
Sakarya,Merkez,40.799442787474284,30.443355337869516
Sakarya,Pamukova,40.5501814620833,30.122145506931325
Sakarya,Sapanca,40.69096467067413,30.343657807553264
Sakarya,Söğütlü,40.899201235359946,30.525820527258652
Sakarya,Taraklı,40.44273966729181,30.5463304426355
Samsun,Alaçam,41.496867540926736,35.57352227439552
Samsun,Asarcik,41.002391334959775,36.33018702699551
Samsun,Ayvacık,40.9527212391134,36.55084738048287
Samsun,Bafra,41.45843073997171,35.84297774096366
Samsun,Çarşamba,41.2070958419634,36.672064951083456
Samsun,Havza,41.065262611485664,35.73688768237795
Samsun,Kavak,41.094444801657055,36.041206848943474
Samsun,Ladik,40.92042159336108,35.97519642033695
Samsun,Merkez,41.24089170573669,36.21798746447706
Samsun,Ondokuz Mayıs,41.4631779767352,36.04916861563674
Samsun,Salıpazarı,40.9953588443449,36.806157247216134
Samsun,Tekkeköy,41.13422643428089,36.46762736269903
Samsun,Terme,41.18337382730494,36.941778072504675
Samsun,Vezirköprü,41.18413486127703,35.305996892155704
Samsun,Yakakent,41.60824045476733,35.523491298421156
Sanliurfa,Akçakale,36.790033300138894,38.80467899865793
Sanliurfa,Birecik,37.04569855558855,38.09083006077833
Sanliurfa,Bozova,37.328797707188535,38.43191234368574
Sanliurfa,Ceylanpınar,36.906633591221414,39.75490125007113
Sanliurfa,Halfeti,37.25950810941028,37.9998594598859
Sanliurfa,Harran,36.795807691750085,39.177680960933685
Sanliurfa,Hilvan,37.52538488874076,38.95811234262418
Sanliurfa,Merkez,37.124045158012194,38.948143456860734
Sanliurfa,Siverek,37.657249449750985,39.40951406817269
Sanliurfa,Suruç,36.970970130015075,38.35611810684249
Sanliurfa,Viranşehir,37.22598038446956,39.76067579023548
Siirt,Aydınlar,37.971041411337815,42.05993917811039
Siirt,Baykan,38.09533418499797,41.81168091576177
Siirt,Eruh,37.813573704472475,42.146646286456914
Siirt,Kurtalan,37.912415074242716,41.66608756775532
Siirt,Merkez,37.95314949294181,41.906425386809246
Siirt,Pervari,37.94292607473897,42.67847416263853
Siirt,Şirvan,38.08320930148758,42.23427877903502
Sinop,Ayancık,41.81897416573053,34.59876652549404
Sinop,Boyabat,41.49219566299466,34.71507809707048
Sinop,Dikmen,41.58561147420242,35.307410891009795
Sinop,Durağan,41.41766675487269,35.1769408114179
Sinop,Erfelek,41.86881086024816,34.864554176861795
Sinop,Gerze,41.72286324584045,35.084139077264844
Sinop,Merkez,41.91724935642361,35.00089746742351
Sinop,Saraydüzü,41.2869775809569,34.80056066694124
Sinop,Türkeli,41.862139690479374,34.32525598115441
Sirnak,Beytüşşebap,37.59228469650045,43.17569501385973
Sirnak,Cizre,37.2959590489286,42.35826345520993
Sirnak,Güçlükonak,37.579315082337004,42.05518755042234
Sirnak,İdil,37.346454559672786,41.964174846968895
Sirnak,Merkez,37.61767973021793,42.550815050258194
Sirnak,Silopi,37.29046472836663,42.59482106422996
Sirnak,Uludere,37.40702167712986,43.04430397624668
Sivas,Akıncılar,40.04477860875657,38.35127803297435
Sivas,Altınyayla,39.27523027806882,36.8053801315461
Sivas,Divriği,39.36550802214359,38.091915675771
Sivas,Doğanşar,40.1961643475479,37.5449438025214
Sivas,Gemerek,39.28277031858797,36.091031319523644
Sivas,Gölova,40.0257673720079,38.61329440564738
Sivas,Gürün,38.80893685015967,37.177812289097695
Sivas,Hafik,39.90546941567713,37.372434687369385
Sivas,İmranlı,39.81527046789713,38.21103747302748
Sivas,Kangal,39.2143187845931,37.41303147566127
Sivas,Koyulhisar,40.2896172866798,37.85805570825536
Sivas,Merkez,39.68938257185719,36.96957371599611
Sivas,Şarkışla,39.41346687030597,36.39522144169571
Sivas,Suşehri,40.16365948730641,38.128824547479375
Sivas,Ulaş,39.45697465047859,37.06599526246618
Sivas,Yıldızeli,39.87268604255335,36.52906277251842
Sivas,Zara,39.821508943715465,37.78094888198774
Tekirdag,Çerkezköy,41.36218859443755,28.063663197507598
Tekirdag,Çorlu,41.21219448090689,27.85810225926478
Tekirdag,Hayrabolu,41.20405917197809,27.136302833723487
Tekirdag,Malkara,40.923212216627086,26.947942251955048
Tekirdag,Marmaraereğlisi,41.058757389829644,27.982553588756865
Tekirdag,Merkez,41.00866971540696,27.414647875611895
Tekirdag,Muratlı,41.188351554094844,27.579974191114005
Tekirdag,Saray,41.46558826530275,27.947242499225162
Tekirdag,Şarköy,40.729538934469396,27.193411210061175
Tokat,Almus,40.27481433656717,37.06789263971137
Tokat,Artova,40.115206290110336,36.28197217038276
Tokat,Başçiftlik,40.50646221196587,37.11532408971276
Tokat,Erbaa,40.69138733328746,36.61251741627739
Tokat,Merkez,40.270807664858125,36.598993839067965
Tokat,Niksar,40.57753055971593,36.98339967670604
Tokat,Pazar,40.223521091603864,36.283887926155124
Tokat,Reşadiye,40.43395277804408,37.37462951043714
Tokat,Sulusaray,40.00629010350588,36.084102534829746
Tokat,Turhal,40.39494195525026,36.16335278576464
Tokat,Yeşilyurt,40.00757327498269,36.306220944164416
Tokat,Zile,40.2109502334832,35.84399950101877
Trabzon,Akçaabat,40.966195136572736,39.49661995964536
Trabzon,Araklı,40.74171110235967,39.95122285423503
Trabzon,Arsin,40.8486752685711,39.90652016003077
Trabzon,Beşikdüzü,41.014112582188076,39.1956108663592
Trabzon,Çarşıbaşı,41.03850031601526,39.367979721588995
Trabzon,Çaykara,40.62351543462516,40.28682732210406
Trabzon,Dernekpazarı,40.807912458293366,40.27548461371839
Trabzon,Düzköy,40.8657974292224,39.39948923980311
Trabzon,Hayrat,40.784123755248004,40.423689832339434
Trabzon,Köprübaşı,40.7158219370651,40.12030560565853
Trabzon,Maçka,40.726290757923685,39.55884940280271
Trabzon,Merkez,40.94597633192017,39.69589262032642
Trabzon,Of,40.904219752496886,40.294580409474385
Trabzon,Şalpazarı,40.88077003784214,39.15462296839721
Trabzon,Sürmene,40.8144249036688,40.082641719968436
Trabzon,Tonya,40.839091549378075,39.256816758407936
Trabzon,Vakfıkebir,40.97671094012157,39.30445133493634
Trabzon,Yomra,40.848136708041324,39.81373058297265
Tunceli,Çemişgezek,39.048009123310464,38.90555832125201
Tunceli,Hozat,39.12936295978324,39.23939469743994
Tunceli,Mazgirt,38.95243127976648,39.74107010571065
Tunceli,Merkez,39.151414275104976,39.63025780890647
Tunceli,Nazımiye,39.21886483826024,39.921955564456
Tunceli,Ovacık,39.34689087275989,39.2921811567408
Tunceli,Pertek,38.9008410900956,39.36346813439545
Tunceli,Pülümür,39.438048107680814,40.08199182734104
Usak,Banaz,38.733687667706455,29.713880704739513
Usak,Eşme,38.4411749460799,29.012974622462334
Usak,Karahallı,38.31152423181298,29.525127838065846
Usak,Merkez,38.649092115676396,29.34376958141318
Usak,Sivaslı,38.48799961769668,29.624295890838166
Usak,Ulubey,38.38043913282015,29.293208005827292
Van,Bahçesaray,38.09510137417775,42.96506096094262
Van,Başkale,37.95982259135484,44.21001881964643
Van,Çaldıran,39.13011626486243,43.978134495690796
Van,Çatak,37.97529280165084,43.26130436034989
Van,Edremit,38.466876390161154,43.22500307906965
Van,Erciş,39.13343613019066,43.33708183582761
Van,Gevaş,38.331177010572,42.99105257105601
Van,Gürpınar,38.11149940676165,43.748478445777586
Van,Merkez,38.676111252705994,43.45588160723279
Van,Muradiye,39.01162291009511,43.71752063451966
Van,Özalp,38.70682275338305,44.0456421984975
Van,Saray,38.45511988739085,44.251931888228974
Yalova,Altınova,40.62420967182785,29.40970192173894
Yalova,Armutlu,40.52696566897169,28.92275768097515
Yalova,Çiftlikköy,40.638077629343314,29.356294223859393
Yalova,Çınarcık,40.604363693473275,29.049153507375323
Yalova,Merkez,40.60529674036217,29.246105917288247
Yalova,Termal,40.604805223494324,29.157469424105688
Yozgat,Akdağmadeni,39.70386099009415,35.839719741872095
Yozgat,Aydıncık,40.139109955858125,35.288987028534024
Yozgat,Boğazlıyan,39.23725292914053,35.22889398859961
Yozgat,Çandır,39.27233794453658,35.500141226144954
Yozgat,Çayıralan,39.39208700502545,35.717235597252774
Yozgat,Çekerek,40.014242944324955,35.509786398312436
Yozgat,Kadışehri,39.98410959325272,35.820640566637564
Yozgat,Merkez,39.82213228385357,34.81940564730009
Yozgat,Saraykent,39.792308774678254,35.585433071655814
Yozgat,Sarıkaya,39.51404415930692,35.411769912765855
Yozgat,Şefaatli,39.53077616504328,34.78625158290032
Yozgat,Sorgun,39.80444376008891,35.2467275508859
Yozgat,Yenifakılı,39.27331500844337,34.99641529910032
Yozgat,Yerköy,39.78409936260028,34.3961335021386
Zinguldak,Alaplı,41.13385037039894,31.425911286625745
Zinguldak,Çaycuma,41.40593839027443,32.089097580424834
Zinguldak,Devrek,41.144889510910446,31.94052424619496
Zinguldak,Ereğli,41.21259758651194,31.605761144531378
Zinguldak,Gökçebey,41.26979550478919,32.191916297816206
Zinguldak,Merkez,41.38700981776457,31.863191541241978
